"Notes","Disease","Disease Code","Year","Year Code","Race/Ethnicity","Race/Ethnicity Code","Sex","Sex Code","Age","Age Code",STD Cases,Population,Rate
,"Chlamydia","274","1996","1996","Black or African American","2054-5","Female","F","0-14 years","0-14",4571,4347166,105.15
,"Chlamydia","274","1996","1996","Black or African American","2054-5","Female","F","15-19 years","15-19",55705,1361809,4090.51
,"Chlamydia","274","1996","1996","Black or African American","2054-5","Female","F","20-24 years","20-24",36920,1254149,2943.83
,"Chlamydia","274","1996","1996","Black or African American","2054-5","Female","F","25-29 years","25-29",12746,1312237,971.32
,"Chlamydia","274","1996","1996","Black or African American","2054-5","Female","F","30-34 years","30-34",4634,1420597,326.20
,"Chlamydia","274","1996","1996","Black or African American","2054-5","Female","F","35-39 years","35-39",2163,1433542,150.88
,"Chlamydia","274","1996","1996","Black or African American","2054-5","Female","F","40+ years","40+",1470,5829125,25.22
,"Chlamydia","274","1996","1996","Black or African American","2054-5","Female","F","Unknown","99",1523,Not Applicable,Not Applicable
,"Chlamydia","274","1996","1996","Black or African American","2054-5","Male","M","0-14 years","0-14",389,4468201,8.71
,"Chlamydia","274","1996","1996","Black or African American","2054-5","Male","M","15-19 years","15-19",8422,1388171,606.70
,"Chlamydia","274","1996","1996","Black or African American","2054-5","Male","M","20-24 years","20-24",9881,1191417,829.35
,"Chlamydia","274","1996","1996","Black or African American","2054-5","Male","M","25-29 years","25-29",4803,1177142,408.02
,"Chlamydia","274","1996","1996","Black or African American","2054-5","Male","M","30-34 years","30-34",2333,1256244,185.71
,"Chlamydia","274","1996","1996","Black or African American","2054-5","Male","M","35-39 years","35-39",1158,1255806,92.21
,"Chlamydia","274","1996","1996","Black or African American","2054-5","Male","M","40+ years","40+",1072,4502932,23.81
,"Chlamydia","274","1996","1996","Black or African American","2054-5","Male","M","Unknown","99",551,Not Applicable,Not Applicable
,"Chlamydia","274","1996","1996","Hispanic","Hispanic","Female","F","0-14 years","0-14",1325,4246529,31.20
,"Chlamydia","274","1996","1996","Hispanic","Hispanic","Female","F","15-19 years","15-19",17714,1231366,1438.56
,"Chlamydia","274","1996","1996","Hispanic","Hispanic","Female","F","20-24 years","20-24",15806,1233537,1281.36
,"Chlamydia","274","1996","1996","Hispanic","Hispanic","Female","F","25-29 years","25-29",7052,1291760,545.92
,"Chlamydia","274","1996","1996","Hispanic","Hispanic","Female","F","30-34 years","30-34",2905,1284364,226.18
,"Chlamydia","274","1996","1996","Hispanic","Hispanic","Female","F","35-39 years","35-39",1161,1109077,104.68
,"Chlamydia","274","1996","1996","Hispanic","Hispanic","Female","F","40+ years","40+",782,3696451,21.16
,"Chlamydia","274","1996","1996","Hispanic","Hispanic","Female","F","Unknown","99",687,Not Applicable,Not Applicable
,"Chlamydia","274","1996","1996","Hispanic","Hispanic","Male","M","0-14 years","0-14",163,4438461,3.67
,"Chlamydia","274","1996","1996","Hispanic","Hispanic","Male","M","15-19 years","15-19",2546,1378375,184.71
,"Chlamydia","274","1996","1996","Hispanic","Hispanic","Male","M","20-24 years","20-24",3416,1442103,236.88
,"Chlamydia","274","1996","1996","Hispanic","Hispanic","Male","M","25-29 years","25-29",1717,1528680,112.32
,"Chlamydia","274","1996","1996","Hispanic","Hispanic","Male","M","30-34 years","30-34",785,1451077,54.10
,"Chlamydia","274","1996","1996","Hispanic","Hispanic","Male","M","35-39 years","35-39",340,1193909,28.48
,"Chlamydia","274","1996","1996","Hispanic","Hispanic","Male","M","40+ years","40+",295,3343289,8.82
,"Chlamydia","274","1996","1996","Hispanic","Hispanic","Male","M","Unknown","99",226,Not Applicable,Not Applicable
,"Chlamydia","274","1996","1996","White","2106-3","Female","F","0-14 years","0-14",2612,17597763,14.84
,"Chlamydia","274","1996","1996","White","2106-3","Female","F","15-19 years","15-19",41994,5817041,721.91
,"Chlamydia","274","1996","1996","White","2106-3","Female","F","20-24 years","20-24",30188,5488612,550.01
,"Chlamydia","274","1996","1996","White","2106-3","Female","F","25-29 years","25-29",9667,6357706,152.05
,"Chlamydia","274","1996","1996","White","2106-3","Female","F","30-34 years","30-34",3481,7268446,47.89
,"Chlamydia","274","1996","1996","White","2106-3","Female","F","35-39 years","35-39",1685,7903156,21.32
,"Chlamydia","274","1996","1996","White","2106-3","Female","F","40+ years","40+",1303,44644895,2.92
,"Chlamydia","274","1996","1996","White","2106-3","Female","F","Unknown","99",617,Not Applicable,Not Applicable
,"Chlamydia","274","1996","1996","White","2106-3","Male","M","0-14 years","0-14",195,18583175,1.05
,"Chlamydia","274","1996","1996","White","2106-3","Male","M","15-19 years","15-19",3625,6133651,59.10
,"Chlamydia","274","1996","1996","White","2106-3","Male","M","20-24 years","20-24",5421,5648283,95.98
,"Chlamydia","274","1996","1996","White","2106-3","Male","M","25-29 years","25-29",2591,6420681,40.35
,"Chlamydia","274","1996","1996","White","2106-3","Male","M","30-34 years","30-34",1234,7371444,16.74
,"Chlamydia","274","1996","1996","White","2106-3","Male","M","35-39 years","35-39",672,7955029,8.45
,"Chlamydia","274","1996","1996","White","2106-3","Male","M","40+ years","40+",677,38809904,1.74
,"Chlamydia","274","1996","1996","White","2106-3","Male","M","Unknown","99",120,Not Applicable,Not Applicable
,"Chlamydia","274","1997","1997","Black or African American","2054-5","Female","F","0-14 years","0-14",4615,4389985,105.13
,"Chlamydia","274","1997","1997","Black or African American","2054-5","Female","F","15-19 years","15-19",62080,1392494,4458.19
,"Chlamydia","274","1997","1997","Black or African American","2054-5","Female","F","20-24 years","20-24",43387,1256413,3453.24
,"Chlamydia","274","1997","1997","Black or African American","2054-5","Female","F","25-29 years","25-29",14363,1326356,1082.89
,"Chlamydia","274","1997","1997","Black or African American","2054-5","Female","F","30-34 years","30-34",5097,1401180,363.76
,"Chlamydia","274","1997","1997","Black or African American","2054-5","Female","F","35-39 years","35-39",2187,1448504,150.98
,"Chlamydia","274","1997","1997","Black or African American","2054-5","Female","F","40+ years","40+",1529,6024165,25.38
,"Chlamydia","274","1997","1997","Black or African American","2054-5","Female","F","Unknown","99",2511,Not Applicable,Not Applicable
,"Chlamydia","274","1997","1997","Black or African American","2054-5","Male","M","0-14 years","0-14",403,4516449,8.92
,"Chlamydia","274","1997","1997","Black or African American","2054-5","Male","M","15-19 years","15-19",9829,1419600,692.38
,"Chlamydia","274","1997","1997","Black or African American","2054-5","Male","M","20-24 years","20-24",12090,1191831,1014.41
,"Chlamydia","274","1997","1997","Black or African American","2054-5","Male","M","25-29 years","25-29",5769,1192373,483.82
,"Chlamydia","274","1997","1997","Black or African American","2054-5","Male","M","30-34 years","30-34",2779,1242094,223.74
,"Chlamydia","274","1997","1997","Black or African American","2054-5","Male","M","35-39 years","35-39",1424,1271199,112.02
,"Chlamydia","274","1997","1997","Black or African American","2054-5","Male","M","40+ years","40+",1290,4678293,27.57
,"Chlamydia","274","1997","1997","Black or African American","2054-5","Male","M","Unknown","99",950,Not Applicable,Not Applicable
,"Chlamydia","274","1997","1997","Black or African American","2054-5","Unknown","U","15-19 years","15-19",14,Not Applicable,Not Applicable
,"Chlamydia","274","1997","1997","Black or African American","2054-5","Unknown","U","20-24 years","20-24",5,Not Applicable,Not Applicable
,"Chlamydia","274","1997","1997","Black or African American","2054-5","Unknown","U","25-29 years","25-29",2,Not Applicable,Not Applicable
,"Chlamydia","274","1997","1997","Black or African American","2054-5","Unknown","U","30-34 years","30-34",1,Not Applicable,Not Applicable
,"Chlamydia","274","1997","1997","Black or African American","2054-5","Unknown","U","40+ years","40+",2,Not Applicable,Not Applicable
,"Chlamydia","274","1997","1997","Hispanic","Hispanic","Female","F","0-14 years","0-14",1274,4441074,28.69
,"Chlamydia","274","1997","1997","Hispanic","Hispanic","Female","F","15-19 years","15-19",19050,1292663,1473.70
,"Chlamydia","274","1997","1997","Hispanic","Hispanic","Female","F","20-24 years","20-24",17310,1303134,1328.34
,"Chlamydia","274","1997","1997","Hispanic","Hispanic","Female","F","25-29 years","25-29",7527,1344899,559.67
,"Chlamydia","274","1997","1997","Hispanic","Hispanic","Female","F","30-34 years","30-34",3083,1328062,232.14
,"Chlamydia","274","1997","1997","Hispanic","Hispanic","Female","F","35-39 years","35-39",1185,1162111,101.97
,"Chlamydia","274","1997","1997","Hispanic","Hispanic","Female","F","40+ years","40+",833,3892661,21.40
,"Chlamydia","274","1997","1997","Hispanic","Hispanic","Female","F","Unknown","99",1310,Not Applicable,Not Applicable
,"Chlamydia","274","1997","1997","Hispanic","Hispanic","Male","M","0-14 years","0-14",179,4640911,3.86
,"Chlamydia","274","1997","1997","Hispanic","Hispanic","Male","M","15-19 years","15-19",3103,1457132,212.95
,"Chlamydia","274","1997","1997","Hispanic","Hispanic","Male","M","20-24 years","20-24",4084,1529088,267.09
,"Chlamydia","274","1997","1997","Hispanic","Hispanic","Male","M","25-29 years","25-29",2043,1587132,128.72
,"Chlamydia","274","1997","1997","Hispanic","Hispanic","Male","M","30-34 years","30-34",951,1505314,63.18
,"Chlamydia","274","1997","1997","Hispanic","Hispanic","Male","M","35-39 years","35-39",467,1255337,37.20
,"Chlamydia","274","1997","1997","Hispanic","Hispanic","Male","M","40+ years","40+",364,3534542,10.30
,"Chlamydia","274","1997","1997","Hispanic","Hispanic","Male","M","Unknown","99",428,Not Applicable,Not Applicable
,"Chlamydia","274","1997","1997","Hispanic","Hispanic","Unknown","U","15-19 years","15-19",1,Not Applicable,Not Applicable
,"Chlamydia","274","1997","1997","Hispanic","Hispanic","Unknown","U","20-24 years","20-24",6,Not Applicable,Not Applicable
,"Chlamydia","274","1997","1997","Hispanic","Hispanic","Unknown","U","30-34 years","30-34",1,Not Applicable,Not Applicable
,"Chlamydia","274","1997","1997","White","2106-3","Female","F","0-14 years","0-14",2485,17521926,14.18
,"Chlamydia","274","1997","1997","White","2106-3","Female","F","15-19 years","15-19",42986,5929587,724.94
,"Chlamydia","274","1997","1997","White","2106-3","Female","F","20-24 years","20-24",30534,5424343,562.91
,"Chlamydia","274","1997","1997","White","2106-3","Female","F","25-29 years","25-29",9870,6286278,157.01
,"Chlamydia","274","1997","1997","White","2106-3","Female","F","30-34 years","30-34",3457,6991519,49.45
,"Chlamydia","274","1997","1997","White","2106-3","Female","F","35-39 years","35-39",1612,7872371,20.48
,"Chlamydia","274","1997","1997","White","2106-3","Female","F","40+ years","40+",1254,45432762,2.76
,"Chlamydia","274","1997","1997","White","2106-3","Female","F","Unknown","99",1059,Not Applicable,Not Applicable
,"Chlamydia","274","1997","1997","White","2106-3","Male","M","0-14 years","0-14",156,18501807,0.84
,"Chlamydia","274","1997","1997","White","2106-3","Male","M","15-19 years","15-19",3869,6241214,61.99
,"Chlamydia","274","1997","1997","White","2106-3","Male","M","20-24 years","20-24",5956,5584430,106.65
,"Chlamydia","274","1997","1997","White","2106-3","Male","M","25-29 years","25-29",2742,6354134,43.15
,"Chlamydia","274","1997","1997","White","2106-3","Male","M","30-34 years","30-34",1267,7087026,17.88
,"Chlamydia","274","1997","1997","White","2106-3","Male","M","35-39 years","35-39",703,7922243,8.87
,"Chlamydia","274","1997","1997","White","2106-3","Male","M","40+ years","40+",707,39667463,1.78
,"Chlamydia","274","1997","1997","White","2106-3","Male","M","Unknown","99",233,Not Applicable,Not Applicable
,"Chlamydia","274","1997","1997","White","2106-3","Unknown","U","0-14 years","0-14",1,Not Applicable,Not Applicable
,"Chlamydia","274","1997","1997","White","2106-3","Unknown","U","15-19 years","15-19",5,Not Applicable,Not Applicable
,"Chlamydia","274","1997","1997","White","2106-3","Unknown","U","20-24 years","20-24",10,Not Applicable,Not Applicable
,"Chlamydia","274","1997","1997","White","2106-3","Unknown","U","25-29 years","25-29",4,Not Applicable,Not Applicable
,"Chlamydia","274","1997","1997","White","2106-3","Unknown","U","30-34 years","30-34",3,Not Applicable,Not Applicable
,"Chlamydia","274","1997","1997","White","2106-3","Unknown","U","35-39 years","35-39",1,Not Applicable,Not Applicable
,"Chlamydia","274","1998","1998","Black or African American","2054-5","Female","F","0-14 years","0-14",5442,4436737,122.66
,"Chlamydia","274","1998","1998","Black or African American","2054-5","Female","F","15-19 years","15-19",74163,1420233,5221.89
,"Chlamydia","274","1998","1998","Black or African American","2054-5","Female","F","20-24 years","20-24",53340,1268392,4205.32
,"Chlamydia","274","1998","1998","Black or African American","2054-5","Female","F","25-29 years","25-29",17812,1329119,1340.14
,"Chlamydia","274","1998","1998","Black or African American","2054-5","Female","F","30-34 years","30-34",6136,1383641,443.47
,"Chlamydia","274","1998","1998","Black or African American","2054-5","Female","F","35-39 years","35-39",2807,1460820,192.15
,"Chlamydia","274","1998","1998","Black or African American","2054-5","Female","F","40+ years","40+",1878,6216070,30.21
,"Chlamydia","274","1998","1998","Black or African American","2054-5","Female","F","Unknown","99",900,Not Applicable,Not Applicable
,"Chlamydia","274","1998","1998","Black or African American","2054-5","Male","M","0-14 years","0-14",474,4568987,10.37
,"Chlamydia","274","1998","1998","Black or African American","2054-5","Male","M","15-19 years","15-19",12567,1448928,867.33
,"Chlamydia","274","1998","1998","Black or African American","2054-5","Male","M","20-24 years","20-24",15061,1200652,1254.40
,"Chlamydia","274","1998","1998","Black or African American","2054-5","Male","M","25-29 years","25-29",7298,1196157,610.12
,"Chlamydia","274","1998","1998","Black or African American","2054-5","Male","M","30-34 years","30-34",3316,1229600,269.68
,"Chlamydia","274","1998","1998","Black or African American","2054-5","Male","M","35-39 years","35-39",1876,1285242,145.97
,"Chlamydia","274","1998","1998","Black or African American","2054-5","Male","M","40+ years","40+",1638,4853366,33.75
,"Chlamydia","274","1998","1998","Black or African American","2054-5","Male","M","Unknown","99",236,Not Applicable,Not Applicable
,"Chlamydia","274","1998","1998","Black or African American","2054-5","Unknown","U","15-19 years","15-19",6,Not Applicable,Not Applicable
,"Chlamydia","274","1998","1998","Black or African American","2054-5","Unknown","U","20-24 years","20-24",3,Not Applicable,Not Applicable
,"Chlamydia","274","1998","1998","Black or African American","2054-5","Unknown","U","25-29 years","25-29",1,Not Applicable,Not Applicable
,"Chlamydia","274","1998","1998","Black or African American","2054-5","Unknown","U","40+ years","40+",2,Not Applicable,Not Applicable
,"Chlamydia","274","1998","1998","Black or African American","2054-5","Unknown","U","Unknown","99",1,Not Applicable,Not Applicable
,"Chlamydia","274","1998","1998","Hispanic","Hispanic","Female","F","0-14 years","0-14",1374,4637250,29.63
,"Chlamydia","274","1998","1998","Hispanic","Hispanic","Female","F","15-19 years","15-19",21402,1354210,1580.40
,"Chlamydia","274","1998","1998","Hispanic","Hispanic","Female","F","20-24 years","20-24",19500,1372889,1420.36
,"Chlamydia","274","1998","1998","Hispanic","Hispanic","Female","F","25-29 years","25-29",8385,1411815,593.92
,"Chlamydia","274","1998","1998","Hispanic","Hispanic","Female","F","30-34 years","30-34",3326,1359590,244.63
,"Chlamydia","274","1998","1998","Hispanic","Hispanic","Female","F","35-39 years","35-39",1385,1220111,113.51
,"Chlamydia","274","1998","1998","Hispanic","Hispanic","Female","F","40+ years","40+",912,4103285,22.23
,"Chlamydia","274","1998","1998","Hispanic","Hispanic","Female","F","Unknown","99",395,Not Applicable,Not Applicable
,"Chlamydia","274","1998","1998","Hispanic","Hispanic","Male","M","0-14 years","0-14",181,4847520,3.73
,"Chlamydia","274","1998","1998","Hispanic","Hispanic","Male","M","15-19 years","15-19",3720,1532040,242.81
,"Chlamydia","274","1998","1998","Hispanic","Hispanic","Male","M","20-24 years","20-24",5148,1626325,316.54
,"Chlamydia","274","1998","1998","Hispanic","Hispanic","Male","M","25-29 years","25-29",2536,1658823,152.88
,"Chlamydia","274","1998","1998","Hispanic","Hispanic","Male","M","30-34 years","30-34",1130,1545732,73.10
,"Chlamydia","274","1998","1998","Hispanic","Hispanic","Male","M","35-39 years","35-39",530,1321670,40.10
,"Chlamydia","274","1998","1998","Hispanic","Hispanic","Male","M","40+ years","40+",329,3742089,8.79
,"Chlamydia","274","1998","1998","Hispanic","Hispanic","Male","M","Unknown","99",103,Not Applicable,Not Applicable
,"Chlamydia","274","1998","1998","Hispanic","Hispanic","Unknown","U","15-19 years","15-19",1,Not Applicable,Not Applicable
,"Chlamydia","274","1998","1998","White","2106-3","Female","F","0-14 years","0-14",2636,17448666,15.11
,"Chlamydia","274","1998","1998","White","2106-3","Female","F","15-19 years","15-19",49788,6025726,826.26
,"Chlamydia","274","1998","1998","White","2106-3","Female","F","20-24 years","20-24",35859,5451666,657.76
,"Chlamydia","274","1998","1998","White","2106-3","Female","F","25-29 years","25-29",10807,6155673,175.56
,"Chlamydia","274","1998","1998","White","2106-3","Female","F","30-34 years","30-34",3556,6726971,52.86
,"Chlamydia","274","1998","1998","White","2106-3","Female","F","35-39 years","35-39",1724,7791556,22.13
,"Chlamydia","274","1998","1998","White","2106-3","Female","F","40+ years","40+",1281,46185449,2.77
,"Chlamydia","274","1998","1998","White","2106-3","Female","F","Unknown","99",716,Not Applicable,Not Applicable
,"Chlamydia","274","1998","1998","White","2106-3","Male","M","0-14 years","0-14",177,18425144,0.96
,"Chlamydia","274","1998","1998","White","2106-3","Male","M","15-19 years","15-19",4516,6331833,71.32
,"Chlamydia","274","1998","1998","White","2106-3","Male","M","20-24 years","20-24",7265,5605334,129.61
,"Chlamydia","274","1998","1998","White","2106-3","Male","M","25-29 years","25-29",3316,6228777,53.24
,"Chlamydia","274","1998","1998","White","2106-3","Male","M","30-34 years","30-34",1614,6823246,23.65
,"Chlamydia","274","1998","1998","White","2106-3","Male","M","35-39 years","35-39",830,7836560,10.59
,"Chlamydia","274","1998","1998","White","2106-3","Male","M","40+ years","40+",874,40487300,2.16
,"Chlamydia","274","1998","1998","White","2106-3","Male","M","Unknown","99",128,Not Applicable,Not Applicable
,"Chlamydia","274","1998","1998","White","2106-3","Unknown","U","0-14 years","0-14",1,Not Applicable,Not Applicable
,"Chlamydia","274","1998","1998","White","2106-3","Unknown","U","15-19 years","15-19",4,Not Applicable,Not Applicable
,"Chlamydia","274","1998","1998","White","2106-3","Unknown","U","20-24 years","20-24",4,Not Applicable,Not Applicable
,"Chlamydia","274","1998","1998","White","2106-3","Unknown","U","25-29 years","25-29",1,Not Applicable,Not Applicable
,"Chlamydia","274","1998","1998","White","2106-3","Unknown","U","Unknown","99",2,Not Applicable,Not Applicable
,"Chlamydia","274","1999","1999","Black or African American","2054-5","Female","F","0-14 years","0-14",5837,4487412,130.07
,"Chlamydia","274","1999","1999","Black or African American","2054-5","Female","F","15-19 years","15-19",80878,1430828,5652.53
,"Chlamydia","274","1999","1999","Black or African American","2054-5","Female","F","20-24 years","20-24",61643,1299803,4742.49
,"Chlamydia","274","1999","1999","Black or African American","2054-5","Female","F","25-29 years","25-29",20019,1327016,1508.57
,"Chlamydia","274","1999","1999","Black or African American","2054-5","Female","F","30-34 years","30-34",6957,1358683,512.04
,"Chlamydia","274","1999","1999","Black or African American","2054-5","Female","F","35-39 years","35-39",2935,1468867,199.81
,"Chlamydia","274","1999","1999","Black or African American","2054-5","Female","F","40+ years","40+",1850,6412024,28.85
,"Chlamydia","274","1999","1999","Black or African American","2054-5","Female","F","Unknown","99",948,Not Applicable,Not Applicable
,"Chlamydia","274","1999","1999","Black or African American","2054-5","Male","M","0-14 years","0-14",531,4626170,11.48
,"Chlamydia","274","1999","1999","Black or African American","2054-5","Male","M","15-19 years","15-19",14591,1459491,999.73
,"Chlamydia","274","1999","1999","Black or African American","2054-5","Male","M","20-24 years","20-24",17771,1227756,1447.44
,"Chlamydia","274","1999","1999","Black or African American","2054-5","Male","M","25-29 years","25-29",8593,1195334,718.88
,"Chlamydia","274","1999","1999","Black or African American","2054-5","Male","M","30-34 years","30-34",3891,1213081,320.75
,"Chlamydia","274","1999","1999","Black or African American","2054-5","Male","M","35-39 years","35-39",2281,1296224,175.97
,"Chlamydia","274","1999","1999","Black or African American","2054-5","Male","M","40+ years","40+",2081,5033637,41.34
,"Chlamydia","274","1999","1999","Black or African American","2054-5","Male","M","Unknown","99",248,Not Applicable,Not Applicable
,"Chlamydia","274","1999","1999","Black or African American","2054-5","Unknown","U","0-14 years","0-14",3,Not Applicable,Not Applicable
,"Chlamydia","274","1999","1999","Black or African American","2054-5","Unknown","U","15-19 years","15-19",28,Not Applicable,Not Applicable
,"Chlamydia","274","1999","1999","Black or African American","2054-5","Unknown","U","20-24 years","20-24",17,Not Applicable,Not Applicable
,"Chlamydia","274","1999","1999","Black or African American","2054-5","Unknown","U","25-29 years","25-29",6,Not Applicable,Not Applicable
,"Chlamydia","274","1999","1999","Black or African American","2054-5","Unknown","U","30-34 years","30-34",2,Not Applicable,Not Applicable
,"Chlamydia","274","1999","1999","Black or African American","2054-5","Unknown","U","35-39 years","35-39",3,Not Applicable,Not Applicable
,"Chlamydia","274","1999","1999","Black or African American","2054-5","Unknown","U","Unknown","99",6,Not Applicable,Not Applicable
,"Chlamydia","274","1999","1999","Hispanic","Hispanic","Female","F","0-14 years","0-14",1497,4854374,30.84
,"Chlamydia","274","1999","1999","Hispanic","Hispanic","Female","F","15-19 years","15-19",24137,1408961,1713.11
,"Chlamydia","274","1999","1999","Hispanic","Hispanic","Female","F","20-24 years","20-24",22934,1443038,1589.29
,"Chlamydia","274","1999","1999","Hispanic","Hispanic","Female","F","25-29 years","25-29",9883,1473609,670.67
,"Chlamydia","274","1999","1999","Hispanic","Hispanic","Female","F","30-34 years","30-34",4031,1393172,289.34
,"Chlamydia","274","1999","1999","Hispanic","Hispanic","Female","F","35-39 years","35-39",1747,1276849,136.82
,"Chlamydia","274","1999","1999","Hispanic","Hispanic","Female","F","40+ years","40+",1096,4326146,25.33
,"Chlamydia","274","1999","1999","Hispanic","Hispanic","Female","F","Unknown","99",476,Not Applicable,Not Applicable
,"Chlamydia","274","1999","1999","Hispanic","Hispanic","Male","M","0-14 years","0-14",200,5074922,3.94
,"Chlamydia","274","1999","1999","Hispanic","Hispanic","Male","M","15-19 years","15-19",4327,1599616,270.50
,"Chlamydia","274","1999","1999","Hispanic","Hispanic","Male","M","20-24 years","20-24",5861,1739412,336.95
,"Chlamydia","274","1999","1999","Hispanic","Hispanic","Male","M","25-29 years","25-29",3000,1724359,173.98
,"Chlamydia","274","1999","1999","Hispanic","Hispanic","Male","M","30-34 years","30-34",1355,1591603,85.13
,"Chlamydia","274","1999","1999","Hispanic","Hispanic","Male","M","35-39 years","35-39",620,1388069,44.67
,"Chlamydia","274","1999","1999","Hispanic","Hispanic","Male","M","40+ years","40+",469,3963627,11.83
,"Chlamydia","274","1999","1999","Hispanic","Hispanic","Male","M","Unknown","99",110,Not Applicable,Not Applicable
,"Chlamydia","274","1999","1999","Hispanic","Hispanic","Unknown","U","15-19 years","15-19",15,Not Applicable,Not Applicable
,"Chlamydia","274","1999","1999","Hispanic","Hispanic","Unknown","U","20-24 years","20-24",9,Not Applicable,Not Applicable
,"Chlamydia","274","1999","1999","Hispanic","Hispanic","Unknown","U","25-29 years","25-29",3,Not Applicable,Not Applicable
,"Chlamydia","274","1999","1999","Hispanic","Hispanic","Unknown","U","30-34 years","30-34",2,Not Applicable,Not Applicable
,"Chlamydia","274","1999","1999","Hispanic","Hispanic","Unknown","U","Unknown","99",1,Not Applicable,Not Applicable
,"Chlamydia","274","1999","1999","White","2106-3","Female","F","0-14 years","0-14",2663,17380148,15.32
,"Chlamydia","274","1999","1999","White","2106-3","Female","F","15-19 years","15-19",52577,6056689,868.08
,"Chlamydia","274","1999","1999","White","2106-3","Female","F","20-24 years","20-24",40100,5526995,725.53
,"Chlamydia","274","1999","1999","White","2106-3","Female","F","25-29 years","25-29",11651,5964719,195.33
,"Chlamydia","274","1999","1999","White","2106-3","Female","F","30-34 years","30-34",3768,6521992,57.77
,"Chlamydia","274","1999","1999","White","2106-3","Female","F","35-39 years","35-39",1831,7685632,23.82
,"Chlamydia","274","1999","1999","White","2106-3","Female","F","40+ years","40+",1249,46900826,2.66
,"Chlamydia","274","1999","1999","White","2106-3","Female","F","Unknown","99",820,Not Applicable,Not Applicable
,"Chlamydia","274","1999","1999","White","2106-3","Male","M","0-14 years","0-14",192,18350521,1.05
,"Chlamydia","274","1999","1999","White","2106-3","Male","M","15-19 years","15-19",5257,6353025,82.75
,"Chlamydia","274","1999","1999","White","2106-3","Male","M","20-24 years","20-24",8813,5672497,155.36
,"Chlamydia","274","1999","1999","White","2106-3","Male","M","25-29 years","25-29",3816,6051235,63.06
,"Chlamydia","274","1999","1999","White","2106-3","Male","M","30-34 years","30-34",1752,6618256,26.47
,"Chlamydia","274","1999","1999","White","2106-3","Male","M","35-39 years","35-39",1074,7724559,13.90
,"Chlamydia","274","1999","1999","White","2106-3","Male","M","40+ years","40+",1137,41286725,2.75
,"Chlamydia","274","1999","1999","White","2106-3","Male","M","Unknown","99",168,Not Applicable,Not Applicable
,"Chlamydia","274","1999","1999","White","2106-3","Unknown","U","0-14 years","0-14",1,Not Applicable,Not Applicable
,"Chlamydia","274","1999","1999","White","2106-3","Unknown","U","15-19 years","15-19",11,Not Applicable,Not Applicable
,"Chlamydia","274","1999","1999","White","2106-3","Unknown","U","20-24 years","20-24",14,Not Applicable,Not Applicable
,"Chlamydia","274","1999","1999","White","2106-3","Unknown","U","25-29 years","25-29",3,Not Applicable,Not Applicable
,"Chlamydia","274","1999","1999","White","2106-3","Unknown","U","30-34 years","30-34",4,Not Applicable,Not Applicable
,"Chlamydia","274","1999","1999","White","2106-3","Unknown","U","Unknown","99",2,Not Applicable,Not Applicable
,"Chlamydia","274","2000","2000","Black or African American","2054-5","Female","F","0-14 years","0-14",5829,4634660,125.77
,"Chlamydia","274","2000","2000","Black or African American","2054-5","Female","F","15-19 years","15-19",79900,1471027,5431.58
,"Chlamydia","274","2000","2000","Black or African American","2054-5","Female","F","20-24 years","20-24",66080,1374005,4809.30
,"Chlamydia","274","2000","2000","Black or African American","2054-5","Female","F","25-29 years","25-29",20777,1334939,1556.40
,"Chlamydia","274","2000","2000","Black or African American","2054-5","Female","F","30-34 years","30-34",7236,1389612,520.72
,"Chlamydia","274","2000","2000","Black or African American","2054-5","Female","F","35-39 years","35-39",3287,1502493,218.77
,"Chlamydia","274","2000","2000","Black or African American","2054-5","Female","F","40+ years","40+",2148,6770728,31.72
,"Chlamydia","274","2000","2000","Black or African American","2054-5","Female","F","Unknown","99",625,Not Applicable,Not Applicable
,"Chlamydia","274","2000","2000","Black or African American","2054-5","Male","M","0-14 years","0-14",618,4783380,12.92
,"Chlamydia","274","2000","2000","Black or African American","2054-5","Male","M","15-19 years","15-19",15492,1505446,1029.06
,"Chlamydia","274","2000","2000","Black or African American","2054-5","Male","M","20-24 years","20-24",20035,1304105,1536.30
,"Chlamydia","274","2000","2000","Black or African American","2054-5","Male","M","25-29 years","25-29",9362,1209455,774.07
,"Chlamydia","274","2000","2000","Black or African American","2054-5","Male","M","30-34 years","30-34",4624,1247104,370.78
,"Chlamydia","274","2000","2000","Black or African American","2054-5","Male","M","35-39 years","35-39",2506,1331081,188.27
,"Chlamydia","274","2000","2000","Black or African American","2054-5","Male","M","40+ years","40+",2286,5347510,42.75
,"Chlamydia","274","2000","2000","Black or African American","2054-5","Male","M","Unknown","99",242,Not Applicable,Not Applicable
,"Chlamydia","274","2000","2000","Black or African American","2054-5","Unknown","U","0-14 years","0-14",1,Not Applicable,Not Applicable
,"Chlamydia","274","2000","2000","Black or African American","2054-5","Unknown","U","15-19 years","15-19",26,Not Applicable,Not Applicable
,"Chlamydia","274","2000","2000","Black or African American","2054-5","Unknown","U","20-24 years","20-24",15,Not Applicable,Not Applicable
,"Chlamydia","274","2000","2000","Black or African American","2054-5","Unknown","U","25-29 years","25-29",7,Not Applicable,Not Applicable
,"Chlamydia","274","2000","2000","Black or African American","2054-5","Unknown","U","30-34 years","30-34",5,Not Applicable,Not Applicable
,"Chlamydia","274","2000","2000","Black or African American","2054-5","Unknown","U","35-39 years","35-39",2,Not Applicable,Not Applicable
,"Chlamydia","274","2000","2000","Black or African American","2054-5","Unknown","U","40+ years","40+",2,Not Applicable,Not Applicable
,"Chlamydia","274","2000","2000","Black or African American","2054-5","Unknown","U","Unknown","99",4,Not Applicable,Not Applicable
,"Chlamydia","274","2000","2000","Hispanic","Hispanic","Female","F","0-14 years","0-14",1607,5168834,31.09
,"Chlamydia","274","2000","2000","Hispanic","Hispanic","Female","F","15-19 years","15-19",26423,1486384,1777.67
,"Chlamydia","274","2000","2000","Hispanic","Hispanic","Female","F","20-24 years","20-24",27232,1547005,1760.30
,"Chlamydia","274","2000","2000","Hispanic","Hispanic","Female","F","25-29 years","25-29",11773,1573352,748.27
,"Chlamydia","274","2000","2000","Hispanic","Hispanic","Female","F","30-34 years","30-34",4959,1479151,335.26
,"Chlamydia","274","2000","2000","Hispanic","Hispanic","Female","F","35-39 years","35-39",1968,1366613,144.01
,"Chlamydia","274","2000","2000","Hispanic","Hispanic","Female","F","40+ years","40+",1286,4699367,27.37
,"Chlamydia","274","2000","2000","Hispanic","Hispanic","Female","F","Unknown","99",424,Not Applicable,Not Applicable
,"Chlamydia","274","2000","2000","Hispanic","Hispanic","Male","M","0-14 years","0-14",240,5405977,4.44
,"Chlamydia","274","2000","2000","Hispanic","Hispanic","Male","M","15-19 years","15-19",4975,1684330,295.37
,"Chlamydia","274","2000","2000","Hispanic","Hispanic","Male","M","20-24 years","20-24",7357,1896453,387.94
,"Chlamydia","274","2000","2000","Hispanic","Hispanic","Male","M","25-29 years","25-29",3769,1851738,203.54
,"Chlamydia","274","2000","2000","Hispanic","Hispanic","Male","M","30-34 years","30-34",1720,1694568,101.50
,"Chlamydia","274","2000","2000","Hispanic","Hispanic","Male","M","35-39 years","35-39",779,1495929,52.07
,"Chlamydia","274","2000","2000","Hispanic","Hispanic","Male","M","40+ years","40+",589,4336901,13.58
,"Chlamydia","274","2000","2000","Hispanic","Hispanic","Male","M","Unknown","99",120,Not Applicable,Not Applicable
,"Chlamydia","274","2000","2000","Hispanic","Hispanic","Unknown","U","0-14 years","0-14",3,Not Applicable,Not Applicable
,"Chlamydia","274","2000","2000","Hispanic","Hispanic","Unknown","U","15-19 years","15-19",12,Not Applicable,Not Applicable
,"Chlamydia","274","2000","2000","Hispanic","Hispanic","Unknown","U","20-24 years","20-24",8,Not Applicable,Not Applicable
,"Chlamydia","274","2000","2000","Hispanic","Hispanic","Unknown","U","25-29 years","25-29",6,Not Applicable,Not Applicable
,"Chlamydia","274","2000","2000","Hispanic","Hispanic","Unknown","U","30-34 years","30-34",3,Not Applicable,Not Applicable
,"Chlamydia","274","2000","2000","Hispanic","Hispanic","Unknown","U","Unknown","99",1,Not Applicable,Not Applicable
,"Chlamydia","274","2000","2000","White","2106-3","Female","F","0-14 years","0-14",2576,18126659,14.21
,"Chlamydia","274","2000","2000","White","2106-3","Female","F","15-19 years","15-19",53473,6344322,842.85
,"Chlamydia","274","2000","2000","White","2106-3","Female","F","20-24 years","20-24",43876,5887040,745.30
,"Chlamydia","274","2000","2000","White","2106-3","Female","F","25-29 years","25-29",12282,5975168,205.55
,"Chlamydia","274","2000","2000","White","2106-3","Female","F","30-34 years","30-34",4240,6734399,62.96
,"Chlamydia","274","2000","2000","White","2106-3","Female","F","35-39 years","35-39",1880,7855149,23.93
,"Chlamydia","274","2000","2000","White","2106-3","Female","F","40+ years","40+",1439,49938680,2.88
,"Chlamydia","274","2000","2000","White","2106-3","Female","F","Unknown","99",666,Not Applicable,Not Applicable
,"Chlamydia","274","2000","2000","White","2106-3","Male","M","0-14 years","0-14",167,19136751,0.87
,"Chlamydia","274","2000","2000","White","2106-3","Male","M","15-19 years","15-19",5826,6655109,87.54
,"Chlamydia","274","2000","2000","White","2106-3","Male","M","20-24 years","20-24",10215,6028651,169.44
,"Chlamydia","274","2000","2000","White","2106-3","Male","M","25-29 years","25-29",4243,6068299,69.92
,"Chlamydia","274","2000","2000","White","2106-3","Male","M","30-34 years","30-34",1952,6820289,28.62
,"Chlamydia","274","2000","2000","White","2106-3","Male","M","35-39 years","35-39",1240,7871508,15.75
,"Chlamydia","274","2000","2000","White","2106-3","Male","M","40+ years","40+",1316,44073856,2.99
,"Chlamydia","274","2000","2000","White","2106-3","Male","M","Unknown","99",159,Not Applicable,Not Applicable
,"Chlamydia","274","2000","2000","White","2106-3","Unknown","U","15-19 years","15-19",11,Not Applicable,Not Applicable
,"Chlamydia","274","2000","2000","White","2106-3","Unknown","U","20-24 years","20-24",3,Not Applicable,Not Applicable
,"Chlamydia","274","2000","2000","White","2106-3","Unknown","U","25-29 years","25-29",2,Not Applicable,Not Applicable
,"Chlamydia","274","2000","2000","White","2106-3","Unknown","U","30-34 years","30-34",1,Not Applicable,Not Applicable
,"Chlamydia","274","2000","2000","White","2106-3","Unknown","U","40+ years","40+",1,Not Applicable,Not Applicable
,"Chlamydia","274","2000","2000","White","2106-3","Unknown","U","Unknown","99",1,Not Applicable,Not Applicable
,"Chlamydia","274","2001","2001","Black or African American","2054-5","Female","F","0-14 years","0-14",5969,4660487,128.08
,"Chlamydia","274","2001","2001","Black or African American","2054-5","Female","F","15-19 years","15-19",84826,1475964,5747.16
,"Chlamydia","274","2001","2001","Black or African American","2054-5","Female","F","20-24 years","20-24",71153,1421182,5006.61
,"Chlamydia","274","2001","2001","Black or African American","2054-5","Female","F","25-29 years","25-29",22022,1314509,1675.30
,"Chlamydia","274","2001","2001","Black or African American","2054-5","Female","F","30-34 years","30-34",7720,1394900,553.45
,"Chlamydia","274","2001","2001","Black or African American","2054-5","Female","F","35-39 years","35-39",3302,1492078,221.30
,"Chlamydia","274","2001","2001","Black or African American","2054-5","Female","F","40+ years","40+",2401,6958335,34.51
,"Chlamydia","274","2001","2001","Black or African American","2054-5","Female","F","Unknown","99",668,Not Applicable,Not Applicable
,"Chlamydia","274","2001","2001","Black or African American","2054-5","Male","M","0-14 years","0-14",597,4807564,12.42
,"Chlamydia","274","2001","2001","Black or African American","2054-5","Male","M","15-19 years","15-19",16515,1521978,1085.10
,"Chlamydia","274","2001","2001","Black or African American","2054-5","Male","M","20-24 years","20-24",22503,1361939,1652.28
,"Chlamydia","274","2001","2001","Black or African American","2054-5","Male","M","25-29 years","25-29",10252,1196580,856.77
,"Chlamydia","274","2001","2001","Black or African American","2054-5","Male","M","30-34 years","30-34",5143,1249591,411.57
,"Chlamydia","274","2001","2001","Black or African American","2054-5","Male","M","35-39 years","35-39",2792,1322755,211.07
,"Chlamydia","274","2001","2001","Black or African American","2054-5","Male","M","40+ years","40+",2791,5499717,50.75
,"Chlamydia","274","2001","2001","Black or African American","2054-5","Male","M","Unknown","99",235,Not Applicable,Not Applicable
,"Chlamydia","274","2001","2001","Black or African American","2054-5","Unknown","U","0-14 years","0-14",3,Not Applicable,Not Applicable
,"Chlamydia","274","2001","2001","Black or African American","2054-5","Unknown","U","15-19 years","15-19",21,Not Applicable,Not Applicable
,"Chlamydia","274","2001","2001","Black or African American","2054-5","Unknown","U","20-24 years","20-24",9,Not Applicable,Not Applicable
,"Chlamydia","274","2001","2001","Black or African American","2054-5","Unknown","U","25-29 years","25-29",4,Not Applicable,Not Applicable
,"Chlamydia","274","2001","2001","Black or African American","2054-5","Unknown","U","30-34 years","30-34",1,Not Applicable,Not Applicable
,"Chlamydia","274","2001","2001","Black or African American","2054-5","Unknown","U","Unknown","99",3,Not Applicable,Not Applicable
,"Chlamydia","274","2001","2001","Hispanic","Hispanic","Female","F","0-14 years","0-14",1734,5333046,32.51
,"Chlamydia","274","2001","2001","Hispanic","Hispanic","Female","F","15-19 years","15-19",28802,1504514,1914.37
,"Chlamydia","274","2001","2001","Hispanic","Hispanic","Female","F","20-24 years","20-24",30764,1583079,1943.30
,"Chlamydia","274","2001","2001","Hispanic","Hispanic","Female","F","25-29 years","25-29",13454,1639212,820.76
,"Chlamydia","274","2001","2001","Hispanic","Hispanic","Female","F","30-34 years","30-34",5471,1565606,349.45
,"Chlamydia","274","2001","2001","Hispanic","Hispanic","Female","F","35-39 years","35-39",2363,1432431,164.96
,"Chlamydia","274","2001","2001","Hispanic","Hispanic","Female","F","40+ years","40+",1455,4991789,29.15
,"Chlamydia","274","2001","2001","Hispanic","Hispanic","Female","F","Unknown","99",394,Not Applicable,Not Applicable
,"Chlamydia","274","2001","2001","Hispanic","Hispanic","Male","M","0-14 years","0-14",268,5582368,4.80
,"Chlamydia","274","2001","2001","Hispanic","Hispanic","Male","M","15-19 years","15-19",5777,1666711,346.61
,"Chlamydia","274","2001","2001","Hispanic","Hispanic","Male","M","20-24 years","20-24",8726,1953125,446.77
,"Chlamydia","274","2001","2001","Hispanic","Hispanic","Male","M","25-29 years","25-29",4447,1960789,226.80
,"Chlamydia","274","2001","2001","Hispanic","Hispanic","Male","M","30-34 years","30-34",2081,1799341,115.65
,"Chlamydia","274","2001","2001","Hispanic","Hispanic","Male","M","35-39 years","35-39",903,1582911,57.05
,"Chlamydia","274","2001","2001","Hispanic","Hispanic","Male","M","40+ years","40+",681,4637369,14.69
,"Chlamydia","274","2001","2001","Hispanic","Hispanic","Male","M","Unknown","99",131,Not Applicable,Not Applicable
,"Chlamydia","274","2001","2001","Hispanic","Hispanic","Unknown","U","15-19 years","15-19",4,Not Applicable,Not Applicable
,"Chlamydia","274","2001","2001","Hispanic","Hispanic","Unknown","U","20-24 years","20-24",10,Not Applicable,Not Applicable
,"Chlamydia","274","2001","2001","Hispanic","Hispanic","Unknown","U","25-29 years","25-29",4,Not Applicable,Not Applicable
,"Chlamydia","274","2001","2001","Hispanic","Hispanic","Unknown","U","30-34 years","30-34",1,Not Applicable,Not Applicable
,"Chlamydia","274","2001","2001","White","2106-3","Female","F","0-14 years","0-14",2578,18011102,14.31
,"Chlamydia","274","2001","2001","White","2106-3","Female","F","15-19 years","15-19",56911,6341659,897.41
,"Chlamydia","274","2001","2001","White","2106-3","Female","F","20-24 years","20-24",50235,6063773,828.45
,"Chlamydia","274","2001","2001","White","2106-3","Female","F","25-29 years","25-29",13551,5771596,234.79
,"Chlamydia","274","2001","2001","White","2106-3","Female","F","30-34 years","30-34",4795,6697249,71.60
,"Chlamydia","274","2001","2001","White","2106-3","Female","F","35-39 years","35-39",2073,7612865,27.23
,"Chlamydia","274","2001","2001","White","2106-3","Female","F","40+ years","40+",1590,50618256,3.14
,"Chlamydia","274","2001","2001","White","2106-3","Female","F","Unknown","99",659,Not Applicable,Not Applicable
,"Chlamydia","274","2001","2001","White","2106-3","Male","M","0-14 years","0-14",169,18997003,0.89
,"Chlamydia","274","2001","2001","White","2106-3","Male","M","15-19 years","15-19",6237,6688144,93.25
,"Chlamydia","274","2001","2001","White","2106-3","Male","M","20-24 years","20-24",12277,6205954,197.83
,"Chlamydia","274","2001","2001","White","2106-3","Male","M","25-29 years","25-29",5001,5867125,85.24
,"Chlamydia","274","2001","2001","White","2106-3","Male","M","30-34 years","30-34",2391,6784792,35.24
,"Chlamydia","274","2001","2001","White","2106-3","Male","M","35-39 years","35-39",1438,7637196,18.83
,"Chlamydia","274","2001","2001","White","2106-3","Male","M","40+ years","40+",1561,44817047,3.48
,"Chlamydia","274","2001","2001","White","2106-3","Male","M","Unknown","99",169,Not Applicable,Not Applicable
,"Chlamydia","274","2001","2001","White","2106-3","Unknown","U","0-14 years","0-14",1,Not Applicable,Not Applicable
,"Chlamydia","274","2001","2001","White","2106-3","Unknown","U","15-19 years","15-19",14,Not Applicable,Not Applicable
,"Chlamydia","274","2001","2001","White","2106-3","Unknown","U","20-24 years","20-24",13,Not Applicable,Not Applicable
,"Chlamydia","274","2001","2001","White","2106-3","Unknown","U","25-29 years","25-29",1,Not Applicable,Not Applicable
,"Chlamydia","274","2001","2001","White","2106-3","Unknown","U","Unknown","99",7,Not Applicable,Not Applicable
,"Chlamydia","274","2002","2002","Black or African American","2054-5","Female","F","0-14 years","0-14",6224,4680367,132.98
,"Chlamydia","274","2002","2002","Black or African American","2054-5","Female","F","15-19 years","15-19",88894,1491961,5958.20
,"Chlamydia","274","2002","2002","Black or African American","2054-5","Female","F","20-24 years","20-24",75285,1457446,5165.54
,"Chlamydia","274","2002","2002","Black or African American","2054-5","Female","F","25-29 years","25-29",23732,1306663,1816.23
,"Chlamydia","274","2002","2002","Black or African American","2054-5","Female","F","30-34 years","30-34",8520,1402937,607.30
,"Chlamydia","274","2002","2002","Black or African American","2054-5","Female","F","35-39 years","35-39",3457,1469838,235.20
,"Chlamydia","274","2002","2002","Black or African American","2054-5","Female","F","40+ years","40+",2668,7144465,37.34
,"Chlamydia","274","2002","2002","Black or African American","2054-5","Female","F","Unknown","99",694,Not Applicable,Not Applicable
,"Chlamydia","274","2002","2002","Black or African American","2054-5","Male","M","0-14 years","0-14",742,4828985,15.37
,"Chlamydia","274","2002","2002","Black or African American","2054-5","Male","M","15-19 years","15-19",18780,1541764,1218.09
,"Chlamydia","274","2002","2002","Black or African American","2054-5","Male","M","20-24 years","20-24",25868,1417125,1825.39
,"Chlamydia","274","2002","2002","Black or African American","2054-5","Male","M","25-29 years","25-29",12102,1192259,1015.05
,"Chlamydia","274","2002","2002","Black or African American","2054-5","Male","M","30-34 years","30-34",6126,1259121,486.53
,"Chlamydia","274","2002","2002","Black or African American","2054-5","Male","M","35-39 years","35-39",3228,1303238,247.69
,"Chlamydia","274","2002","2002","Black or African American","2054-5","Male","M","40+ years","40+",3256,5649024,57.64
,"Chlamydia","274","2002","2002","Black or African American","2054-5","Male","M","Unknown","99",383,Not Applicable,Not Applicable
,"Chlamydia","274","2002","2002","Black or African American","2054-5","Unknown","U","0-14 years","0-14",4,Not Applicable,Not Applicable
,"Chlamydia","274","2002","2002","Black or African American","2054-5","Unknown","U","15-19 years","15-19",47,Not Applicable,Not Applicable
,"Chlamydia","274","2002","2002","Black or African American","2054-5","Unknown","U","20-24 years","20-24",30,Not Applicable,Not Applicable
,"Chlamydia","274","2002","2002","Black or African American","2054-5","Unknown","U","25-29 years","25-29",11,Not Applicable,Not Applicable
,"Chlamydia","274","2002","2002","Black or African American","2054-5","Unknown","U","30-34 years","30-34",2,Not Applicable,Not Applicable
,"Chlamydia","274","2002","2002","Black or African American","2054-5","Unknown","U","35-39 years","35-39",4,Not Applicable,Not Applicable
,"Chlamydia","274","2002","2002","Black or African American","2054-5","Unknown","U","40+ years","40+",1,Not Applicable,Not Applicable
,"Chlamydia","274","2002","2002","Black or African American","2054-5","Unknown","U","Unknown","99",17,Not Applicable,Not Applicable
,"Chlamydia","274","2002","2002","Hispanic","Hispanic","Female","F","0-14 years","0-14",1735,5481717,31.65
,"Chlamydia","274","2002","2002","Hispanic","Hispanic","Female","F","15-19 years","15-19",30641,1532680,1999.18
,"Chlamydia","274","2002","2002","Hispanic","Hispanic","Female","F","20-24 years","20-24",32958,1614569,2041.29
,"Chlamydia","274","2002","2002","Hispanic","Hispanic","Female","F","25-29 years","25-29",14644,1694283,864.32
,"Chlamydia","274","2002","2002","Hispanic","Hispanic","Female","F","30-34 years","30-34",6258,1659543,377.09
,"Chlamydia","274","2002","2002","Hispanic","Hispanic","Female","F","35-39 years","35-39",2579,1495141,172.49
,"Chlamydia","274","2002","2002","Hispanic","Hispanic","Female","F","40+ years","40+",1750,5292145,33.07
,"Chlamydia","274","2002","2002","Hispanic","Hispanic","Female","F","Unknown","99",539,Not Applicable,Not Applicable
,"Chlamydia","274","2002","2002","Hispanic","Hispanic","Male","M","0-14 years","0-14",276,5745032,4.80
,"Chlamydia","274","2002","2002","Hispanic","Hispanic","Male","M","15-19 years","15-19",5944,1664488,357.11
,"Chlamydia","274","2002","2002","Hispanic","Hispanic","Male","M","20-24 years","20-24",9725,1991936,488.22
,"Chlamydia","274","2002","2002","Hispanic","Hispanic","Male","M","25-29 years","25-29",5159,2060143,250.42
,"Chlamydia","274","2002","2002","Hispanic","Hispanic","Male","M","30-34 years","30-34",2348,1918093,122.41
,"Chlamydia","274","2002","2002","Hispanic","Hispanic","Male","M","35-39 years","35-39",1136,1660840,68.40
,"Chlamydia","274","2002","2002","Hispanic","Hispanic","Male","M","40+ years","40+",874,4950694,17.65
,"Chlamydia","274","2002","2002","Hispanic","Hispanic","Male","M","Unknown","99",197,Not Applicable,Not Applicable
,"Chlamydia","274","2002","2002","Hispanic","Hispanic","Unknown","U","0-14 years","0-14",2,Not Applicable,Not Applicable
,"Chlamydia","274","2002","2002","Hispanic","Hispanic","Unknown","U","15-19 years","15-19",27,Not Applicable,Not Applicable
,"Chlamydia","274","2002","2002","Hispanic","Hispanic","Unknown","U","20-24 years","20-24",32,Not Applicable,Not Applicable
,"Chlamydia","274","2002","2002","Hispanic","Hispanic","Unknown","U","25-29 years","25-29",22,Not Applicable,Not Applicable
,"Chlamydia","274","2002","2002","Hispanic","Hispanic","Unknown","U","30-34 years","30-34",12,Not Applicable,Not Applicable
,"Chlamydia","274","2002","2002","Hispanic","Hispanic","Unknown","U","35-39 years","35-39",5,Not Applicable,Not Applicable
,"Chlamydia","274","2002","2002","Hispanic","Hispanic","Unknown","U","40+ years","40+",2,Not Applicable,Not Applicable
,"Chlamydia","274","2002","2002","Hispanic","Hispanic","Unknown","U","Unknown","99",4,Not Applicable,Not Applicable
,"Chlamydia","274","2002","2002","White","2106-3","Female","F","0-14 years","0-14",2693,17898499,15.05
,"Chlamydia","274","2002","2002","White","2106-3","Female","F","15-19 years","15-19",60260,6351004,948.83
,"Chlamydia","274","2002","2002","White","2106-3","Female","F","20-24 years","20-24",55573,6216387,893.98
,"Chlamydia","274","2002","2002","White","2106-3","Female","F","25-29 years","25-29",15554,5673667,274.14
,"Chlamydia","274","2002","2002","White","2106-3","Female","F","30-34 years","30-34",5363,6622138,80.99
,"Chlamydia","274","2002","2002","White","2106-3","Female","F","35-39 years","35-39",2179,7341768,29.68
,"Chlamydia","274","2002","2002","White","2106-3","Female","F","40+ years","40+",1717,51259361,3.35
,"Chlamydia","274","2002","2002","White","2106-3","Female","F","Unknown","99",915,Not Applicable,Not Applicable
,"Chlamydia","274","2002","2002","White","2106-3","Male","M","0-14 years","0-14",161,18867078,0.85
,"Chlamydia","274","2002","2002","White","2106-3","Male","M","15-19 years","15-19",6775,6715438,100.89
,"Chlamydia","274","2002","2002","White","2106-3","Male","M","20-24 years","20-24",14486,6370712,227.38
,"Chlamydia","274","2002","2002","White","2106-3","Male","M","25-29 years","25-29",6065,5767477,105.16
,"Chlamydia","274","2002","2002","White","2106-3","Male","M","30-34 years","30-34",2932,6712628,43.68
,"Chlamydia","274","2002","2002","White","2106-3","Male","M","35-39 years","35-39",1789,7368926,24.28
,"Chlamydia","274","2002","2002","White","2106-3","Male","M","40+ years","40+",2019,45526446,4.43
,"Chlamydia","274","2002","2002","White","2106-3","Male","M","Unknown","99",236,Not Applicable,Not Applicable
,"Chlamydia","274","2002","2002","White","2106-3","Unknown","U","0-14 years","0-14",2,Not Applicable,Not Applicable
,"Chlamydia","274","2002","2002","White","2106-3","Unknown","U","15-19 years","15-19",27,Not Applicable,Not Applicable
,"Chlamydia","274","2002","2002","White","2106-3","Unknown","U","20-24 years","20-24",27,Not Applicable,Not Applicable
,"Chlamydia","274","2002","2002","White","2106-3","Unknown","U","25-29 years","25-29",11,Not Applicable,Not Applicable
,"Chlamydia","274","2002","2002","White","2106-3","Unknown","U","30-34 years","30-34",8,Not Applicable,Not Applicable
,"Chlamydia","274","2002","2002","White","2106-3","Unknown","U","35-39 years","35-39",2,Not Applicable,Not Applicable
,"Chlamydia","274","2002","2002","White","2106-3","Unknown","U","40+ years","40+",3,Not Applicable,Not Applicable
,"Chlamydia","274","2002","2002","White","2106-3","Unknown","U","Unknown","99",5,Not Applicable,Not Applicable
,"Chlamydia","274","2003","2003","Black or African American","2054-5","Female","F","0-14 years","0-14",6088,4670135,130.36
,"Chlamydia","274","2003","2003","Black or African American","2054-5","Female","F","15-19 years","15-19",92247,1513477,6095.04
,"Chlamydia","274","2003","2003","Black or African American","2054-5","Female","F","20-24 years","20-24",78635,1482135,5305.52
,"Chlamydia","274","2003","2003","Black or African American","2054-5","Female","F","25-29 years","25-29",25790,1319339,1954.77
,"Chlamydia","274","2003","2003","Black or African American","2054-5","Female","F","30-34 years","30-34",9336,1394425,669.52
,"Chlamydia","274","2003","2003","Black or African American","2054-5","Female","F","35-39 years","35-39",3689,1437765,256.58
,"Chlamydia","274","2003","2003","Black or African American","2054-5","Female","F","40+ years","40+",2859,7306772,39.13
,"Chlamydia","274","2003","2003","Black or African American","2054-5","Female","F","Unknown","99",665,Not Applicable,Not Applicable
,"Chlamydia","274","2003","2003","Black or African American","2054-5","Male","M","0-14 years","0-14",717,4821916,14.87
,"Chlamydia","274","2003","2003","Black or African American","2054-5","Male","M","15-19 years","15-19",20339,1559734,1304.00
,"Chlamydia","274","2003","2003","Black or African American","2054-5","Male","M","20-24 years","20-24",27365,1467884,1864.25
,"Chlamydia","274","2003","2003","Black or African American","2054-5","Male","M","25-29 years","25-29",12755,1216362,1048.62
,"Chlamydia","274","2003","2003","Black or African American","2054-5","Male","M","30-34 years","30-34",6436,1256167,512.35
,"Chlamydia","274","2003","2003","Black or African American","2054-5","Male","M","35-39 years","35-39",3528,1278875,275.87
,"Chlamydia","274","2003","2003","Black or African American","2054-5","Male","M","40+ years","40+",3741,5783916,64.68
,"Chlamydia","274","2003","2003","Black or African American","2054-5","Male","M","Unknown","99",300,Not Applicable,Not Applicable
,"Chlamydia","274","2003","2003","Black or African American","2054-5","Unknown","U","0-14 years","0-14",6,Not Applicable,Not Applicable
,"Chlamydia","274","2003","2003","Black or African American","2054-5","Unknown","U","15-19 years","15-19",66,Not Applicable,Not Applicable
,"Chlamydia","274","2003","2003","Black or African American","2054-5","Unknown","U","20-24 years","20-24",65,Not Applicable,Not Applicable
,"Chlamydia","274","2003","2003","Black or African American","2054-5","Unknown","U","25-29 years","25-29",16,Not Applicable,Not Applicable
,"Chlamydia","274","2003","2003","Black or African American","2054-5","Unknown","U","30-34 years","30-34",7,Not Applicable,Not Applicable
,"Chlamydia","274","2003","2003","Black or African American","2054-5","Unknown","U","35-39 years","35-39",5,Not Applicable,Not Applicable
,"Chlamydia","274","2003","2003","Black or African American","2054-5","Unknown","U","40+ years","40+",7,Not Applicable,Not Applicable
,"Chlamydia","274","2003","2003","Black or African American","2054-5","Unknown","U","Unknown","99",14,Not Applicable,Not Applicable
,"Chlamydia","274","2003","2003","Hispanic","Hispanic","Female","F","0-14 years","0-14",1691,5693839,29.70
,"Chlamydia","274","2003","2003","Hispanic","Hispanic","Female","F","15-19 years","15-19",31799,1562601,2035.00
,"Chlamydia","274","2003","2003","Hispanic","Hispanic","Female","F","20-24 years","20-24",35226,1672471,2106.22
,"Chlamydia","274","2003","2003","Hispanic","Hispanic","Female","F","25-29 years","25-29",15373,1706215,901.00
,"Chlamydia","274","2003","2003","Hispanic","Hispanic","Female","F","30-34 years","30-34",6505,1656952,392.59
,"Chlamydia","274","2003","2003","Hispanic","Hispanic","Female","F","35-39 years","35-39",2729,1493028,182.78
,"Chlamydia","274","2003","2003","Hispanic","Hispanic","Female","F","40+ years","40+",1844,5514842,33.44
,"Chlamydia","274","2003","2003","Hispanic","Hispanic","Female","F","Unknown","99",449,Not Applicable,Not Applicable
,"Chlamydia","274","2003","2003","Hispanic","Hispanic","Male","M","0-14 years","0-14",181,5954977,3.04
,"Chlamydia","274","2003","2003","Hispanic","Hispanic","Male","M","15-19 years","15-19",5965,1684531,354.10
,"Chlamydia","274","2003","2003","Hispanic","Hispanic","Male","M","20-24 years","20-24",10300,2074056,496.61
,"Chlamydia","274","2003","2003","Hispanic","Hispanic","Male","M","25-29 years","25-29",5464,2092628,261.11
,"Chlamydia","274","2003","2003","Hispanic","Hispanic","Male","M","30-34 years","30-34",2632,1922876,136.88
,"Chlamydia","274","2003","2003","Hispanic","Hispanic","Male","M","35-39 years","35-39",1209,1682159,71.87
,"Chlamydia","274","2003","2003","Hispanic","Hispanic","Male","M","40+ years","40+",962,5187888,18.54
,"Chlamydia","274","2003","2003","Hispanic","Hispanic","Male","M","Unknown","99",141,Not Applicable,Not Applicable
,"Chlamydia","274","2003","2003","Hispanic","Hispanic","Unknown","U","15-19 years","15-19",24,Not Applicable,Not Applicable
,"Chlamydia","274","2003","2003","Hispanic","Hispanic","Unknown","U","20-24 years","20-24",26,Not Applicable,Not Applicable
,"Chlamydia","274","2003","2003","Hispanic","Hispanic","Unknown","U","25-29 years","25-29",17,Not Applicable,Not Applicable
,"Chlamydia","274","2003","2003","Hispanic","Hispanic","Unknown","U","30-34 years","30-34",8,Not Applicable,Not Applicable
,"Chlamydia","274","2003","2003","Hispanic","Hispanic","Unknown","U","35-39 years","35-39",3,Not Applicable,Not Applicable
,"Chlamydia","274","2003","2003","Hispanic","Hispanic","Unknown","U","40+ years","40+",3,Not Applicable,Not Applicable
,"Chlamydia","274","2003","2003","Hispanic","Hispanic","Unknown","U","Unknown","99",8,Not Applicable,Not Applicable
,"Chlamydia","274","2003","2003","White","2106-3","Female","F","0-14 years","0-14",2609,17733681,14.71
,"Chlamydia","274","2003","2003","White","2106-3","Female","F","15-19 years","15-19",63215,6355772,994.61
,"Chlamydia","274","2003","2003","White","2106-3","Female","F","20-24 years","20-24",61426,6317351,972.34
,"Chlamydia","274","2003","2003","White","2106-3","Female","F","25-29 years","25-29",17236,5711126,301.80
,"Chlamydia","274","2003","2003","White","2106-3","Female","F","30-34 years","30-34",5946,6476430,91.81
,"Chlamydia","274","2003","2003","White","2106-3","Female","F","35-39 years","35-39",2327,7092435,32.81
,"Chlamydia","274","2003","2003","White","2106-3","Female","F","40+ years","40+",1949,51868068,3.76
,"Chlamydia","274","2003","2003","White","2106-3","Female","F","Unknown","99",845,Not Applicable,Not Applicable
,"Chlamydia","274","2003","2003","White","2106-3","Male","M","0-14 years","0-14",171,18688544,0.91
,"Chlamydia","274","2003","2003","White","2106-3","Male","M","15-19 years","15-19",6966,6718648,103.68
,"Chlamydia","274","2003","2003","White","2106-3","Male","M","20-24 years","20-24",16426,6517919,252.01
,"Chlamydia","274","2003","2003","White","2106-3","Male","M","25-29 years","25-29",7163,5823366,123.00
,"Chlamydia","274","2003","2003","White","2106-3","Male","M","30-34 years","30-34",3200,6569571,48.71
,"Chlamydia","274","2003","2003","White","2106-3","Male","M","35-39 years","35-39",1885,7138479,26.41
,"Chlamydia","274","2003","2003","White","2106-3","Male","M","40+ years","40+",2477,46202988,5.36
,"Chlamydia","274","2003","2003","White","2106-3","Male","M","Unknown","99",218,Not Applicable,Not Applicable
,"Chlamydia","274","2003","2003","White","2106-3","Unknown","U","0-14 years","0-14",4,Not Applicable,Not Applicable
,"Chlamydia","274","2003","2003","White","2106-3","Unknown","U","15-19 years","15-19",51,Not Applicable,Not Applicable
,"Chlamydia","274","2003","2003","White","2106-3","Unknown","U","20-24 years","20-24",44,Not Applicable,Not Applicable
,"Chlamydia","274","2003","2003","White","2106-3","Unknown","U","25-29 years","25-29",14,Not Applicable,Not Applicable
,"Chlamydia","274","2003","2003","White","2106-3","Unknown","U","30-34 years","30-34",12,Not Applicable,Not Applicable
,"Chlamydia","274","2003","2003","White","2106-3","Unknown","U","35-39 years","35-39",2,Not Applicable,Not Applicable
,"Chlamydia","274","2003","2003","White","2106-3","Unknown","U","40+ years","40+",6,Not Applicable,Not Applicable
,"Chlamydia","274","2003","2003","White","2106-3","Unknown","U","Unknown","99",12,Not Applicable,Not Applicable
,"Chlamydia","274","2004","2004","Black or African American","2054-5","Female","F","0-14 years","0-14",6195,4659820,132.94
,"Chlamydia","274","2004","2004","Black or African American","2054-5","Female","F","15-19 years","15-19",98728,1550705,6366.65
,"Chlamydia","274","2004","2004","Black or African American","2054-5","Female","F","20-24 years","20-24",84856,1495431,5674.35
,"Chlamydia","274","2004","2004","Black or African American","2054-5","Female","F","25-29 years","25-29",29084,1350322,2153.86
,"Chlamydia","274","2004","2004","Black or African American","2054-5","Female","F","30-34 years","30-34",10074,1384303,727.73
,"Chlamydia","274","2004","2004","Black or African American","2054-5","Female","F","35-39 years","35-39",4050,1405377,288.18
,"Chlamydia","274","2004","2004","Black or African American","2054-5","Female","F","40+ years","40+",3302,7484533,44.12
,"Chlamydia","274","2004","2004","Black or African American","2054-5","Female","F","Unknown","99",632,Not Applicable,Not Applicable
,"Chlamydia","274","2004","2004","Black or African American","2054-5","Male","M","0-14 years","0-14",737,4811585,15.32
,"Chlamydia","274","2004","2004","Black or African American","2054-5","Male","M","15-19 years","15-19",22720,1593352,1425.92
,"Chlamydia","274","2004","2004","Black or African American","2054-5","Male","M","20-24 years","20-24",31157,1499742,2077.49
,"Chlamydia","274","2004","2004","Black or African American","2054-5","Male","M","25-29 years","25-29",14644,1257034,1164.96
,"Chlamydia","274","2004","2004","Black or African American","2054-5","Male","M","30-34 years","30-34",7317,1247196,586.68
,"Chlamydia","274","2004","2004","Black or African American","2054-5","Male","M","35-39 years","35-39",3813,1254414,303.97
,"Chlamydia","274","2004","2004","Black or African American","2054-5","Male","M","40+ years","40+",4241,5927799,71.54
,"Chlamydia","274","2004","2004","Black or African American","2054-5","Male","M","Unknown","99",243,Not Applicable,Not Applicable
,"Chlamydia","274","2004","2004","Black or African American","2054-5","Unknown","U","0-14 years","0-14",4,Not Applicable,Not Applicable
,"Chlamydia","274","2004","2004","Black or African American","2054-5","Unknown","U","15-19 years","15-19",56,Not Applicable,Not Applicable
,"Chlamydia","274","2004","2004","Black or African American","2054-5","Unknown","U","20-24 years","20-24",45,Not Applicable,Not Applicable
,"Chlamydia","274","2004","2004","Black or African American","2054-5","Unknown","U","25-29 years","25-29",12,Not Applicable,Not Applicable
,"Chlamydia","274","2004","2004","Black or African American","2054-5","Unknown","U","30-34 years","30-34",6,Not Applicable,Not Applicable
,"Chlamydia","274","2004","2004","Black or African American","2054-5","Unknown","U","40+ years","40+",4,Not Applicable,Not Applicable
,"Chlamydia","274","2004","2004","Black or African American","2054-5","Unknown","U","Unknown","99",9,Not Applicable,Not Applicable
,"Chlamydia","274","2004","2004","Hispanic","Hispanic","Female","F","0-14 years","0-14",1592,5881123,27.07
,"Chlamydia","274","2004","2004","Hispanic","Hispanic","Female","F","15-19 years","15-19",32398,1610907,2011.17
,"Chlamydia","274","2004","2004","Hispanic","Hispanic","Female","F","20-24 years","20-24",35848,1692204,2118.42
,"Chlamydia","274","2004","2004","Hispanic","Hispanic","Female","F","25-29 years","25-29",16153,1746376,924.94
,"Chlamydia","274","2004","2004","Hispanic","Hispanic","Female","F","30-34 years","30-34",6851,1707611,401.20
,"Chlamydia","274","2004","2004","Hispanic","Hispanic","Female","F","35-39 years","35-39",2816,1531559,183.87
,"Chlamydia","274","2004","2004","Hispanic","Hispanic","Female","F","40+ years","40+",1879,5805226,32.37
,"Chlamydia","274","2004","2004","Hispanic","Hispanic","Female","F","Unknown","99",419,Not Applicable,Not Applicable
,"Chlamydia","274","2004","2004","Hispanic","Hispanic","Male","M","0-14 years","0-14",222,6150998,3.61
,"Chlamydia","274","2004","2004","Hispanic","Hispanic","Male","M","15-19 years","15-19",6349,1721907,368.72
,"Chlamydia","274","2004","2004","Hispanic","Hispanic","Male","M","20-24 years","20-24",11164,2072562,538.66
,"Chlamydia","274","2004","2004","Hispanic","Hispanic","Male","M","25-29 years","25-29",5902,2169076,272.10
,"Chlamydia","274","2004","2004","Hispanic","Hispanic","Male","M","30-34 years","30-34",2718,1993481,136.34
,"Chlamydia","274","2004","2004","Hispanic","Hispanic","Male","M","35-39 years","35-39",1289,1740426,74.06
,"Chlamydia","274","2004","2004","Hispanic","Hispanic","Male","M","40+ years","40+",1044,5498617,18.99
,"Chlamydia","274","2004","2004","Hispanic","Hispanic","Male","M","Unknown","99",180,Not Applicable,Not Applicable
,"Chlamydia","274","2004","2004","Hispanic","Hispanic","Unknown","U","0-14 years","0-14",4,Not Applicable,Not Applicable
,"Chlamydia","274","2004","2004","Hispanic","Hispanic","Unknown","U","15-19 years","15-19",22,Not Applicable,Not Applicable
,"Chlamydia","274","2004","2004","Hispanic","Hispanic","Unknown","U","20-24 years","20-24",28,Not Applicable,Not Applicable
,"Chlamydia","274","2004","2004","Hispanic","Hispanic","Unknown","U","25-29 years","25-29",11,Not Applicable,Not Applicable
,"Chlamydia","274","2004","2004","Hispanic","Hispanic","Unknown","U","30-34 years","30-34",9,Not Applicable,Not Applicable
,"Chlamydia","274","2004","2004","Hispanic","Hispanic","Unknown","U","35-39 years","35-39",4,Not Applicable,Not Applicable
,"Chlamydia","274","2004","2004","Hispanic","Hispanic","Unknown","U","40+ years","40+",5,Not Applicable,Not Applicable
,"Chlamydia","274","2004","2004","Hispanic","Hispanic","Unknown","U","Unknown","99",10,Not Applicable,Not Applicable
,"Chlamydia","274","2004","2004","White","2106-3","Female","F","0-14 years","0-14",2458,17568736,13.99
,"Chlamydia","274","2004","2004","White","2106-3","Female","F","15-19 years","15-19",64737,6398834,1011.70
,"Chlamydia","274","2004","2004","White","2106-3","Female","F","20-24 years","20-24",65911,6383764,1032.48
,"Chlamydia","274","2004","2004","White","2106-3","Female","F","25-29 years","25-29",19706,5804787,339.48
,"Chlamydia","274","2004","2004","White","2106-3","Female","F","30-34 years","30-34",6379,6289881,101.42
,"Chlamydia","274","2004","2004","White","2106-3","Female","F","35-39 years","35-39",2531,6868928,36.85
,"Chlamydia","274","2004","2004","White","2106-3","Female","F","40+ years","40+",2170,52474400,4.14
,"Chlamydia","274","2004","2004","White","2106-3","Female","F","Unknown","99",690,Not Applicable,Not Applicable
,"Chlamydia","274","2004","2004","White","2106-3","Male","M","0-14 years","0-14",169,18512517,0.91
,"Chlamydia","274","2004","2004","White","2106-3","Male","M","15-19 years","15-19",7573,6756738,112.08
,"Chlamydia","274","2004","2004","White","2106-3","Male","M","20-24 years","20-24",17955,6619253,271.25
,"Chlamydia","274","2004","2004","White","2106-3","Male","M","25-29 years","25-29",8274,5921875,139.72
,"Chlamydia","274","2004","2004","White","2106-3","Male","M","30-34 years","30-34",3461,6379246,54.25
,"Chlamydia","274","2004","2004","White","2106-3","Male","M","35-39 years","35-39",1980,6930132,28.57
,"Chlamydia","274","2004","2004","White","2106-3","Male","M","40+ years","40+",2644,46866425,5.64
,"Chlamydia","274","2004","2004","White","2106-3","Male","M","Unknown","99",208,Not Applicable,Not Applicable
,"Chlamydia","274","2004","2004","White","2106-3","Unknown","U","15-19 years","15-19",25,Not Applicable,Not Applicable
,"Chlamydia","274","2004","2004","White","2106-3","Unknown","U","20-24 years","20-24",39,Not Applicable,Not Applicable
,"Chlamydia","274","2004","2004","White","2106-3","Unknown","U","25-29 years","25-29",17,Not Applicable,Not Applicable
,"Chlamydia","274","2004","2004","White","2106-3","Unknown","U","30-34 years","30-34",1,Not Applicable,Not Applicable
,"Chlamydia","274","2004","2004","White","2106-3","Unknown","U","35-39 years","35-39",1,Not Applicable,Not Applicable
,"Chlamydia","274","2004","2004","White","2106-3","Unknown","U","40+ years","40+",5,Not Applicable,Not Applicable
,"Chlamydia","274","2004","2004","White","2106-3","Unknown","U","Unknown","99",11,Not Applicable,Not Applicable
,"Chlamydia","274","2005","2005","Black or African American","2054-5","Female","F","0-14 years","0-14",5547,4621705,120.02
,"Chlamydia","274","2005","2005","Black or African American","2054-5","Female","F","15-19 years","15-19",99052,1598166,6197.85
,"Chlamydia","274","2005","2005","Black or African American","2054-5","Female","F","20-24 years","20-24",82837,1496094,5536.88
,"Chlamydia","274","2005","2005","Black or African American","2054-5","Female","F","25-29 years","25-29",29412,1395735,2107.28
,"Chlamydia","274","2005","2005","Black or African American","2054-5","Female","F","30-34 years","30-34",9914,1359475,729.25
,"Chlamydia","274","2005","2005","Black or African American","2054-5","Female","F","35-39 years","35-39",3898,1393243,279.78
,"Chlamydia","274","2005","2005","Black or African American","2054-5","Female","F","40+ years","40+",3204,7672467,41.76
,"Chlamydia","274","2005","2005","Black or African American","2054-5","Female","F","Unknown","99",446,Not Applicable,Not Applicable
,"Chlamydia","274","2005","2005","Black or African American","2054-5","Male","M","0-14 years","0-14",751,4774578,15.73
,"Chlamydia","274","2005","2005","Black or African American","2054-5","Male","M","15-19 years","15-19",24864,1640851,1515.31
,"Chlamydia","274","2005","2005","Black or African American","2054-5","Male","M","20-24 years","20-24",32910,1518634,2167.08
,"Chlamydia","274","2005","2005","Black or African American","2054-5","Male","M","25-29 years","25-29",16009,1313782,1218.54
,"Chlamydia","274","2005","2005","Black or African American","2054-5","Male","M","30-34 years","30-34",7579,1226644,617.87
,"Chlamydia","274","2005","2005","Black or African American","2054-5","Male","M","35-39 years","35-39",3942,1246215,316.32
,"Chlamydia","274","2005","2005","Black or African American","2054-5","Male","M","40+ years","40+",4474,6082977,73.55
,"Chlamydia","274","2005","2005","Black or African American","2054-5","Male","M","Unknown","99",232,Not Applicable,Not Applicable
,"Chlamydia","274","2005","2005","Black or African American","2054-5","Unknown","U","0-14 years","0-14",8,Not Applicable,Not Applicable
,"Chlamydia","274","2005","2005","Black or African American","2054-5","Unknown","U","15-19 years","15-19",59,Not Applicable,Not Applicable
,"Chlamydia","274","2005","2005","Black or African American","2054-5","Unknown","U","20-24 years","20-24",62,Not Applicable,Not Applicable
,"Chlamydia","274","2005","2005","Black or African American","2054-5","Unknown","U","25-29 years","25-29",20,Not Applicable,Not Applicable
,"Chlamydia","274","2005","2005","Black or African American","2054-5","Unknown","U","30-34 years","30-34",4,Not Applicable,Not Applicable
,"Chlamydia","274","2005","2005","Black or African American","2054-5","Unknown","U","35-39 years","35-39",5,Not Applicable,Not Applicable
,"Chlamydia","274","2005","2005","Black or African American","2054-5","Unknown","U","40+ years","40+",6,Not Applicable,Not Applicable
,"Chlamydia","274","2005","2005","Black or African American","2054-5","Unknown","U","Unknown","99",11,Not Applicable,Not Applicable
,"Chlamydia","274","2005","2005","Hispanic","Hispanic","Female","F","0-14 years","0-14",1548,6033660,25.66
,"Chlamydia","274","2005","2005","Hispanic","Hispanic","Female","F","15-19 years","15-19",34420,1676465,2053.13
,"Chlamydia","274","2005","2005","Hispanic","Hispanic","Female","F","20-24 years","20-24",38885,1693390,2296.28
,"Chlamydia","274","2005","2005","Hispanic","Hispanic","Female","F","25-29 years","25-29",17640,1786681,987.31
,"Chlamydia","274","2005","2005","Hispanic","Hispanic","Female","F","30-34 years","30-34",7415,1745406,424.83
,"Chlamydia","274","2005","2005","Hispanic","Hispanic","Female","F","35-39 years","35-39",3169,1580480,200.51
,"Chlamydia","274","2005","2005","Hispanic","Hispanic","Female","F","40+ years","40+",2073,6105691,33.95
,"Chlamydia","274","2005","2005","Hispanic","Hispanic","Female","F","Unknown","99",357,Not Applicable,Not Applicable
,"Chlamydia","274","2005","2005","Hispanic","Hispanic","Male","M","0-14 years","0-14",202,6309883,3.20
,"Chlamydia","274","2005","2005","Hispanic","Hispanic","Male","M","15-19 years","15-19",6902,1784471,386.78
,"Chlamydia","274","2005","2005","Hispanic","Hispanic","Male","M","20-24 years","20-24",12225,2038460,599.72
,"Chlamydia","274","2005","2005","Hispanic","Hispanic","Male","M","25-29 years","25-29",6857,2242421,305.79
,"Chlamydia","274","2005","2005","Hispanic","Hispanic","Male","M","30-34 years","30-34",3177,2052442,154.79
,"Chlamydia","274","2005","2005","Hispanic","Hispanic","Male","M","35-39 years","35-39",1476,1809017,81.59
,"Chlamydia","274","2005","2005","Hispanic","Hispanic","Male","M","40+ years","40+",1192,5828757,20.45
,"Chlamydia","274","2005","2005","Hispanic","Hispanic","Male","M","Unknown","99",141,Not Applicable,Not Applicable
,"Chlamydia","274","2005","2005","Hispanic","Hispanic","Unknown","U","15-19 years","15-19",37,Not Applicable,Not Applicable
,"Chlamydia","274","2005","2005","Hispanic","Hispanic","Unknown","U","20-24 years","20-24",33,Not Applicable,Not Applicable
,"Chlamydia","274","2005","2005","Hispanic","Hispanic","Unknown","U","25-29 years","25-29",22,Not Applicable,Not Applicable
,"Chlamydia","274","2005","2005","Hispanic","Hispanic","Unknown","U","30-34 years","30-34",13,Not Applicable,Not Applicable
,"Chlamydia","274","2005","2005","Hispanic","Hispanic","Unknown","U","35-39 years","35-39",3,Not Applicable,Not Applicable
,"Chlamydia","274","2005","2005","Hispanic","Hispanic","Unknown","U","40+ years","40+",7,Not Applicable,Not Applicable
,"Chlamydia","274","2005","2005","Hispanic","Hispanic","Unknown","U","Unknown","99",2,Not Applicable,Not Applicable
,"Chlamydia","274","2005","2005","White","2106-3","Female","F","0-14 years","0-14",2284,17379668,13.14
,"Chlamydia","274","2005","2005","White","2106-3","Female","F","15-19 years","15-19",64703,6433446,1005.73
,"Chlamydia","274","2005","2005","White","2106-3","Female","F","20-24 years","20-24",69191,6399197,1081.25
,"Chlamydia","274","2005","2005","White","2106-3","Female","F","25-29 years","25-29",21449,5946510,360.70
,"Chlamydia","274","2005","2005","White","2106-3","Female","F","30-34 years","30-34",7040,6061783,116.14
,"Chlamydia","274","2005","2005","White","2106-3","Female","F","35-39 years","35-39",2831,6763082,41.86
,"Chlamydia","274","2005","2005","White","2106-3","Female","F","40+ years","40+",2316,53047681,4.37
,"Chlamydia","274","2005","2005","White","2106-3","Female","F","Unknown","99",636,Not Applicable,Not Applicable
,"Chlamydia","274","2005","2005","White","2106-3","Male","M","0-14 years","0-14",154,18304243,0.84
,"Chlamydia","274","2005","2005","White","2106-3","Male","M","15-19 years","15-19",7611,6793544,112.03
,"Chlamydia","274","2005","2005","White","2106-3","Male","M","20-24 years","20-24",19704,6688933,294.58
,"Chlamydia","274","2005","2005","White","2106-3","Male","M","25-29 years","25-29",9118,6058607,150.50
,"Chlamydia","274","2005","2005","White","2106-3","Male","M","30-34 years","30-34",3605,6144659,58.67
,"Chlamydia","274","2005","2005","White","2106-3","Male","M","35-39 years","35-39",2186,6837587,31.97
,"Chlamydia","274","2005","2005","White","2106-3","Male","M","40+ years","40+",3024,47499338,6.37
,"Chlamydia","274","2005","2005","White","2106-3","Male","M","Unknown","99",199,Not Applicable,Not Applicable
,"Chlamydia","274","2005","2005","White","2106-3","Unknown","U","0-14 years","0-14",4,Not Applicable,Not Applicable
,"Chlamydia","274","2005","2005","White","2106-3","Unknown","U","15-19 years","15-19",30,Not Applicable,Not Applicable
,"Chlamydia","274","2005","2005","White","2106-3","Unknown","U","20-24 years","20-24",35,Not Applicable,Not Applicable
,"Chlamydia","274","2005","2005","White","2106-3","Unknown","U","25-29 years","25-29",20,Not Applicable,Not Applicable
,"Chlamydia","274","2005","2005","White","2106-3","Unknown","U","30-34 years","30-34",12,Not Applicable,Not Applicable
,"Chlamydia","274","2005","2005","White","2106-3","Unknown","U","35-39 years","35-39",3,Not Applicable,Not Applicable
,"Chlamydia","274","2005","2005","White","2106-3","Unknown","U","40+ years","40+",5,Not Applicable,Not Applicable
,"Chlamydia","274","2005","2005","White","2106-3","Unknown","U","Unknown","99",5,Not Applicable,Not Applicable
,"Chlamydia","274","2006","2006","Black or African American","2054-5","Female","F","0-14 years","0-14",5407,4602290,117.48
,"Chlamydia","274","2006","2006","Black or African American","2054-5","Female","F","15-19 years","15-19",105051,1636874,6417.78
,"Chlamydia","274","2006","2006","Black or African American","2054-5","Female","F","20-24 years","20-24",87007,1501877,5793.22
,"Chlamydia","274","2006","2006","Black or African American","2054-5","Female","F","25-29 years","25-29",31600,1444805,2187.15
,"Chlamydia","274","2006","2006","Black or African American","2054-5","Female","F","30-34 years","30-34",10399,1330240,781.74
,"Chlamydia","274","2006","2006","Black or African American","2054-5","Female","F","35-39 years","35-39",4102,1400752,292.84
,"Chlamydia","274","2006","2006","Black or African American","2054-5","Female","F","40+ years","40+",3343,7836761,42.66
,"Chlamydia","274","2006","2006","Black or African American","2054-5","Female","F","Unknown","99",597,Not Applicable,Not Applicable
,"Chlamydia","274","2006","2006","Black or African American","2054-5","Male","M","0-14 years","0-14",770,4755647,16.19
,"Chlamydia","274","2006","2006","Black or African American","2054-5","Male","M","15-19 years","15-19",27806,1681355,1653.79
,"Chlamydia","274","2006","2006","Black or African American","2054-5","Male","M","20-24 years","20-24",35497,1536512,2310.23
,"Chlamydia","274","2006","2006","Black or African American","2054-5","Male","M","25-29 years","25-29",17506,1365181,1282.32
,"Chlamydia","274","2006","2006","Black or African American","2054-5","Male","M","30-34 years","30-34",8088,1202056,672.85
,"Chlamydia","274","2006","2006","Black or African American","2054-5","Male","M","35-39 years","35-39",4542,1247562,364.07
,"Chlamydia","274","2006","2006","Black or African American","2054-5","Male","M","40+ years","40+",4973,6209585,80.09
,"Chlamydia","274","2006","2006","Black or African American","2054-5","Male","M","Unknown","99",325,Not Applicable,Not Applicable
,"Chlamydia","274","2006","2006","Black or African American","2054-5","Unknown","U","0-14 years","0-14",7,Not Applicable,Not Applicable
,"Chlamydia","274","2006","2006","Black or African American","2054-5","Unknown","U","15-19 years","15-19",86,Not Applicable,Not Applicable
,"Chlamydia","274","2006","2006","Black or African American","2054-5","Unknown","U","20-24 years","20-24",83,Not Applicable,Not Applicable
,"Chlamydia","274","2006","2006","Black or African American","2054-5","Unknown","U","25-29 years","25-29",19,Not Applicable,Not Applicable
,"Chlamydia","274","2006","2006","Black or African American","2054-5","Unknown","U","30-34 years","30-34",11,Not Applicable,Not Applicable
,"Chlamydia","274","2006","2006","Black or African American","2054-5","Unknown","U","35-39 years","35-39",10,Not Applicable,Not Applicable
,"Chlamydia","274","2006","2006","Black or African American","2054-5","Unknown","U","40+ years","40+",4,Not Applicable,Not Applicable
,"Chlamydia","274","2006","2006","Black or African American","2054-5","Unknown","U","Unknown","99",14,Not Applicable,Not Applicable
,"Chlamydia","274","2006","2006","Hispanic","Hispanic","Female","F","0-14 years","0-14",1442,6226277,23.16
,"Chlamydia","274","2006","2006","Hispanic","Hispanic","Female","F","15-19 years","15-19",36364,1755297,2071.67
,"Chlamydia","274","2006","2006","Hispanic","Hispanic","Female","F","20-24 years","20-24",41292,1714394,2408.55
,"Chlamydia","274","2006","2006","Hispanic","Hispanic","Female","F","25-29 years","25-29",19155,1841265,1040.32
,"Chlamydia","274","2006","2006","Hispanic","Hispanic","Female","F","30-34 years","30-34",8098,1794301,451.32
,"Chlamydia","274","2006","2006","Hispanic","Hispanic","Female","F","35-39 years","35-39",3457,1647044,209.89
,"Chlamydia","274","2006","2006","Hispanic","Hispanic","Female","F","40+ years","40+",2266,6417410,35.31
,"Chlamydia","274","2006","2006","Hispanic","Hispanic","Female","F","Unknown","99",271,Not Applicable,Not Applicable
,"Chlamydia","274","2006","2006","Hispanic","Hispanic","Male","M","0-14 years","0-14",225,6511618,3.46
,"Chlamydia","274","2006","2006","Hispanic","Hispanic","Male","M","15-19 years","15-19",7337,1867487,392.88
,"Chlamydia","274","2006","2006","Hispanic","Hispanic","Male","M","20-24 years","20-24",13246,2037649,650.06
,"Chlamydia","274","2006","2006","Hispanic","Hispanic","Male","M","25-29 years","25-29",7711,2321535,332.15
,"Chlamydia","274","2006","2006","Hispanic","Hispanic","Male","M","30-34 years","30-34",3397,2134606,159.14
,"Chlamydia","274","2006","2006","Hispanic","Hispanic","Male","M","35-39 years","35-39",1658,1885430,87.94
,"Chlamydia","274","2006","2006","Hispanic","Hispanic","Male","M","40+ years","40+",1421,6166725,23.04
,"Chlamydia","274","2006","2006","Hispanic","Hispanic","Male","M","Unknown","99",119,Not Applicable,Not Applicable
,"Chlamydia","274","2006","2006","Hispanic","Hispanic","Unknown","U","0-14 years","0-14",5,Not Applicable,Not Applicable
,"Chlamydia","274","2006","2006","Hispanic","Hispanic","Unknown","U","15-19 years","15-19",43,Not Applicable,Not Applicable
,"Chlamydia","274","2006","2006","Hispanic","Hispanic","Unknown","U","20-24 years","20-24",50,Not Applicable,Not Applicable
,"Chlamydia","274","2006","2006","Hispanic","Hispanic","Unknown","U","25-29 years","25-29",19,Not Applicable,Not Applicable
,"Chlamydia","274","2006","2006","Hispanic","Hispanic","Unknown","U","30-34 years","30-34",13,Not Applicable,Not Applicable
,"Chlamydia","274","2006","2006","Hispanic","Hispanic","Unknown","U","35-39 years","35-39",11,Not Applicable,Not Applicable
,"Chlamydia","274","2006","2006","Hispanic","Hispanic","Unknown","U","40+ years","40+",10,Not Applicable,Not Applicable
,"Chlamydia","274","2006","2006","Hispanic","Hispanic","Unknown","U","Unknown","99",15,Not Applicable,Not Applicable
,"Chlamydia","274","2006","2006","White","2106-3","Female","F","0-14 years","0-14",2020,17202123,11.74
,"Chlamydia","274","2006","2006","White","2106-3","Female","F","15-19 years","15-19",63920,6446759,991.51
,"Chlamydia","274","2006","2006","White","2106-3","Female","F","20-24 years","20-24",69995,6392691,1094.92
,"Chlamydia","274","2006","2006","White","2106-3","Female","F","25-29 years","25-29",23725,6150454,385.74
,"Chlamydia","274","2006","2006","White","2106-3","Female","F","30-34 years","30-34",7445,5830404,127.69
,"Chlamydia","274","2006","2006","White","2106-3","Female","F","35-39 years","35-39",3172,6749433,47.00
,"Chlamydia","274","2006","2006","White","2106-3","Female","F","40+ years","40+",2527,53480409,4.73
,"Chlamydia","274","2006","2006","White","2106-3","Female","F","Unknown","99",546,Not Applicable,Not Applicable
,"Chlamydia","274","2006","2006","White","2106-3","Male","M","0-14 years","0-14",135,18112755,0.75
,"Chlamydia","274","2006","2006","White","2106-3","Male","M","15-19 years","15-19",7924,6804441,116.45
,"Chlamydia","274","2006","2006","White","2106-3","Male","M","20-24 years","20-24",20735,6721952,308.47
,"Chlamydia","274","2006","2006","White","2106-3","Male","M","25-29 years","25-29",10332,6225042,165.97
,"Chlamydia","274","2006","2006","White","2106-3","Male","M","30-34 years","30-34",4064,5903158,68.84
,"Chlamydia","274","2006","2006","White","2106-3","Male","M","35-39 years","35-39",2352,6811549,34.53
,"Chlamydia","274","2006","2006","White","2106-3","Male","M","40+ years","40+",3137,47960745,6.54
,"Chlamydia","274","2006","2006","White","2106-3","Male","M","Unknown","99",181,Not Applicable,Not Applicable
,"Chlamydia","274","2006","2006","White","2106-3","Unknown","U","15-19 years","15-19",39,Not Applicable,Not Applicable
,"Chlamydia","274","2006","2006","White","2106-3","Unknown","U","20-24 years","20-24",49,Not Applicable,Not Applicable
,"Chlamydia","274","2006","2006","White","2106-3","Unknown","U","25-29 years","25-29",23,Not Applicable,Not Applicable
,"Chlamydia","274","2006","2006","White","2106-3","Unknown","U","30-34 years","30-34",8,Not Applicable,Not Applicable
,"Chlamydia","274","2006","2006","White","2106-3","Unknown","U","35-39 years","35-39",4,Not Applicable,Not Applicable
,"Chlamydia","274","2006","2006","White","2106-3","Unknown","U","40+ years","40+",6,Not Applicable,Not Applicable
,"Chlamydia","274","2006","2006","White","2106-3","Unknown","U","Unknown","99",12,Not Applicable,Not Applicable
,"Chlamydia","274","2007","2007","Black or African American","2054-5","Female","F","0-14 years","0-14",5533,4601476,120.24
,"Chlamydia","274","2007","2007","Black or African American","2054-5","Female","F","15-19 years","15-19",115282,1664127,6927.48
,"Chlamydia","274","2007","2007","Black or African American","2054-5","Female","F","20-24 years","20-24",95635,1508904,6338.04
,"Chlamydia","274","2007","2007","Black or African American","2054-5","Female","F","25-29 years","25-29",34884,1474098,2366.46
,"Chlamydia","274","2007","2007","Black or African American","2054-5","Female","F","30-34 years","30-34",11953,1320991,904.85
,"Chlamydia","274","2007","2007","Black or African American","2054-5","Female","F","35-39 years","35-39",4707,1404546,335.13
,"Chlamydia","274","2007","2007","Black or African American","2054-5","Female","F","40+ years","40+",3921,7980580,49.13
,"Chlamydia","274","2007","2007","Black or African American","2054-5","Female","F","Unknown","99",519,Not Applicable,Not Applicable
,"Chlamydia","274","2007","2007","Black or African American","2054-5","Male","M","0-14 years","0-14",837,4752747,17.61
,"Chlamydia","274","2007","2007","Black or African American","2054-5","Male","M","15-19 years","15-19",32378,1709634,1893.86
,"Chlamydia","274","2007","2007","Black or African American","2054-5","Male","M","20-24 years","20-24",40976,1546015,2650.43
,"Chlamydia","274","2007","2007","Black or African American","2054-5","Male","M","25-29 years","25-29",20271,1412079,1435.54
,"Chlamydia","274","2007","2007","Black or African American","2054-5","Male","M","30-34 years","30-34",9228,1197198,770.80
,"Chlamydia","274","2007","2007","Black or African American","2054-5","Male","M","35-39 years","35-39",5030,1253127,401.40
,"Chlamydia","274","2007","2007","Black or African American","2054-5","Male","M","40+ years","40+",5745,6321772,90.88
,"Chlamydia","274","2007","2007","Black or African American","2054-5","Male","M","Unknown","99",235,Not Applicable,Not Applicable
,"Chlamydia","274","2007","2007","Black or African American","2054-5","Unknown","U","0-14 years","0-14",7,Not Applicable,Not Applicable
,"Chlamydia","274","2007","2007","Black or African American","2054-5","Unknown","U","15-19 years","15-19",135,Not Applicable,Not Applicable
,"Chlamydia","274","2007","2007","Black or African American","2054-5","Unknown","U","20-24 years","20-24",102,Not Applicable,Not Applicable
,"Chlamydia","274","2007","2007","Black or African American","2054-5","Unknown","U","25-29 years","25-29",28,Not Applicable,Not Applicable
,"Chlamydia","274","2007","2007","Black or African American","2054-5","Unknown","U","30-34 years","30-34",13,Not Applicable,Not Applicable
,"Chlamydia","274","2007","2007","Black or African American","2054-5","Unknown","U","35-39 years","35-39",9,Not Applicable,Not Applicable
,"Chlamydia","274","2007","2007","Black or African American","2054-5","Unknown","U","40+ years","40+",13,Not Applicable,Not Applicable
,"Chlamydia","274","2007","2007","Black or African American","2054-5","Unknown","U","Unknown","99",11,Not Applicable,Not Applicable
,"Chlamydia","274","2007","2007","Hispanic","Hispanic","Female","F","0-14 years","0-14",1485,6404679,23.19
,"Chlamydia","274","2007","2007","Hispanic","Hispanic","Female","F","15-19 years","15-19",37820,1816939,2081.52
,"Chlamydia","274","2007","2007","Hispanic","Hispanic","Female","F","20-24 years","20-24",42013,1709626,2457.44
,"Chlamydia","274","2007","2007","Hispanic","Hispanic","Female","F","25-29 years","25-29",19795,1849615,1070.22
,"Chlamydia","274","2007","2007","Hispanic","Hispanic","Female","F","30-34 years","30-34",8321,1815192,458.41
,"Chlamydia","274","2007","2007","Hispanic","Hispanic","Female","F","35-39 years","35-39",3512,1695450,207.14
,"Chlamydia","274","2007","2007","Hispanic","Hispanic","Female","F","40+ years","40+",2436,6689230,36.42
,"Chlamydia","274","2007","2007","Hispanic","Hispanic","Female","F","Unknown","99",217,Not Applicable,Not Applicable
,"Chlamydia","274","2007","2007","Hispanic","Hispanic","Male","M","0-14 years","0-14",216,6700214,3.22
,"Chlamydia","274","2007","2007","Hispanic","Hispanic","Male","M","15-19 years","15-19",7979,1929122,413.61
,"Chlamydia","274","2007","2007","Hispanic","Hispanic","Male","M","20-24 years","20-24",13591,1980450,686.26
,"Chlamydia","274","2007","2007","Hispanic","Hispanic","Male","M","25-29 years","25-29",7991,2325944,343.56
,"Chlamydia","274","2007","2007","Hispanic","Hispanic","Male","M","30-34 years","30-34",3576,2177384,164.23
,"Chlamydia","274","2007","2007","Hispanic","Hispanic","Male","M","35-39 years","35-39",1763,1946955,90.55
,"Chlamydia","274","2007","2007","Hispanic","Hispanic","Male","M","40+ years","40+",1545,6463511,23.90
,"Chlamydia","274","2007","2007","Hispanic","Hispanic","Male","M","Unknown","99",102,Not Applicable,Not Applicable
,"Chlamydia","274","2007","2007","Hispanic","Hispanic","Unknown","U","0-14 years","0-14",7,Not Applicable,Not Applicable
,"Chlamydia","274","2007","2007","Hispanic","Hispanic","Unknown","U","15-19 years","15-19",52,Not Applicable,Not Applicable
,"Chlamydia","274","2007","2007","Hispanic","Hispanic","Unknown","U","20-24 years","20-24",52,Not Applicable,Not Applicable
,"Chlamydia","274","2007","2007","Hispanic","Hispanic","Unknown","U","25-29 years","25-29",26,Not Applicable,Not Applicable
,"Chlamydia","274","2007","2007","Hispanic","Hispanic","Unknown","U","30-34 years","30-34",15,Not Applicable,Not Applicable
,"Chlamydia","274","2007","2007","Hispanic","Hispanic","Unknown","U","35-39 years","35-39",6,Not Applicable,Not Applicable
,"Chlamydia","274","2007","2007","Hispanic","Hispanic","Unknown","U","40+ years","40+",5,Not Applicable,Not Applicable
,"Chlamydia","274","2007","2007","Hispanic","Hispanic","Unknown","U","Unknown","99",3,Not Applicable,Not Applicable
,"Chlamydia","274","2007","2007","White","2106-3","Female","F","0-14 years","0-14",1953,17072281,11.44
,"Chlamydia","274","2007","2007","White","2106-3","Female","F","15-19 years","15-19",67183,6431294,1044.63
,"Chlamydia","274","2007","2007","White","2106-3","Female","F","20-24 years","20-24",73977,6384068,1158.78
,"Chlamydia","274","2007","2007","White","2106-3","Female","F","25-29 years","25-29",25698,6277216,409.38
,"Chlamydia","274","2007","2007","White","2106-3","Female","F","30-34 years","30-34",8144,5733523,142.04
,"Chlamydia","274","2007","2007","White","2106-3","Female","F","35-39 years","35-39",3715,6656777,55.81
,"Chlamydia","274","2007","2007","White","2106-3","Female","F","40+ years","40+",2829,53862586,5.25
,"Chlamydia","274","2007","2007","White","2106-3","Female","F","Unknown","99",393,Not Applicable,Not Applicable
,"Chlamydia","274","2007","2007","White","2106-3","Male","M","0-14 years","0-14",153,17979419,0.85
,"Chlamydia","274","2007","2007","White","2106-3","Male","M","15-19 years","15-19",9047,6782639,133.38
,"Chlamydia","274","2007","2007","White","2106-3","Male","M","20-24 years","20-24",22184,6726470,329.80
,"Chlamydia","274","2007","2007","White","2106-3","Male","M","25-29 years","25-29",11492,6369087,180.43
,"Chlamydia","274","2007","2007","White","2106-3","Male","M","30-34 years","30-34",4441,5805331,76.50
,"Chlamydia","274","2007","2007","White","2106-3","Male","M","35-39 years","35-39",2563,6723574,38.12
,"Chlamydia","274","2007","2007","White","2106-3","Male","M","40+ years","40+",3655,48387823,7.55
,"Chlamydia","274","2007","2007","White","2106-3","Male","M","Unknown","99",140,Not Applicable,Not Applicable
,"Chlamydia","274","2007","2007","White","2106-3","Unknown","U","15-19 years","15-19",51,Not Applicable,Not Applicable
,"Chlamydia","274","2007","2007","White","2106-3","Unknown","U","20-24 years","20-24",46,Not Applicable,Not Applicable
,"Chlamydia","274","2007","2007","White","2106-3","Unknown","U","25-29 years","25-29",16,Not Applicable,Not Applicable
,"Chlamydia","274","2007","2007","White","2106-3","Unknown","U","30-34 years","30-34",4,Not Applicable,Not Applicable
,"Chlamydia","274","2007","2007","White","2106-3","Unknown","U","35-39 years","35-39",6,Not Applicable,Not Applicable
,"Chlamydia","274","2007","2007","White","2106-3","Unknown","U","40+ years","40+",5,Not Applicable,Not Applicable
,"Chlamydia","274","2007","2007","White","2106-3","Unknown","U","Unknown","99",9,Not Applicable,Not Applicable
,"Chlamydia","274","2008","2008","Black or African American","2054-5","Female","F","0-14 years","0-14",5694,4472733,127.31
,"Chlamydia","274","2008","2008","Black or African American","2054-5","Female","F","15-19 years","15-19",126084,1679481,7507.32
,"Chlamydia","274","2008","2008","Black or African American","2054-5","Female","F","20-24 years","20-24",103283,1531005,6746.09
,"Chlamydia","274","2008","2008","Black or African American","2054-5","Female","F","25-29 years","25-29",37145,1497756,2480.04
,"Chlamydia","274","2008","2008","Black or African American","2054-5","Female","F","30-34 years","30-34",12687,1326232,956.62
,"Chlamydia","274","2008","2008","Black or African American","2054-5","Female","F","35-39 years","35-39",4973,1399454,355.35
,"Chlamydia","274","2008","2008","Black or African American","2054-5","Female","F","40+ years","40+",4257,8130450,52.36
,"Chlamydia","274","2008","2008","Black or African American","2054-5","Female","F","Unknown","99",383,Not Applicable,Not Applicable
,"Chlamydia","274","2008","2008","Black or African American","2054-5","Male","M","0-14 years","0-14",877,4623583,18.97
,"Chlamydia","274","2008","2008","Black or African American","2054-5","Male","M","15-19 years","15-19",36861,1728334,2132.75
,"Chlamydia","274","2008","2008","Black or African American","2054-5","Male","M","20-24 years","20-24",45631,1565166,2915.41
,"Chlamydia","274","2008","2008","Black or African American","2054-5","Male","M","25-29 years","25-29",22118,1459581,1515.37
,"Chlamydia","274","2008","2008","Black or African American","2054-5","Male","M","30-34 years","30-34",9749,1209615,805.96
,"Chlamydia","274","2008","2008","Black or African American","2054-5","Male","M","35-39 years","35-39",5279,1250116,422.28
,"Chlamydia","274","2008","2008","Black or African American","2054-5","Male","M","40+ years","40+",6033,6439178,93.69
,"Chlamydia","274","2008","2008","Black or African American","2054-5","Male","M","Unknown","99",225,Not Applicable,Not Applicable
,"Chlamydia","274","2008","2008","Black or African American","2054-5","Unknown","U","0-14 years","0-14",5,Not Applicable,Not Applicable
,"Chlamydia","274","2008","2008","Black or African American","2054-5","Unknown","U","15-19 years","15-19",134,Not Applicable,Not Applicable
,"Chlamydia","274","2008","2008","Black or African American","2054-5","Unknown","U","20-24 years","20-24",142,Not Applicable,Not Applicable
,"Chlamydia","274","2008","2008","Black or African American","2054-5","Unknown","U","25-29 years","25-29",37,Not Applicable,Not Applicable
,"Chlamydia","274","2008","2008","Black or African American","2054-5","Unknown","U","30-34 years","30-34",15,Not Applicable,Not Applicable
,"Chlamydia","274","2008","2008","Black or African American","2054-5","Unknown","U","35-39 years","35-39",15,Not Applicable,Not Applicable
,"Chlamydia","274","2008","2008","Black or African American","2054-5","Unknown","U","40+ years","40+",21,Not Applicable,Not Applicable
,"Chlamydia","274","2008","2008","Black or African American","2054-5","Unknown","U","Unknown","99",18,Not Applicable,Not Applicable
,"Chlamydia","274","2008","2008","Hispanic","Hispanic","Female","F","0-14 years","0-14",1621,6717715,24.13
,"Chlamydia","274","2008","2008","Hispanic","Hispanic","Female","F","15-19 years","15-19",41683,1869373,2229.79
,"Chlamydia","274","2008","2008","Hispanic","Hispanic","Female","F","20-24 years","20-24",45273,1717210,2636.43
,"Chlamydia","274","2008","2008","Hispanic","Hispanic","Female","F","25-29 years","25-29",20850,1843606,1130.94
,"Chlamydia","274","2008","2008","Hispanic","Hispanic","Female","F","30-34 years","30-34",8902,1824648,487.88
,"Chlamydia","274","2008","2008","Hispanic","Hispanic","Female","F","35-39 years","35-39",4050,1733199,233.67
,"Chlamydia","274","2008","2008","Hispanic","Hispanic","Female","F","40+ years","40+",2743,6983465,39.28
,"Chlamydia","274","2008","2008","Hispanic","Hispanic","Female","F","Unknown","99",205,Not Applicable,Not Applicable
,"Chlamydia","274","2008","2008","Hispanic","Hispanic","Male","M","0-14 years","0-14",223,7024024,3.17
,"Chlamydia","274","2008","2008","Hispanic","Hispanic","Male","M","15-19 years","15-19",9166,1980860,462.73
,"Chlamydia","274","2008","2008","Hispanic","Hispanic","Male","M","20-24 years","20-24",15577,1945788,800.55
,"Chlamydia","274","2008","2008","Hispanic","Hispanic","Male","M","25-29 years","25-29",8969,2297006,390.46
,"Chlamydia","274","2008","2008","Hispanic","Hispanic","Male","M","30-34 years","30-34",3995,2216848,180.21
,"Chlamydia","274","2008","2008","Hispanic","Hispanic","Male","M","35-39 years","35-39",1987,1996915,99.50
,"Chlamydia","274","2008","2008","Hispanic","Hispanic","Male","M","40+ years","40+",1789,6792956,26.34
,"Chlamydia","274","2008","2008","Hispanic","Hispanic","Male","M","Unknown","99",93,Not Applicable,Not Applicable
,"Chlamydia","274","2008","2008","Hispanic","Hispanic","Unknown","U","0-14 years","0-14",3,Not Applicable,Not Applicable
,"Chlamydia","274","2008","2008","Hispanic","Hispanic","Unknown","U","15-19 years","15-19",41,Not Applicable,Not Applicable
,"Chlamydia","274","2008","2008","Hispanic","Hispanic","Unknown","U","20-24 years","20-24",59,Not Applicable,Not Applicable
,"Chlamydia","274","2008","2008","Hispanic","Hispanic","Unknown","U","25-29 years","25-29",43,Not Applicable,Not Applicable
,"Chlamydia","274","2008","2008","Hispanic","Hispanic","Unknown","U","30-34 years","30-34",17,Not Applicable,Not Applicable
,"Chlamydia","274","2008","2008","Hispanic","Hispanic","Unknown","U","35-39 years","35-39",4,Not Applicable,Not Applicable
,"Chlamydia","274","2008","2008","Hispanic","Hispanic","Unknown","U","40+ years","40+",8,Not Applicable,Not Applicable
,"Chlamydia","274","2008","2008","Hispanic","Hispanic","Unknown","U","Unknown","99",5,Not Applicable,Not Applicable
,"Chlamydia","274","2008","2008","White","2106-3","Female","F","0-14 years","0-14",1946,16962290,11.47
,"Chlamydia","274","2008","2008","White","2106-3","Female","F","15-19 years","15-19",70730,6383124,1108.08
,"Chlamydia","274","2008","2008","White","2106-3","Female","F","20-24 years","20-24",77325,6394486,1209.24
,"Chlamydia","274","2008","2008","White","2106-3","Female","F","25-29 years","25-29",26982,6379860,422.93
,"Chlamydia","274","2008","2008","White","2106-3","Female","F","30-34 years","30-34",8885,5750253,154.51
,"Chlamydia","274","2008","2008","White","2106-3","Female","F","35-39 years","35-39",3900,6514488,59.87
,"Chlamydia","274","2008","2008","White","2106-3","Female","F","40+ years","40+",3070,54274510,5.66
,"Chlamydia","274","2008","2008","White","2106-3","Female","F","Unknown","99",281,Not Applicable,Not Applicable
,"Chlamydia","274","2008","2008","White","2106-3","Male","M","0-14 years","0-14",179,17855041,1.00
,"Chlamydia","274","2008","2008","White","2106-3","Male","M","15-19 years","15-19",10062,6733047,149.44
,"Chlamydia","274","2008","2008","White","2106-3","Male","M","20-24 years","20-24",24144,6738696,358.29
,"Chlamydia","274","2008","2008","White","2106-3","Male","M","25-29 years","25-29",12593,6517805,193.21
,"Chlamydia","274","2008","2008","White","2106-3","Male","M","30-34 years","30-34",4954,5823997,85.06
,"Chlamydia","274","2008","2008","White","2106-3","Male","M","35-39 years","35-39",2752,6576300,41.85
,"Chlamydia","274","2008","2008","White","2106-3","Male","M","40+ years","40+",3945,48839622,8.08
,"Chlamydia","274","2008","2008","White","2106-3","Male","M","Unknown","99",116,Not Applicable,Not Applicable
,"Chlamydia","274","2008","2008","White","2106-3","Unknown","U","0-14 years","0-14",2,Not Applicable,Not Applicable
,"Chlamydia","274","2008","2008","White","2106-3","Unknown","U","15-19 years","15-19",58,Not Applicable,Not Applicable
,"Chlamydia","274","2008","2008","White","2106-3","Unknown","U","20-24 years","20-24",65,Not Applicable,Not Applicable
,"Chlamydia","274","2008","2008","White","2106-3","Unknown","U","25-29 years","25-29",40,Not Applicable,Not Applicable
,"Chlamydia","274","2008","2008","White","2106-3","Unknown","U","30-34 years","30-34",13,Not Applicable,Not Applicable
,"Chlamydia","274","2008","2008","White","2106-3","Unknown","U","35-39 years","35-39",7,Not Applicable,Not Applicable
,"Chlamydia","274","2008","2008","White","2106-3","Unknown","U","40+ years","40+",19,Not Applicable,Not Applicable
,"Chlamydia","274","2008","2008","White","2106-3","Unknown","U","Unknown","99",11,Not Applicable,Not Applicable
,"Chlamydia","274","2009","2009","Black or African American","2054-5","Female","F","0-14 years","0-14",5464,4503913,121.32
,"Chlamydia","274","2009","2009","Black or African American","2054-5","Female","F","15-19 years","15-19",128094,1685012,7601.96
,"Chlamydia","274","2009","2009","Black or African American","2054-5","Female","F","20-24 years","20-24",107684,1580414,6813.66
,"Chlamydia","274","2009","2009","Black or African American","2054-5","Female","F","25-29 years","25-29",37472,1517996,2468.52
,"Chlamydia","274","2009","2009","Black or African American","2054-5","Female","F","30-34 years","30-34",13131,1365674,961.50
,"Chlamydia","274","2009","2009","Black or African American","2054-5","Female","F","35-39 years","35-39",5054,1388287,364.05
,"Chlamydia","274","2009","2009","Black or African American","2054-5","Female","F","40+ years","40+",4271,8266236,51.67
,"Chlamydia","274","2009","2009","Black or African American","2054-5","Female","F","Unknown","99",476,Not Applicable,Not Applicable
,"Chlamydia","274","2009","2009","Black or African American","2054-5","Male","M","0-14 years","0-14",851,4653745,18.29
,"Chlamydia","274","2009","2009","Black or African American","2054-5","Male","M","15-19 years","15-19",39037,1734258,2250.93
,"Chlamydia","274","2009","2009","Black or African American","2054-5","Male","M","20-24 years","20-24",49312,1619330,3045.21
,"Chlamydia","274","2009","2009","Black or African American","2054-5","Male","M","25-29 years","25-29",23007,1504956,1528.75
,"Chlamydia","274","2009","2009","Black or African American","2054-5","Male","M","30-34 years","30-34",10302,1256736,819.74
,"Chlamydia","274","2009","2009","Black or African American","2054-5","Male","M","35-39 years","35-39",5326,1242228,428.75
,"Chlamydia","274","2009","2009","Black or African American","2054-5","Male","M","40+ years","40+",6030,6543486,92.15
,"Chlamydia","274","2009","2009","Black or African American","2054-5","Male","M","Unknown","99",200,Not Applicable,Not Applicable
,"Chlamydia","274","2009","2009","Black or African American","2054-5","Unknown","U","0-14 years","0-14",5,Not Applicable,Not Applicable
,"Chlamydia","274","2009","2009","Black or African American","2054-5","Unknown","U","15-19 years","15-19",140,Not Applicable,Not Applicable
,"Chlamydia","274","2009","2009","Black or African American","2054-5","Unknown","U","20-24 years","20-24",136,Not Applicable,Not Applicable
,"Chlamydia","274","2009","2009","Black or African American","2054-5","Unknown","U","25-29 years","25-29",49,Not Applicable,Not Applicable
,"Chlamydia","274","2009","2009","Black or African American","2054-5","Unknown","U","30-34 years","30-34",17,Not Applicable,Not Applicable
,"Chlamydia","274","2009","2009","Black or African American","2054-5","Unknown","U","35-39 years","35-39",6,Not Applicable,Not Applicable
,"Chlamydia","274","2009","2009","Black or African American","2054-5","Unknown","U","40+ years","40+",6,Not Applicable,Not Applicable
,"Chlamydia","274","2009","2009","Black or African American","2054-5","Unknown","U","Unknown","99",40,Not Applicable,Not Applicable
,"Chlamydia","274","2009","2009","Hispanic","Hispanic","Female","F","0-14 years","0-14",1544,7007335,22.03
,"Chlamydia","274","2009","2009","Hispanic","Hispanic","Female","F","15-19 years","15-19",42602,1944962,2190.38
,"Chlamydia","274","2009","2009","Hispanic","Hispanic","Female","F","20-24 years","20-24",46162,1816714,2540.96
,"Chlamydia","274","2009","2009","Hispanic","Hispanic","Female","F","25-29 years","25-29",21285,1866311,1140.49
,"Chlamydia","274","2009","2009","Hispanic","Hispanic","Female","F","30-34 years","30-34",8965,1808387,495.75
,"Chlamydia","274","2009","2009","Hispanic","Hispanic","Female","F","35-39 years","35-39",4084,1732519,235.73
,"Chlamydia","274","2009","2009","Hispanic","Hispanic","Female","F","40+ years","40+",2897,7186177,40.31
,"Chlamydia","274","2009","2009","Hispanic","Hispanic","Female","F","Unknown","99",187,Not Applicable,Not Applicable
,"Chlamydia","274","2009","2009","Hispanic","Hispanic","Male","M","0-14 years","0-14",219,7329434,2.99
,"Chlamydia","274","2009","2009","Hispanic","Hispanic","Male","M","15-19 years","15-19",9420,2087024,451.36
,"Chlamydia","274","2009","2009","Hispanic","Hispanic","Male","M","20-24 years","20-24",16222,2067211,784.73
,"Chlamydia","274","2009","2009","Hispanic","Hispanic","Male","M","25-29 years","25-29",9342,2283381,409.13
,"Chlamydia","274","2009","2009","Hispanic","Hispanic","Male","M","30-34 years","30-34",4229,2221388,190.38
,"Chlamydia","274","2009","2009","Hispanic","Hispanic","Male","M","35-39 years","35-39",2012,2025057,99.36
,"Chlamydia","274","2009","2009","Hispanic","Hispanic","Male","M","40+ years","40+",1935,7043424,27.47
,"Chlamydia","274","2009","2009","Hispanic","Hispanic","Male","M","Unknown","99",75,Not Applicable,Not Applicable
,"Chlamydia","274","2009","2009","Hispanic","Hispanic","Unknown","U","0-14 years","0-14",3,Not Applicable,Not Applicable
,"Chlamydia","274","2009","2009","Hispanic","Hispanic","Unknown","U","15-19 years","15-19",47,Not Applicable,Not Applicable
,"Chlamydia","274","2009","2009","Hispanic","Hispanic","Unknown","U","20-24 years","20-24",47,Not Applicable,Not Applicable
,"Chlamydia","274","2009","2009","Hispanic","Hispanic","Unknown","U","25-29 years","25-29",20,Not Applicable,Not Applicable
,"Chlamydia","274","2009","2009","Hispanic","Hispanic","Unknown","U","30-34 years","30-34",13,Not Applicable,Not Applicable
,"Chlamydia","274","2009","2009","Hispanic","Hispanic","Unknown","U","35-39 years","35-39",9,Not Applicable,Not Applicable
,"Chlamydia","274","2009","2009","Hispanic","Hispanic","Unknown","U","40+ years","40+",4,Not Applicable,Not Applicable
,"Chlamydia","274","2009","2009","Hispanic","Hispanic","Unknown","U","Unknown","99",14,Not Applicable,Not Applicable
,"Chlamydia","274","2009","2009","White","2106-3","Female","F","0-14 years","0-14",1784,16912463,10.55
,"Chlamydia","274","2009","2009","White","2106-3","Female","F","15-19 years","15-19",71529,6289630,1137.25
,"Chlamydia","274","2009","2009","White","2106-3","Female","F","20-24 years","20-24",80433,6448106,1247.39
,"Chlamydia","274","2009","2009","White","2106-3","Female","F","25-29 years","25-29",27778,6457444,430.17
,"Chlamydia","274","2009","2009","White","2106-3","Female","F","30-34 years","30-34",9416,5850299,160.95
,"Chlamydia","274","2009","2009","White","2106-3","Female","F","35-39 years","35-39",3796,6293811,60.31
,"Chlamydia","274","2009","2009","White","2106-3","Female","F","40+ years","40+",3172,54592948,5.81
,"Chlamydia","274","2009","2009","White","2106-3","Female","F","Unknown","99",373,Not Applicable,Not Applicable
,"Chlamydia","274","2009","2009","White","2106-3","Male","M","0-14 years","0-14",143,17792226,0.80
,"Chlamydia","274","2009","2009","White","2106-3","Male","M","15-19 years","15-19",11007,6635916,165.87
,"Chlamydia","274","2009","2009","White","2106-3","Male","M","20-24 years","20-24",25653,6787606,377.94
,"Chlamydia","274","2009","2009","White","2106-3","Male","M","25-29 years","25-29",13399,6632544,202.02
,"Chlamydia","274","2009","2009","White","2106-3","Male","M","30-34 years","30-34",5501,5917472,92.96
,"Chlamydia","274","2009","2009","White","2106-3","Male","M","35-39 years","35-39",2797,6350333,44.04
,"Chlamydia","274","2009","2009","White","2106-3","Male","M","40+ years","40+",4174,49197134,8.48
,"Chlamydia","274","2009","2009","White","2106-3","Male","M","Unknown","99",113,Not Applicable,Not Applicable
,"Chlamydia","274","2009","2009","White","2106-3","Unknown","U","0-14 years","0-14",1,Not Applicable,Not Applicable
,"Chlamydia","274","2009","2009","White","2106-3","Unknown","U","15-19 years","15-19",52,Not Applicable,Not Applicable
,"Chlamydia","274","2009","2009","White","2106-3","Unknown","U","20-24 years","20-24",71,Not Applicable,Not Applicable
,"Chlamydia","274","2009","2009","White","2106-3","Unknown","U","25-29 years","25-29",35,Not Applicable,Not Applicable
,"Chlamydia","274","2009","2009","White","2106-3","Unknown","U","30-34 years","30-34",16,Not Applicable,Not Applicable
,"Chlamydia","274","2009","2009","White","2106-3","Unknown","U","35-39 years","35-39",7,Not Applicable,Not Applicable
,"Chlamydia","274","2009","2009","White","2106-3","Unknown","U","40+ years","40+",6,Not Applicable,Not Applicable
,"Chlamydia","274","2009","2009","White","2106-3","Unknown","U","Unknown","99",15,Not Applicable,Not Applicable
,"Chlamydia","274","2010","2010","Black or African American","2054-5","Female","F","0-14 years","0-14",5481,4544997,120.59
,"Chlamydia","274","2010","2010","Black or African American","2054-5","Female","F","15-19 years","15-19",130068,1731376,7512.41
,"Chlamydia","274","2010","2010","Black or African American","2054-5","Female","F","20-24 years","20-24",114782,1587829,7228.86
,"Chlamydia","274","2010","2010","Black or African American","2054-5","Female","F","25-29 years","25-29",38054,1454543,2616.22
,"Chlamydia","274","2010","2010","Black or African American","2054-5","Female","F","30-34 years","30-34",13891,1384808,1003.10
,"Chlamydia","274","2010","2010","Black or African American","2054-5","Female","F","35-39 years","35-39",5127,1384151,370.41
,"Chlamydia","274","2010","2010","Black or African American","2054-5","Female","F","40+ years","40+",4370,8537169,51.19
,"Chlamydia","274","2010","2010","Black or African American","2054-5","Female","F","Unknown","99",247,Not Applicable,Not Applicable
,"Chlamydia","274","2010","2010","Black or African American","2054-5","Male","M","0-14 years","0-14",889,4698593,18.92
,"Chlamydia","274","2010","2010","Black or African American","2054-5","Male","M","15-19 years","15-19",40666,1786472,2276.33
,"Chlamydia","274","2010","2010","Black or African American","2054-5","Male","M","20-24 years","20-24",53317,1550237,3439.28
,"Chlamydia","274","2010","2010","Black or African American","2054-5","Male","M","25-29 years","25-29",23694,1342341,1765.13
,"Chlamydia","274","2010","2010","Black or African American","2054-5","Male","M","30-34 years","30-34",11025,1245147,885.44
,"Chlamydia","274","2010","2010","Black or African American","2054-5","Male","M","35-39 years","35-39",5500,1226242,448.52
,"Chlamydia","274","2010","2010","Black or African American","2054-5","Male","M","40+ years","40+",6125,6963228,87.96
,"Chlamydia","274","2010","2010","Black or African American","2054-5","Male","M","Unknown","99",130,Not Applicable,Not Applicable
,"Chlamydia","274","2010","2010","Black or African American","2054-5","Unknown","U","0-14 years","0-14",8,Not Applicable,Not Applicable
,"Chlamydia","274","2010","2010","Black or African American","2054-5","Unknown","U","15-19 years","15-19",137,Not Applicable,Not Applicable
,"Chlamydia","274","2010","2010","Black or African American","2054-5","Unknown","U","20-24 years","20-24",99,Not Applicable,Not Applicable
,"Chlamydia","274","2010","2010","Black or African American","2054-5","Unknown","U","25-29 years","25-29",41,Not Applicable,Not Applicable
,"Chlamydia","274","2010","2010","Black or African American","2054-5","Unknown","U","30-34 years","30-34",22,Not Applicable,Not Applicable
,"Chlamydia","274","2010","2010","Black or African American","2054-5","Unknown","U","35-39 years","35-39",8,Not Applicable,Not Applicable
,"Chlamydia","274","2010","2010","Black or African American","2054-5","Unknown","U","40+ years","40+",12,Not Applicable,Not Applicable
,"Chlamydia","274","2010","2010","Black or African American","2054-5","Unknown","U","Unknown","99",10,Not Applicable,Not Applicable
,"Chlamydia","274","2010","2010","Hispanic","Hispanic","Female","F","0-14 years","0-14",1495,7066167,21.16
,"Chlamydia","274","2010","2010","Hispanic","Hispanic","Female","F","15-19 years","15-19",43302,2186082,1980.80
,"Chlamydia","274","2010","2010","Hispanic","Hispanic","Female","F","20-24 years","20-24",49312,2019978,2441.21
,"Chlamydia","274","2010","2010","Hispanic","Hispanic","Female","F","25-29 years","25-29",21388,2034337,1051.35
,"Chlamydia","274","2010","2010","Hispanic","Hispanic","Female","F","30-34 years","30-34",9564,1981433,482.68
,"Chlamydia","274","2010","2010","Hispanic","Hispanic","Female","F","35-39 years","35-39",4345,1885588,230.43
,"Chlamydia","274","2010","2010","Hispanic","Hispanic","Female","F","40+ years","40+",3058,7685209,39.79
,"Chlamydia","274","2010","2010","Hispanic","Hispanic","Female","F","Unknown","99",144,Not Applicable,Not Applicable
,"Chlamydia","274","2010","2010","Hispanic","Hispanic","Male","M","0-14 years","0-14",253,7364334,3.44
,"Chlamydia","274","2010","2010","Hispanic","Hispanic","Male","M","15-19 years","15-19",9773,2346073,416.57
,"Chlamydia","274","2010","2010","Hispanic","Hispanic","Male","M","20-24 years","20-24",17220,2302297,747.95
,"Chlamydia","274","2010","2010","Hispanic","Hispanic","Male","M","25-29 years","25-29",9873,2276134,433.76
,"Chlamydia","274","2010","2010","Hispanic","Hispanic","Male","M","30-34 years","30-34",4641,2143050,216.56
,"Chlamydia","274","2010","2010","Hispanic","Hispanic","Male","M","35-39 years","35-39",2169,1970752,110.06
,"Chlamydia","274","2010","2010","Hispanic","Hispanic","Male","M","40+ years","40+",2212,7216160,30.65
,"Chlamydia","274","2010","2010","Hispanic","Hispanic","Male","M","Unknown","99",72,Not Applicable,Not Applicable
,"Chlamydia","274","2010","2010","Hispanic","Hispanic","Unknown","U","15-19 years","15-19",38,Not Applicable,Not Applicable
,"Chlamydia","274","2010","2010","Hispanic","Hispanic","Unknown","U","20-24 years","20-24",61,Not Applicable,Not Applicable
,"Chlamydia","274","2010","2010","Hispanic","Hispanic","Unknown","U","25-29 years","25-29",23,Not Applicable,Not Applicable
,"Chlamydia","274","2010","2010","Hispanic","Hispanic","Unknown","U","30-34 years","30-34",9,Not Applicable,Not Applicable
,"Chlamydia","274","2010","2010","Hispanic","Hispanic","Unknown","U","35-39 years","35-39",5,Not Applicable,Not Applicable
,"Chlamydia","274","2010","2010","Hispanic","Hispanic","Unknown","U","40+ years","40+",12,Not Applicable,Not Applicable
,"Chlamydia","274","2010","2010","Hispanic","Hispanic","Unknown","U","Unknown","99",10,Not Applicable,Not Applicable
,"Chlamydia","274","2010","2010","White","2106-3","Female","F","0-14 years","0-14",1916,16460571,11.64
,"Chlamydia","274","2010","2010","White","2106-3","Female","F","15-19 years","15-19",73723,6175466,1193.80
,"Chlamydia","274","2010","2010","White","2106-3","Female","F","20-24 years","20-24",87560,6250991,1400.74
,"Chlamydia","274","2010","2010","White","2106-3","Female","F","25-29 years","25-29",29574,6173965,479.01
,"Chlamydia","274","2010","2010","White","2106-3","Female","F","30-34 years","30-34",10533,5798092,181.66
,"Chlamydia","274","2010","2010","White","2106-3","Female","F","35-39 years","35-39",4065,6048449,67.21
,"Chlamydia","274","2010","2010","White","2106-3","Female","F","40+ years","40+",3334,54833396,6.08
,"Chlamydia","274","2010","2010","White","2106-3","Female","F","Unknown","99",209,Not Applicable,Not Applicable
,"Chlamydia","274","2010","2010","White","2106-3","Male","M","0-14 years","0-14",178,17322722,1.03
,"Chlamydia","274","2010","2010","White","2106-3","Male","M","15-19 years","15-19",11855,6495265,182.52
,"Chlamydia","274","2010","2010","White","2106-3","Male","M","20-24 years","20-24",28197,6434852,438.19
,"Chlamydia","274","2010","2010","White","2106-3","Male","M","25-29 years","25-29",14886,6278921,237.08
,"Chlamydia","274","2010","2010","White","2106-3","Male","M","30-34 years","30-34",6237,5892342,105.85
,"Chlamydia","274","2010","2010","White","2106-3","Male","M","35-39 years","35-39",3148,6107512,51.54
,"Chlamydia","274","2010","2010","White","2106-3","Male","M","40+ years","40+",4793,49854828,9.61
,"Chlamydia","274","2010","2010","White","2106-3","Male","M","Unknown","99",94,Not Applicable,Not Applicable
,"Chlamydia","274","2010","2010","White","2106-3","Unknown","U","0-14 years","0-14",2,Not Applicable,Not Applicable
,"Chlamydia","274","2010","2010","White","2106-3","Unknown","U","15-19 years","15-19",32,Not Applicable,Not Applicable
,"Chlamydia","274","2010","2010","White","2106-3","Unknown","U","20-24 years","20-24",54,Not Applicable,Not Applicable
,"Chlamydia","274","2010","2010","White","2106-3","Unknown","U","25-29 years","25-29",35,Not Applicable,Not Applicable
,"Chlamydia","274","2010","2010","White","2106-3","Unknown","U","30-34 years","30-34",19,Not Applicable,Not Applicable
,"Chlamydia","274","2010","2010","White","2106-3","Unknown","U","35-39 years","35-39",8,Not Applicable,Not Applicable
,"Chlamydia","274","2010","2010","White","2106-3","Unknown","U","40+ years","40+",9,Not Applicable,Not Applicable
,"Chlamydia","274","2010","2010","White","2106-3","Unknown","U","Unknown","99",4,Not Applicable,Not Applicable
,"Chlamydia","274","2011","2011","Black or African American","2054-5","Female","F","0-14 years","0-14",5871,4544534,129.19
,"Chlamydia","274","2011","2011","Black or African American","2054-5","Female","F","15-19 years","15-19",129976,1674525,7761.96
,"Chlamydia","274","2011","2011","Black or African American","2054-5","Female","F","20-24 years","20-24",121948,1671217,7296.96
,"Chlamydia","274","2011","2011","Black or African American","2054-5","Female","F","25-29 years","25-29",39663,1465672,2706.13
,"Chlamydia","274","2011","2011","Black or African American","2054-5","Female","F","30-34 years","30-34",14693,1424682,1031.32
,"Chlamydia","274","2011","2011","Black or African American","2054-5","Female","F","35-39 years","35-39",5369,1344610,399.30
,"Chlamydia","274","2011","2011","Black or African American","2054-5","Female","F","40+ years","40+",4646,8744896,53.13
,"Chlamydia","274","2011","2011","Black or African American","2054-5","Female","F","Unknown","99",204,Not Applicable,Not Applicable
,"Chlamydia","274","2011","2011","Black or African American","2054-5","Male","M","0-14 years","0-14",976,4704260,20.75
,"Chlamydia","274","2011","2011","Black or African American","2054-5","Male","M","15-19 years","15-19",41117,1737833,2365.99
,"Chlamydia","274","2011","2011","Black or African American","2054-5","Male","M","20-24 years","20-24",56770,1654175,3431.92
,"Chlamydia","274","2011","2011","Black or African American","2054-5","Male","M","25-29 years","25-29",25074,1368360,1832.41
,"Chlamydia","274","2011","2011","Black or African American","2054-5","Male","M","30-34 years","30-34",11903,1286022,925.57
,"Chlamydia","274","2011","2011","Black or African American","2054-5","Male","M","35-39 years","35-39",5593,1193704,468.54
,"Chlamydia","274","2011","2011","Black or African American","2054-5","Male","M","40+ years","40+",6650,7130406,93.26
,"Chlamydia","274","2011","2011","Black or African American","2054-5","Male","M","Unknown","99",103,Not Applicable,Not Applicable
,"Chlamydia","274","2011","2011","Black or African American","2054-5","Unknown","U","0-14 years","0-14",4,Not Applicable,Not Applicable
,"Chlamydia","274","2011","2011","Black or African American","2054-5","Unknown","U","15-19 years","15-19",181,Not Applicable,Not Applicable
,"Chlamydia","274","2011","2011","Black or African American","2054-5","Unknown","U","20-24 years","20-24",169,Not Applicable,Not Applicable
,"Chlamydia","274","2011","2011","Black or African American","2054-5","Unknown","U","25-29 years","25-29",67,Not Applicable,Not Applicable
,"Chlamydia","274","2011","2011","Black or African American","2054-5","Unknown","U","30-34 years","30-34",21,Not Applicable,Not Applicable
,"Chlamydia","274","2011","2011","Black or African American","2054-5","Unknown","U","35-39 years","35-39",14,Not Applicable,Not Applicable
,"Chlamydia","274","2011","2011","Black or African American","2054-5","Unknown","U","40+ years","40+",14,Not Applicable,Not Applicable
,"Chlamydia","274","2011","2011","Black or African American","2054-5","Unknown","U","Unknown","99",9,Not Applicable,Not Applicable
,"Chlamydia","274","2011","2011","Hispanic","Hispanic","Female","F","0-14 years","0-14",1674,7211562,23.21
,"Chlamydia","274","2011","2011","Hispanic","Hispanic","Female","F","15-19 years","15-19",46227,2212656,2089.21
,"Chlamydia","274","2011","2011","Hispanic","Hispanic","Female","F","20-24 years","20-24",54030,2101640,2570.85
,"Chlamydia","274","2011","2011","Hispanic","Hispanic","Female","F","25-29 years","25-29",22924,2046563,1120.12
,"Chlamydia","274","2011","2011","Hispanic","Hispanic","Female","F","30-34 years","30-34",10364,2023293,512.23
,"Chlamydia","274","2011","2011","Hispanic","Hispanic","Female","F","35-39 years","35-39",4824,1916474,251.71
,"Chlamydia","274","2011","2011","Hispanic","Hispanic","Female","F","40+ years","40+",3552,8089878,43.91
,"Chlamydia","274","2011","2011","Hispanic","Hispanic","Female","F","Unknown","99",127,Not Applicable,Not Applicable
,"Chlamydia","274","2011","2011","Hispanic","Hispanic","Male","M","0-14 years","0-14",218,7518836,2.90
,"Chlamydia","274","2011","2011","Hispanic","Hispanic","Male","M","15-19 years","15-19",10500,2368850,443.25
,"Chlamydia","274","2011","2011","Hispanic","Hispanic","Male","M","20-24 years","20-24",18469,2376058,777.30
,"Chlamydia","274","2011","2011","Hispanic","Hispanic","Male","M","25-29 years","25-29",10455,2321465,450.36
,"Chlamydia","274","2011","2011","Hispanic","Hispanic","Male","M","30-34 years","30-34",5051,2213799,228.16
,"Chlamydia","274","2011","2011","Hispanic","Hispanic","Male","M","35-39 years","35-39",2377,2016340,117.89
,"Chlamydia","274","2011","2011","Hispanic","Hispanic","Male","M","40+ years","40+",2511,7627863,32.92
,"Chlamydia","274","2011","2011","Hispanic","Hispanic","Male","M","Unknown","99",76,Not Applicable,Not Applicable
,"Chlamydia","274","2011","2011","Hispanic","Hispanic","Unknown","U","0-14 years","0-14",3,Not Applicable,Not Applicable
,"Chlamydia","274","2011","2011","Hispanic","Hispanic","Unknown","U","15-19 years","15-19",62,Not Applicable,Not Applicable
,"Chlamydia","274","2011","2011","Hispanic","Hispanic","Unknown","U","20-24 years","20-24",93,Not Applicable,Not Applicable
,"Chlamydia","274","2011","2011","Hispanic","Hispanic","Unknown","U","25-29 years","25-29",46,Not Applicable,Not Applicable
,"Chlamydia","274","2011","2011","Hispanic","Hispanic","Unknown","U","30-34 years","30-34",24,Not Applicable,Not Applicable
,"Chlamydia","274","2011","2011","Hispanic","Hispanic","Unknown","U","35-39 years","35-39",7,Not Applicable,Not Applicable
,"Chlamydia","274","2011","2011","Hispanic","Hispanic","Unknown","U","40+ years","40+",6,Not Applicable,Not Applicable
,"Chlamydia","274","2011","2011","Hispanic","Hispanic","Unknown","U","Unknown","99",3,Not Applicable,Not Applicable
,"Chlamydia","274","2011","2011","White","2106-3","Female","F","0-14 years","0-14",2086,16282247,12.81
,"Chlamydia","274","2011","2011","White","2106-3","Female","F","15-19 years","15-19",80372,6006598,1338.06
,"Chlamydia","274","2011","2011","White","2106-3","Female","F","20-24 years","20-24",99732,6339561,1573.17
,"Chlamydia","274","2011","2011","White","2106-3","Female","F","25-29 years","25-29",33592,6197345,542.04
,"Chlamydia","274","2011","2011","White","2106-3","Female","F","30-34 years","30-34",12153,5956676,204.02
,"Chlamydia","274","2011","2011","White","2106-3","Female","F","35-39 years","35-39",4620,5749992,80.35
,"Chlamydia","274","2011","2011","White","2106-3","Female","F","40+ years","40+",4021,55310992,7.27
,"Chlamydia","274","2011","2011","White","2106-3","Female","F","Unknown","99",212,Not Applicable,Not Applicable
,"Chlamydia","274","2011","2011","White","2106-3","Male","M","0-14 years","0-14",191,17116728,1.12
,"Chlamydia","274","2011","2011","White","2106-3","Male","M","15-19 years","15-19",13454,6353172,211.77
,"Chlamydia","274","2011","2011","White","2106-3","Male","M","20-24 years","20-24",33231,6535212,508.49
,"Chlamydia","274","2011","2011","White","2106-3","Male","M","25-29 years","25-29",17182,6313225,272.16
,"Chlamydia","274","2011","2011","White","2106-3","Male","M","30-34 years","30-34",7554,6051761,124.82
,"Chlamydia","274","2011","2011","White","2106-3","Male","M","35-39 years","35-39",3429,5811271,59.01
,"Chlamydia","274","2011","2011","White","2106-3","Male","M","40+ years","40+",5831,50398463,11.57
,"Chlamydia","274","2011","2011","White","2106-3","Male","M","Unknown","99",86,Not Applicable,Not Applicable
,"Chlamydia","274","2011","2011","White","2106-3","Unknown","U","0-14 years","0-14",8,Not Applicable,Not Applicable
,"Chlamydia","274","2011","2011","White","2106-3","Unknown","U","15-19 years","15-19",153,Not Applicable,Not Applicable
,"Chlamydia","274","2011","2011","White","2106-3","Unknown","U","20-24 years","20-24",210,Not Applicable,Not Applicable
,"Chlamydia","274","2011","2011","White","2106-3","Unknown","U","25-29 years","25-29",97,Not Applicable,Not Applicable
,"Chlamydia","274","2011","2011","White","2106-3","Unknown","U","30-34 years","30-34",29,Not Applicable,Not Applicable
,"Chlamydia","274","2011","2011","White","2106-3","Unknown","U","35-39 years","35-39",13,Not Applicable,Not Applicable
,"Chlamydia","274","2011","2011","White","2106-3","Unknown","U","40+ years","40+",9,Not Applicable,Not Applicable
,"Chlamydia","274","2011","2011","White","2106-3","Unknown","U","Unknown","99",7,Not Applicable,Not Applicable
,"Chlamydia","274","2012","2012","Black or African American","2054-5","Female","F","0-14 years","0-14",5508,4543314,121.23
,"Chlamydia","274","2012","2012","Black or African American","2054-5","Female","F","15-19 years","15-19",118753,1635339,7261.67
,"Chlamydia","274","2012","2012","Black or African American","2054-5","Female","F","20-24 years","20-24",120749,1731526,6973.56
,"Chlamydia","274","2012","2012","Black or African American","2054-5","Female","F","25-29 years","25-29",39645,1482708,2673.82
,"Chlamydia","274","2012","2012","Black or African American","2054-5","Female","F","30-34 years","30-34",14802,1450157,1020.72
,"Chlamydia","274","2012","2012","Black or African American","2054-5","Female","F","35-39 years","35-39",5566,1338520,415.83
,"Chlamydia","274","2012","2012","Black or African American","2054-5","Female","F","40+ years","40+",4903,8905841,55.05
,"Chlamydia","274","2012","2012","Black or African American","2054-5","Female","F","Unknown","99",642,Not Applicable,Not Applicable
,"Chlamydia","274","2012","2012","Black or African American","2054-5","Male","M","0-14 years","0-14",916,4703728,19.47
,"Chlamydia","274","2012","2012","Black or African American","2054-5","Male","M","15-19 years","15-19",37695,1694508,2224.54
,"Chlamydia","274","2012","2012","Black or African American","2054-5","Male","M","20-24 years","20-24",55105,1737366,3171.76
,"Chlamydia","274","2012","2012","Black or African American","2054-5","Male","M","25-29 years","25-29",25493,1400570,1820.19
,"Chlamydia","274","2012","2012","Black or African American","2054-5","Male","M","30-34 years","30-34",12360,1315999,939.21
,"Chlamydia","274","2012","2012","Black or African American","2054-5","Male","M","35-39 years","35-39",5752,1189759,483.46
,"Chlamydia","274","2012","2012","Black or African American","2054-5","Male","M","40+ years","40+",7174,7262053,98.79
,"Chlamydia","274","2012","2012","Black or African American","2054-5","Male","M","Unknown","99",328,Not Applicable,Not Applicable
,"Chlamydia","274","2012","2012","Black or African American","2054-5","Unknown","U","0-14 years","0-14",5,Not Applicable,Not Applicable
,"Chlamydia","274","2012","2012","Black or African American","2054-5","Unknown","U","15-19 years","15-19",120,Not Applicable,Not Applicable
,"Chlamydia","274","2012","2012","Black or African American","2054-5","Unknown","U","20-24 years","20-24",94,Not Applicable,Not Applicable
,"Chlamydia","274","2012","2012","Black or African American","2054-5","Unknown","U","25-29 years","25-29",42,Not Applicable,Not Applicable
,"Chlamydia","274","2012","2012","Black or African American","2054-5","Unknown","U","30-34 years","30-34",14,Not Applicable,Not Applicable
,"Chlamydia","274","2012","2012","Black or African American","2054-5","Unknown","U","35-39 years","35-39",8,Not Applicable,Not Applicable
,"Chlamydia","274","2012","2012","Black or African American","2054-5","Unknown","U","40+ years","40+",4,Not Applicable,Not Applicable
,"Chlamydia","274","2012","2012","Black or African American","2054-5","Unknown","U","Unknown","99",3,Not Applicable,Not Applicable
,"Chlamydia","274","2012","2012","Hispanic","Hispanic","Female","F","0-14 years","0-14",1656,7286322,22.73
,"Chlamydia","274","2012","2012","Hispanic","Hispanic","Female","F","15-19 years","15-19",44716,2218259,2015.82
,"Chlamydia","274","2012","2012","Hispanic","Hispanic","Female","F","20-24 years","20-24",55833,2163324,2580.89
,"Chlamydia","274","2012","2012","Hispanic","Hispanic","Female","F","25-29 years","25-29",23339,2043553,1142.08
,"Chlamydia","274","2012","2012","Hispanic","Hispanic","Female","F","30-34 years","30-34",10667,2048526,520.72
,"Chlamydia","274","2012","2012","Hispanic","Hispanic","Female","F","35-39 years","35-39",4915,1936896,253.76
,"Chlamydia","274","2012","2012","Hispanic","Hispanic","Female","F","40+ years","40+",3754,8401257,44.68
,"Chlamydia","274","2012","2012","Hispanic","Hispanic","Female","F","Unknown","99",363,Not Applicable,Not Applicable
,"Chlamydia","274","2012","2012","Hispanic","Hispanic","Male","M","0-14 years","0-14",231,7587413,3.04
,"Chlamydia","274","2012","2012","Hispanic","Hispanic","Male","M","15-19 years","15-19",10149,2362436,429.60
,"Chlamydia","274","2012","2012","Hispanic","Hispanic","Male","M","20-24 years","20-24",19050,2421517,786.70
,"Chlamydia","274","2012","2012","Hispanic","Hispanic","Male","M","25-29 years","25-29",10869,2325784,467.33
,"Chlamydia","274","2012","2012","Hispanic","Hispanic","Male","M","30-34 years","30-34",5288,2253689,234.64
,"Chlamydia","274","2012","2012","Hispanic","Hispanic","Male","M","35-39 years","35-39",2609,2045910,127.52
,"Chlamydia","274","2012","2012","Hispanic","Hispanic","Male","M","40+ years","40+",2788,7932822,35.15
,"Chlamydia","274","2012","2012","Hispanic","Hispanic","Male","M","Unknown","99",122,Not Applicable,Not Applicable
,"Chlamydia","274","2012","2012","Hispanic","Hispanic","Unknown","U","0-14 years","0-14",3,Not Applicable,Not Applicable
,"Chlamydia","274","2012","2012","Hispanic","Hispanic","Unknown","U","15-19 years","15-19",32,Not Applicable,Not Applicable
,"Chlamydia","274","2012","2012","Hispanic","Hispanic","Unknown","U","20-24 years","20-24",55,Not Applicable,Not Applicable
,"Chlamydia","274","2012","2012","Hispanic","Hispanic","Unknown","U","25-29 years","25-29",21,Not Applicable,Not Applicable
,"Chlamydia","274","2012","2012","Hispanic","Hispanic","Unknown","U","30-34 years","30-34",14,Not Applicable,Not Applicable
,"Chlamydia","274","2012","2012","Hispanic","Hispanic","Unknown","U","35-39 years","35-39",9,Not Applicable,Not Applicable
,"Chlamydia","274","2012","2012","Hispanic","Hispanic","Unknown","U","40+ years","40+",7,Not Applicable,Not Applicable
,"Chlamydia","274","2012","2012","Hispanic","Hispanic","Unknown","U","Unknown","99",3,Not Applicable,Not Applicable
,"Chlamydia","274","2012","2012","White","2106-3","Female","F","0-14 years","0-14",2150,16148020,13.31
,"Chlamydia","274","2012","2012","White","2106-3","Female","F","15-19 years","15-19",82524,5905231,1397.47
,"Chlamydia","274","2012","2012","White","2106-3","Female","F","20-24 years","20-24",106981,6381206,1676.50
,"Chlamydia","274","2012","2012","White","2106-3","Female","F","25-29 years","25-29",37023,6194866,597.64
,"Chlamydia","274","2012","2012","White","2106-3","Female","F","30-34 years","30-34",13533,6059124,223.35
,"Chlamydia","274","2012","2012","White","2106-3","Female","F","35-39 years","35-39",5407,5665167,95.44
,"Chlamydia","274","2012","2012","White","2106-3","Female","F","40+ years","40+",4933,55572128,8.88
,"Chlamydia","274","2012","2012","White","2106-3","Female","F","Unknown","99",405,Not Applicable,Not Applicable
,"Chlamydia","274","2012","2012","White","2106-3","Male","M","0-14 years","0-14",191,16982439,1.12
,"Chlamydia","274","2012","2012","White","2106-3","Male","M","15-19 years","15-19",14232,6243185,227.96
,"Chlamydia","274","2012","2012","White","2106-3","Male","M","20-24 years","20-24",36936,6614098,558.44
,"Chlamydia","274","2012","2012","White","2106-3","Male","M","25-29 years","25-29",19470,6331749,307.50
,"Chlamydia","274","2012","2012","White","2106-3","Male","M","30-34 years","30-34",8912,6158752,144.71
,"Chlamydia","274","2012","2012","White","2106-3","Male","M","35-39 years","35-39",4081,5731933,71.20
,"Chlamydia","274","2012","2012","White","2106-3","Male","M","40+ years","40+",7084,50710949,13.97
,"Chlamydia","274","2012","2012","White","2106-3","Male","M","Unknown","99",155,Not Applicable,Not Applicable
,"Chlamydia","274","2012","2012","White","2106-3","Unknown","U","15-19 years","15-19",50,Not Applicable,Not Applicable
,"Chlamydia","274","2012","2012","White","2106-3","Unknown","U","20-24 years","20-24",75,Not Applicable,Not Applicable
,"Chlamydia","274","2012","2012","White","2106-3","Unknown","U","25-29 years","25-29",29,Not Applicable,Not Applicable
,"Chlamydia","274","2012","2012","White","2106-3","Unknown","U","30-34 years","30-34",12,Not Applicable,Not Applicable
,"Chlamydia","274","2012","2012","White","2106-3","Unknown","U","35-39 years","35-39",6,Not Applicable,Not Applicable
,"Chlamydia","274","2012","2012","White","2106-3","Unknown","U","40+ years","40+",4,Not Applicable,Not Applicable
,"Chlamydia","274","2012","2012","White","2106-3","Unknown","U","Unknown","99",3,Not Applicable,Not Applicable
,"Chlamydia","274","2013","2013","Black or African American","2054-5","Female","F","0-14 years","0-14",4653,4539620,102.50
,"Chlamydia","274","2013","2013","Black or African American","2054-5","Female","F","15-19 years","15-19",104386,1602497,6513.96
,"Chlamydia","274","2013","2013","Black or African American","2054-5","Female","F","20-24 years","20-24",117653,1770138,6646.54
,"Chlamydia","274","2013","2013","Black or African American","2054-5","Female","F","25-29 years","25-29",39587,1510526,2620.74
,"Chlamydia","274","2013","2013","Black or African American","2054-5","Female","F","30-34 years","30-34",14854,1470609,1010.06
,"Chlamydia","274","2013","2013","Black or African American","2054-5","Female","F","35-39 years","35-39",5645,1344139,419.97
,"Chlamydia","274","2013","2013","Black or African American","2054-5","Female","F","40+ years","40+",4681,9054285,51.70
,"Chlamydia","274","2013","2013","Black or African American","2054-5","Female","F","Unknown","99",176,Not Applicable,Not Applicable
,"Chlamydia","274","2013","2013","Black or African American","2054-5","Male","M","0-14 years","0-14",887,4696131,18.89
,"Chlamydia","274","2013","2013","Black or African American","2054-5","Male","M","15-19 years","15-19",33497,1656160,2022.57
,"Chlamydia","274","2013","2013","Black or African American","2054-5","Male","M","20-24 years","20-24",53565,1794159,2985.52
,"Chlamydia","274","2013","2013","Black or African American","2054-5","Male","M","25-29 years","25-29",26003,1442576,1802.54
,"Chlamydia","274","2013","2013","Black or African American","2054-5","Male","M","30-34 years","30-34",12518,1341923,932.84
,"Chlamydia","274","2013","2013","Black or African American","2054-5","Male","M","35-39 years","35-39",6122,1199943,510.19
,"Chlamydia","274","2013","2013","Black or African American","2054-5","Male","M","40+ years","40+",7447,7379380,100.92
,"Chlamydia","274","2013","2013","Black or African American","2054-5","Male","M","Unknown","99",114,Not Applicable,Not Applicable
,"Chlamydia","274","2013","2013","Black or African American","2054-5","Unknown","U","0-14 years","0-14",12,Not Applicable,Not Applicable
,"Chlamydia","274","2013","2013","Black or African American","2054-5","Unknown","U","15-19 years","15-19",108,Not Applicable,Not Applicable
,"Chlamydia","274","2013","2013","Black or African American","2054-5","Unknown","U","20-24 years","20-24",99,Not Applicable,Not Applicable
,"Chlamydia","274","2013","2013","Black or African American","2054-5","Unknown","U","25-29 years","25-29",38,Not Applicable,Not Applicable
,"Chlamydia","274","2013","2013","Black or African American","2054-5","Unknown","U","30-34 years","30-34",18,Not Applicable,Not Applicable
,"Chlamydia","274","2013","2013","Black or African American","2054-5","Unknown","U","35-39 years","35-39",11,Not Applicable,Not Applicable
,"Chlamydia","274","2013","2013","Black or African American","2054-5","Unknown","U","40+ years","40+",16,Not Applicable,Not Applicable
,"Chlamydia","274","2013","2013","Black or African American","2054-5","Unknown","U","Unknown","99",4,Not Applicable,Not Applicable
,"Chlamydia","274","2013","2013","Hispanic","Hispanic","Female","F","0-14 years","0-14",1412,7353615,19.20
,"Chlamydia","274","2013","2013","Hispanic","Hispanic","Female","F","15-19 years","15-19",42405,2231682,1900.14
,"Chlamydia","274","2013","2013","Hispanic","Hispanic","Female","F","20-24 years","20-24",56665,2217120,2555.79
,"Chlamydia","274","2013","2013","Hispanic","Hispanic","Female","F","25-29 years","25-29",24222,2051037,1180.96
,"Chlamydia","274","2013","2013","Hispanic","Hispanic","Female","F","30-34 years","30-34",10935,2072946,527.51
,"Chlamydia","274","2013","2013","Hispanic","Hispanic","Female","F","35-39 years","35-39",5148,1958877,262.80
,"Chlamydia","274","2013","2013","Hispanic","Hispanic","Female","F","40+ years","40+",3983,8725201,45.65
,"Chlamydia","274","2013","2013","Hispanic","Hispanic","Female","F","Unknown","99",165,Not Applicable,Not Applicable
,"Chlamydia","274","2013","2013","Hispanic","Hispanic","Male","M","0-14 years","0-14",202,7658650,2.64
,"Chlamydia","274","2013","2013","Hispanic","Hispanic","Male","M","15-19 years","15-19",9418,2367336,397.83
,"Chlamydia","274","2013","2013","Hispanic","Hispanic","Male","M","20-24 years","20-24",19319,2458793,785.71
,"Chlamydia","274","2013","2013","Hispanic","Hispanic","Male","M","25-29 years","25-29",11671,2344707,497.76
,"Chlamydia","274","2013","2013","Hispanic","Hispanic","Male","M","30-34 years","30-34",5938,2293531,258.90
,"Chlamydia","274","2013","2013","Hispanic","Hispanic","Male","M","35-39 years","35-39",2890,2085058,138.60
,"Chlamydia","274","2013","2013","Hispanic","Hispanic","Male","M","40+ years","40+",3099,8252817,37.55
,"Chlamydia","274","2013","2013","Hispanic","Hispanic","Male","M","Unknown","99",78,Not Applicable,Not Applicable
,"Chlamydia","274","2013","2013","Hispanic","Hispanic","Unknown","U","0-14 years","0-14",1,Not Applicable,Not Applicable
,"Chlamydia","274","2013","2013","Hispanic","Hispanic","Unknown","U","15-19 years","15-19",43,Not Applicable,Not Applicable
,"Chlamydia","274","2013","2013","Hispanic","Hispanic","Unknown","U","20-24 years","20-24",103,Not Applicable,Not Applicable
,"Chlamydia","274","2013","2013","Hispanic","Hispanic","Unknown","U","25-29 years","25-29",49,Not Applicable,Not Applicable
,"Chlamydia","274","2013","2013","Hispanic","Hispanic","Unknown","U","30-34 years","30-34",30,Not Applicable,Not Applicable
,"Chlamydia","274","2013","2013","Hispanic","Hispanic","Unknown","U","35-39 years","35-39",13,Not Applicable,Not Applicable
,"Chlamydia","274","2013","2013","Hispanic","Hispanic","Unknown","U","40+ years","40+",14,Not Applicable,Not Applicable
,"Chlamydia","274","2013","2013","Hispanic","Hispanic","Unknown","U","Unknown","99",5,Not Applicable,Not Applicable
,"Chlamydia","274","2013","2013","White","2106-3","Female","F","0-14 years","0-14",1983,16028561,12.37
,"Chlamydia","274","2013","2013","White","2106-3","Female","F","15-19 years","15-19",76867,5832383,1317.93
,"Chlamydia","274","2013","2013","White","2106-3","Female","F","20-24 years","20-24",107611,6361813,1691.51
,"Chlamydia","274","2013","2013","White","2106-3","Female","F","25-29 years","25-29",39023,6208491,628.54
,"Chlamydia","274","2013","2013","White","2106-3","Female","F","30-34 years","30-34",15132,6149466,246.07
,"Chlamydia","274","2013","2013","White","2106-3","Female","F","35-39 years","35-39",5829,5673580,102.74
,"Chlamydia","274","2013","2013","White","2106-3","Female","F","40+ years","40+",5145,55727294,9.23
,"Chlamydia","274","2013","2013","White","2106-3","Female","F","Unknown","99",256,Not Applicable,Not Applicable
,"Chlamydia","274","2013","2013","White","2106-3","Male","M","0-14 years","0-14",164,16856474,0.97
,"Chlamydia","274","2013","2013","White","2106-3","Male","M","15-19 years","15-19",13075,6156891,212.36
,"Chlamydia","274","2013","2013","White","2106-3","Male","M","20-24 years","20-24",37661,6637157,567.43
,"Chlamydia","274","2013","2013","White","2106-3","Male","M","25-29 years","25-29",20928,6361222,328.99
,"Chlamydia","274","2013","2013","White","2106-3","Male","M","30-34 years","30-34",9951,6250584,159.20
,"Chlamydia","274","2013","2013","White","2106-3","Male","M","35-39 years","35-39",4640,5747969,80.72
,"Chlamydia","274","2013","2013","White","2106-3","Male","M","40+ years","40+",7769,50926628,15.26
,"Chlamydia","274","2013","2013","White","2106-3","Male","M","Unknown","99",106,Not Applicable,Not Applicable
,"Chlamydia","274","2013","2013","White","2106-3","Unknown","U","0-14 years","0-14",4,Not Applicable,Not Applicable
,"Chlamydia","274","2013","2013","White","2106-3","Unknown","U","15-19 years","15-19",55,Not Applicable,Not Applicable
,"Chlamydia","274","2013","2013","White","2106-3","Unknown","U","20-24 years","20-24",97,Not Applicable,Not Applicable
,"Chlamydia","274","2013","2013","White","2106-3","Unknown","U","25-29 years","25-29",46,Not Applicable,Not Applicable
,"Chlamydia","274","2013","2013","White","2106-3","Unknown","U","30-34 years","30-34",28,Not Applicable,Not Applicable
,"Chlamydia","274","2013","2013","White","2106-3","Unknown","U","35-39 years","35-39",12,Not Applicable,Not Applicable
,"Chlamydia","274","2013","2013","White","2106-3","Unknown","U","40+ years","40+",9,Not Applicable,Not Applicable
,"Chlamydia","274","2013","2013","White","2106-3","Unknown","U","Unknown","99",5,Not Applicable,Not Applicable
,"Chlamydia","274","2014","2014","Black or African American","2054-5","Female","F","0-14 years","0-14",4255,4539620,93.73
,"Chlamydia","274","2014","2014","Black or African American","2054-5","Female","F","15-19 years","15-19",98154,1602497,6125.07
,"Chlamydia","274","2014","2014","Black or African American","2054-5","Female","F","20-24 years","20-24",117530,1770138,6639.60
,"Chlamydia","274","2014","2014","Black or African American","2054-5","Female","F","25-29 years","25-29",42351,1510526,2803.73
,"Chlamydia","274","2014","2014","Black or African American","2054-5","Female","F","30-34 years","30-34",15527,1470609,1055.82
,"Chlamydia","274","2014","2014","Black or African American","2054-5","Female","F","35-39 years","35-39",6056,1344139,450.55
,"Chlamydia","274","2014","2014","Black or African American","2054-5","Female","F","40+ years","40+",4948,9054285,54.65
,"Chlamydia","274","2014","2014","Black or African American","2054-5","Female","F","Unknown","99",142,Not Applicable,Not Applicable
,"Chlamydia","274","2014","2014","Black or African American","2054-5","Male","M","0-14 years","0-14",749,4696131,15.95
,"Chlamydia","274","2014","2014","Black or African American","2054-5","Male","M","15-19 years","15-19",31965,1656160,1930.07
,"Chlamydia","274","2014","2014","Black or African American","2054-5","Male","M","20-24 years","20-24",53705,1794159,2993.32
,"Chlamydia","274","2014","2014","Black or African American","2054-5","Male","M","25-29 years","25-29",27999,1442576,1940.90
,"Chlamydia","274","2014","2014","Black or African American","2054-5","Male","M","30-34 years","30-34",13078,1341923,974.57
,"Chlamydia","274","2014","2014","Black or African American","2054-5","Male","M","35-39 years","35-39",6450,1199943,537.53
,"Chlamydia","274","2014","2014","Black or African American","2054-5","Male","M","40+ years","40+",7925,7379380,107.39
,"Chlamydia","274","2014","2014","Black or African American","2054-5","Male","M","Unknown","99",97,Not Applicable,Not Applicable
,"Chlamydia","274","2014","2014","Black or African American","2054-5","Unknown","U","0-14 years","0-14",6,Not Applicable,Not Applicable
,"Chlamydia","274","2014","2014","Black or African American","2054-5","Unknown","U","15-19 years","15-19",88,Not Applicable,Not Applicable
,"Chlamydia","274","2014","2014","Black or African American","2054-5","Unknown","U","20-24 years","20-24",85,Not Applicable,Not Applicable
,"Chlamydia","274","2014","2014","Black or African American","2054-5","Unknown","U","25-29 years","25-29",29,Not Applicable,Not Applicable
,"Chlamydia","274","2014","2014","Black or African American","2054-5","Unknown","U","30-34 years","30-34",15,Not Applicable,Not Applicable
,"Chlamydia","274","2014","2014","Black or African American","2054-5","Unknown","U","35-39 years","35-39",9,Not Applicable,Not Applicable
,"Chlamydia","274","2014","2014","Black or African American","2054-5","Unknown","U","40+ years","40+",14,Not Applicable,Not Applicable
,"Chlamydia","274","2014","2014","Black or African American","2054-5","Unknown","U","Unknown","99",3,Not Applicable,Not Applicable
,"Chlamydia","274","2014","2014","Hispanic","Hispanic","Female","F","0-14 years","0-14",1336,7353615,18.17
,"Chlamydia","274","2014","2014","Hispanic","Hispanic","Female","F","15-19 years","15-19",40243,2231682,1803.26
,"Chlamydia","274","2014","2014","Hispanic","Hispanic","Female","F","20-24 years","20-24",56752,2217120,2559.72
,"Chlamydia","274","2014","2014","Hispanic","Hispanic","Female","F","25-29 years","25-29",25216,2051037,1229.43
,"Chlamydia","274","2014","2014","Hispanic","Hispanic","Female","F","30-34 years","30-34",11716,2072946,565.19
,"Chlamydia","274","2014","2014","Hispanic","Hispanic","Female","F","35-39 years","35-39",5513,1958877,281.44
,"Chlamydia","274","2014","2014","Hispanic","Hispanic","Female","F","40+ years","40+",4467,8725201,51.20
,"Chlamydia","274","2014","2014","Hispanic","Hispanic","Female","F","Unknown","99",131,Not Applicable,Not Applicable
,"Chlamydia","274","2014","2014","Hispanic","Hispanic","Male","M","0-14 years","0-14",161,7658650,2.10
,"Chlamydia","274","2014","2014","Hispanic","Hispanic","Male","M","15-19 years","15-19",9230,2367336,389.89
,"Chlamydia","274","2014","2014","Hispanic","Hispanic","Male","M","20-24 years","20-24",19372,2458793,787.87
,"Chlamydia","274","2014","2014","Hispanic","Hispanic","Male","M","25-29 years","25-29",12724,2344707,542.67
,"Chlamydia","274","2014","2014","Hispanic","Hispanic","Male","M","30-34 years","30-34",6732,2293531,293.52
,"Chlamydia","274","2014","2014","Hispanic","Hispanic","Male","M","35-39 years","35-39",3406,2085058,163.35
,"Chlamydia","274","2014","2014","Hispanic","Hispanic","Male","M","40+ years","40+",3950,8252817,47.86
,"Chlamydia","274","2014","2014","Hispanic","Hispanic","Male","M","Unknown","99",64,Not Applicable,Not Applicable
,"Chlamydia","274","2014","2014","Hispanic","Hispanic","Unknown","U","0-14 years","0-14",4,Not Applicable,Not Applicable
,"Chlamydia","274","2014","2014","Hispanic","Hispanic","Unknown","U","15-19 years","15-19",34,Not Applicable,Not Applicable
,"Chlamydia","274","2014","2014","Hispanic","Hispanic","Unknown","U","20-24 years","20-24",50,Not Applicable,Not Applicable
,"Chlamydia","274","2014","2014","Hispanic","Hispanic","Unknown","U","25-29 years","25-29",24,Not Applicable,Not Applicable
,"Chlamydia","274","2014","2014","Hispanic","Hispanic","Unknown","U","30-34 years","30-34",19,Not Applicable,Not Applicable
,"Chlamydia","274","2014","2014","Hispanic","Hispanic","Unknown","U","35-39 years","35-39",12,Not Applicable,Not Applicable
,"Chlamydia","274","2014","2014","Hispanic","Hispanic","Unknown","U","40+ years","40+",8,Not Applicable,Not Applicable
,"Chlamydia","274","2014","2014","Hispanic","Hispanic","Unknown","U","Unknown","99",7,Not Applicable,Not Applicable
,"Chlamydia","274","2014","2014","White","2106-3","Female","F","0-14 years","0-14",1804,16028561,11.25
,"Chlamydia","274","2014","2014","White","2106-3","Female","F","15-19 years","15-19",73960,5832383,1268.09
,"Chlamydia","274","2014","2014","White","2106-3","Female","F","20-24 years","20-24",107588,6361813,1691.15
,"Chlamydia","274","2014","2014","White","2106-3","Female","F","25-29 years","25-29",41603,6208491,670.10
,"Chlamydia","274","2014","2014","White","2106-3","Female","F","30-34 years","30-34",16219,6149466,263.75
,"Chlamydia","274","2014","2014","White","2106-3","Female","F","35-39 years","35-39",6644,5673580,117.10
,"Chlamydia","274","2014","2014","White","2106-3","Female","F","40+ years","40+",5578,55727294,10.01
,"Chlamydia","274","2014","2014","White","2106-3","Female","F","Unknown","99",156,Not Applicable,Not Applicable
,"Chlamydia","274","2014","2014","White","2106-3","Male","M","0-14 years","0-14",140,16856474,0.83
,"Chlamydia","274","2014","2014","White","2106-3","Male","M","15-19 years","15-19",13452,6156891,218.49
,"Chlamydia","274","2014","2014","White","2106-3","Male","M","20-24 years","20-24",38991,6637157,587.47
,"Chlamydia","274","2014","2014","White","2106-3","Male","M","25-29 years","25-29",23312,6361222,366.47
,"Chlamydia","274","2014","2014","White","2106-3","Male","M","30-34 years","30-34",11392,6250584,182.25
,"Chlamydia","274","2014","2014","White","2106-3","Male","M","35-39 years","35-39",5401,5747969,93.96
,"Chlamydia","274","2014","2014","White","2106-3","Male","M","40+ years","40+",9211,50926628,18.09
,"Chlamydia","274","2014","2014","White","2106-3","Male","M","Unknown","99",77,Not Applicable,Not Applicable
,"Chlamydia","274","2014","2014","White","2106-3","Unknown","U","0-14 years","0-14",2,Not Applicable,Not Applicable
,"Chlamydia","274","2014","2014","White","2106-3","Unknown","U","15-19 years","15-19",38,Not Applicable,Not Applicable
,"Chlamydia","274","2014","2014","White","2106-3","Unknown","U","20-24 years","20-24",67,Not Applicable,Not Applicable
,"Chlamydia","274","2014","2014","White","2106-3","Unknown","U","25-29 years","25-29",24,Not Applicable,Not Applicable
,"Chlamydia","274","2014","2014","White","2106-3","Unknown","U","30-34 years","30-34",9,Not Applicable,Not Applicable
,"Chlamydia","274","2014","2014","White","2106-3","Unknown","U","35-39 years","35-39",9,Not Applicable,Not Applicable
,"Chlamydia","274","2014","2014","White","2106-3","Unknown","U","40+ years","40+",8,Not Applicable,Not Applicable
,"Chlamydia","274","2014","2014","White","2106-3","Unknown","U","Unknown","99",1,Not Applicable,Not Applicable
,"Gonorrhea","280","1996","1996","Black or African American","2054-5","Female","F","0-14 years","0-14",3193,4460729,71.58
,"Gonorrhea","280","1996","1996","Black or African American","2054-5","Female","F","15-19 years","15-19",34673,1396775,2482.36
,"Gonorrhea","280","1996","1996","Black or African American","2054-5","Female","F","20-24 years","20-24",24675,1284681,1920.71
,"Gonorrhea","280","1996","1996","Black or African American","2054-5","Female","F","25-29 years","25-29",10909,1345023,811.06
,"Gonorrhea","280","1996","1996","Black or African American","2054-5","Female","F","30-34 years","30-34",5953,1456707,408.66
,"Gonorrhea","280","1996","1996","Black or African American","2054-5","Female","F","35-39 years","35-39",3222,1468582,219.40
,"Gonorrhea","280","1996","1996","Black or African American","2054-5","Female","F","40+ years","40+",1837,5976567,30.74
,"Gonorrhea","280","1996","1996","Black or African American","2054-5","Female","F","Unknown","99",1443,Not Applicable,Not Applicable
,"Gonorrhea","280","1996","1996","Black or African American","2054-5","Male","M","0-14 years","0-14",756,4586191,16.48
,"Gonorrhea","280","1996","1996","Black or African American","2054-5","Male","M","15-19 years","15-19",24287,1425330,1703.96
,"Gonorrhea","280","1996","1996","Black or African American","2054-5","Male","M","20-24 years","20-24",33193,1225251,2709.08
,"Gonorrhea","280","1996","1996","Black or African American","2054-5","Male","M","25-29 years","25-29",18389,1211390,1518.01
,"Gonorrhea","280","1996","1996","Black or African American","2054-5","Male","M","30-34 years","30-34",12197,1292503,943.67
,"Gonorrhea","280","1996","1996","Black or African American","2054-5","Male","M","35-39 years","35-39",8882,1290342,688.35
,"Gonorrhea","280","1996","1996","Black or African American","2054-5","Male","M","40+ years","40+",11006,4622089,238.12
,"Gonorrhea","280","1996","1996","Black or African American","2054-5","Male","M","Unknown","99",1656,Not Applicable,Not Applicable
,"Gonorrhea","280","1996","1996","Hispanic","Hispanic","Female","F","0-14 years","0-14",300,4326231,6.93
,"Gonorrhea","280","1996","1996","Hispanic","Hispanic","Female","F","15-19 years","15-19",2506,1256526,199.44
,"Gonorrhea","280","1996","1996","Hispanic","Hispanic","Female","F","20-24 years","20-24",1922,1258260,152.75
,"Gonorrhea","280","1996","1996","Hispanic","Hispanic","Female","F","25-29 years","25-29",973,1318039,73.82
,"Gonorrhea","280","1996","1996","Hispanic","Hispanic","Female","F","30-34 years","30-34",453,1311341,34.54
,"Gonorrhea","280","1996","1996","Hispanic","Hispanic","Female","F","35-39 years","35-39",278,1133457,24.53
,"Gonorrhea","280","1996","1996","Hispanic","Hispanic","Female","F","40+ years","40+",196,3773545,5.19
,"Gonorrhea","280","1996","1996","Hispanic","Hispanic","Female","F","Unknown","99",129,Not Applicable,Not Applicable
,"Gonorrhea","280","1996","1996","Hispanic","Hispanic","Male","M","0-14 years","0-14",48,4522686,1.06
,"Gonorrhea","280","1996","1996","Hispanic","Hispanic","Male","M","15-19 years","15-19",1570,1407095,111.58
,"Gonorrhea","280","1996","1996","Hispanic","Hispanic","Male","M","20-24 years","20-24",2073,1472851,140.75
,"Gonorrhea","280","1996","1996","Hispanic","Hispanic","Male","M","25-29 years","25-29",1286,1561718,82.35
,"Gonorrhea","280","1996","1996","Hispanic","Hispanic","Male","M","30-34 years","30-34",811,1484037,54.65
,"Gonorrhea","280","1996","1996","Hispanic","Hispanic","Male","M","35-39 years","35-39",462,1221705,37.82
,"Gonorrhea","280","1996","1996","Hispanic","Hispanic","Male","M","40+ years","40+",533,3415967,15.60
,"Gonorrhea","280","1996","1996","Hispanic","Hispanic","Male","M","Unknown","99",171,Not Applicable,Not Applicable
,"Gonorrhea","280","1996","1996","White","2106-3","Female","F","0-14 years","0-14",730,18508222,3.94
,"Gonorrhea","280","1996","1996","White","2106-3","Female","F","15-19 years","15-19",9324,6100397,152.84
,"Gonorrhea","280","1996","1996","White","2106-3","Female","F","20-24 years","20-24",6384,5740121,111.22
,"Gonorrhea","280","1996","1996","White","2106-3","Female","F","25-29 years","25-29",2937,6648653,44.17
,"Gonorrhea","280","1996","1996","White","2106-3","Female","F","30-34 years","30-34",1758,7621263,23.07
,"Gonorrhea","280","1996","1996","White","2106-3","Female","F","35-39 years","35-39",984,8292330,11.87
,"Gonorrhea","280","1996","1996","White","2106-3","Female","F","40+ years","40+",675,46889427,1.44
,"Gonorrhea","280","1996","1996","White","2106-3","Female","F","Unknown","99",205,Not Applicable,Not Applicable
,"Gonorrhea","280","1996","1996","White","2106-3","Male","M","0-14 years","0-14",91,19544041,0.47
,"Gonorrhea","280","1996","1996","White","2106-3","Male","M","15-19 years","15-19",2112,6436348,32.81
,"Gonorrhea","280","1996","1996","White","2106-3","Male","M","20-24 years","20-24",3039,5908938,51.43
,"Gonorrhea","280","1996","1996","White","2106-3","Male","M","25-29 years","25-29",2455,6706360,36.61
,"Gonorrhea","280","1996","1996","White","2106-3","Male","M","30-34 years","30-34",2168,7715174,28.10
,"Gonorrhea","280","1996","1996","White","2106-3","Male","M","35-39 years","35-39",1548,8337094,18.57
,"Gonorrhea","280","1996","1996","White","2106-3","Male","M","40+ years","40+",2105,40725376,5.17
,"Gonorrhea","280","1996","1996","White","2106-3","Male","M","Unknown","99",168,Not Applicable,Not Applicable
,"Gonorrhea","280","1997","1997","Black or African American","2054-5","Female","F","0-14 years","0-14",2924,4504739,64.91
,"Gonorrhea","280","1997","1997","Black or African American","2054-5","Female","F","15-19 years","15-19",35098,1428120,2457.64
,"Gonorrhea","280","1997","1997","Black or African American","2054-5","Female","F","20-24 years","20-24",25856,1287022,2008.98
,"Gonorrhea","280","1997","1997","Black or African American","2054-5","Female","F","25-29 years","25-29",10911,1358861,802.95
,"Gonorrhea","280","1997","1997","Black or African American","2054-5","Female","F","30-34 years","30-34",5729,1436989,398.68
,"Gonorrhea","280","1997","1997","Black or African American","2054-5","Female","F","35-39 years","35-39",3213,1484714,216.41
,"Gonorrhea","280","1997","1997","Black or African American","2054-5","Female","F","40+ years","40+",1956,6175843,31.67
,"Gonorrhea","280","1997","1997","Black or African American","2054-5","Female","F","Unknown","99",1721,Not Applicable,Not Applicable
,"Gonorrhea","280","1997","1997","Black or African American","2054-5","Male","M","0-14 years","0-14",670,4635772,14.45
,"Gonorrhea","280","1997","1997","Black or African American","2054-5","Male","M","15-19 years","15-19",22413,1457417,1537.86
,"Gonorrhea","280","1997","1997","Black or African American","2054-5","Male","M","20-24 years","20-24",32374,1225514,2641.67
,"Gonorrhea","280","1997","1997","Black or African American","2054-5","Male","M","25-29 years","25-29",18531,1226192,1511.26
,"Gonorrhea","280","1997","1997","Black or African American","2054-5","Male","M","30-34 years","30-34",11481,1277906,898.42
,"Gonorrhea","280","1997","1997","Black or African American","2054-5","Male","M","35-39 years","35-39",8456,1306797,647.08
,"Gonorrhea","280","1997","1997","Black or African American","2054-5","Male","M","40+ years","40+",11091,4801300,231.00
,"Gonorrhea","280","1997","1997","Black or African American","2054-5","Male","M","Unknown","99",2322,Not Applicable,Not Applicable
,"Gonorrhea","280","1997","1997","Black or African American","2054-5","Unknown","U","15-19 years","15-19",4,Not Applicable,Not Applicable
,"Gonorrhea","280","1997","1997","Black or African American","2054-5","Unknown","U","20-24 years","20-24",3,Not Applicable,Not Applicable
,"Gonorrhea","280","1997","1997","Black or African American","2054-5","Unknown","U","35-39 years","35-39",1,Not Applicable,Not Applicable
,"Gonorrhea","280","1997","1997","Hispanic","Hispanic","Female","F","0-14 years","0-14",250,4524710,5.53
,"Gonorrhea","280","1997","1997","Hispanic","Hispanic","Female","F","15-19 years","15-19",2610,1318868,197.90
,"Gonorrhea","280","1997","1997","Hispanic","Hispanic","Female","F","20-24 years","20-24",1994,1329061,150.03
,"Gonorrhea","280","1997","1997","Hispanic","Hispanic","Female","F","25-29 years","25-29",943,1372042,68.73
,"Gonorrhea","280","1997","1997","Hispanic","Hispanic","Female","F","30-34 years","30-34",492,1356248,36.28
,"Gonorrhea","280","1997","1997","Hispanic","Hispanic","Female","F","35-39 years","35-39",275,1187942,23.15
,"Gonorrhea","280","1997","1997","Hispanic","Hispanic","Female","F","40+ years","40+",206,3973405,5.18
,"Gonorrhea","280","1997","1997","Hispanic","Hispanic","Female","F","Unknown","99",202,Not Applicable,Not Applicable
,"Gonorrhea","280","1997","1997","Hispanic","Hispanic","Male","M","0-14 years","0-14",60,4729262,1.27
,"Gonorrhea","280","1997","1997","Hispanic","Hispanic","Male","M","15-19 years","15-19",1468,1487173,98.71
,"Gonorrhea","280","1997","1997","Hispanic","Hispanic","Male","M","20-24 years","20-24",2062,1561495,132.05
,"Gonorrhea","280","1997","1997","Hispanic","Hispanic","Male","M","25-29 years","25-29",1389,1621042,85.69
,"Gonorrhea","280","1997","1997","Hispanic","Hispanic","Male","M","30-34 years","30-34",880,1539124,57.18
,"Gonorrhea","280","1997","1997","Hispanic","Hispanic","Male","M","35-39 years","35-39",561,1284798,43.66
,"Gonorrhea","280","1997","1997","Hispanic","Hispanic","Male","M","40+ years","40+",550,3610726,15.23
,"Gonorrhea","280","1997","1997","Hispanic","Hispanic","Male","M","Unknown","99",198,Not Applicable,Not Applicable
,"Gonorrhea","280","1997","1997","Hispanic","Hispanic","Unknown","U","15-19 years","15-19",1,Not Applicable,Not Applicable
,"Gonorrhea","280","1997","1997","White","2106-3","Female","F","0-14 years","0-14",656,18418559,3.56
,"Gonorrhea","280","1997","1997","White","2106-3","Female","F","15-19 years","15-19",8775,6214009,141.21
,"Gonorrhea","280","1997","1997","White","2106-3","Female","F","20-24 years","20-24",6408,5667910,113.06
,"Gonorrhea","280","1997","1997","White","2106-3","Female","F","25-29 years","25-29",3010,6564274,45.85
,"Gonorrhea","280","1997","1997","White","2106-3","Female","F","30-34 years","30-34",1692,7329279,23.09
,"Gonorrhea","280","1997","1997","White","2106-3","Female","F","35-39 years","35-39",1110,8260209,13.44
,"Gonorrhea","280","1997","1997","White","2106-3","Female","F","40+ years","40+",680,47696958,1.43
,"Gonorrhea","280","1997","1997","White","2106-3","Female","F","Unknown","99",272,Not Applicable,Not Applicable
,"Gonorrhea","280","1997","1997","White","2106-3","Male","M","0-14 years","0-14",67,19447455,0.34
,"Gonorrhea","280","1997","1997","White","2106-3","Male","M","15-19 years","15-19",1884,6544914,28.79
,"Gonorrhea","280","1997","1997","White","2106-3","Male","M","20-24 years","20-24",3060,5837197,52.42
,"Gonorrhea","280","1997","1997","White","2106-3","Male","M","25-29 years","25-29",2404,6626063,36.28
,"Gonorrhea","280","1997","1997","White","2106-3","Male","M","30-34 years","30-34",2065,7415768,27.85
,"Gonorrhea","280","1997","1997","White","2106-3","Male","M","35-39 years","35-39",1654,8302915,19.92
,"Gonorrhea","280","1997","1997","White","2106-3","Male","M","40+ years","40+",2189,41608499,5.26
,"Gonorrhea","280","1997","1997","White","2106-3","Male","M","Unknown","99",215,Not Applicable,Not Applicable
,"Gonorrhea","280","1998","1998","Black or African American","2054-5","Female","F","0-14 years","0-14",3405,4552361,74.80
,"Gonorrhea","280","1998","1998","Black or African American","2054-5","Female","F","15-19 years","15-19",39905,1456654,2739.50
,"Gonorrhea","280","1998","1998","Black or African American","2054-5","Female","F","20-24 years","20-24",30325,1299542,2333.51
,"Gonorrhea","280","1998","1998","Black or African American","2054-5","Female","F","25-29 years","25-29",12771,1361043,938.33
,"Gonorrhea","280","1998","1998","Black or African American","2054-5","Female","F","30-34 years","30-34",6289,1419292,443.11
,"Gonorrhea","280","1998","1998","Black or African American","2054-5","Female","F","35-39 years","35-39",3888,1498382,259.48
,"Gonorrhea","280","1998","1998","Black or African American","2054-5","Female","F","40+ years","40+",2526,6372145,39.64
,"Gonorrhea","280","1998","1998","Black or African American","2054-5","Female","F","Unknown","99",526,Not Applicable,Not Applicable
,"Gonorrhea","280","1998","1998","Black or African American","2054-5","Male","M","0-14 years","0-14",685,4689075,14.61
,"Gonorrhea","280","1998","1998","Black or African American","2054-5","Male","M","15-19 years","15-19",23897,1487728,1606.27
,"Gonorrhea","280","1998","1998","Black or African American","2054-5","Male","M","20-24 years","20-24",36358,1234742,2944.58
,"Gonorrhea","280","1998","1998","Black or African American","2054-5","Male","M","25-29 years","25-29",21550,1229100,1753.32
,"Gonorrhea","280","1998","1998","Black or African American","2054-5","Male","M","30-34 years","30-34",12573,1265081,993.85
,"Gonorrhea","280","1998","1998","Black or African American","2054-5","Male","M","35-39 years","35-39",9675,1322198,731.74
,"Gonorrhea","280","1998","1998","Black or African American","2054-5","Male","M","40+ years","40+",12842,4981329,257.80
,"Gonorrhea","280","1998","1998","Black or African American","2054-5","Male","M","Unknown","99",564,Not Applicable,Not Applicable
,"Gonorrhea","280","1998","1998","Black or African American","2054-5","Unknown","U","15-19 years","15-19",3,Not Applicable,Not Applicable
,"Gonorrhea","280","1998","1998","Black or African American","2054-5","Unknown","U","20-24 years","20-24",5,Not Applicable,Not Applicable
,"Gonorrhea","280","1998","1998","Black or African American","2054-5","Unknown","U","25-29 years","25-29",2,Not Applicable,Not Applicable
,"Gonorrhea","280","1998","1998","Black or African American","2054-5","Unknown","U","30-34 years","30-34",1,Not Applicable,Not Applicable
,"Gonorrhea","280","1998","1998","Black or African American","2054-5","Unknown","U","35-39 years","35-39",1,Not Applicable,Not Applicable
,"Gonorrhea","280","1998","1998","Black or African American","2054-5","Unknown","U","40+ years","40+",2,Not Applicable,Not Applicable
,"Gonorrhea","280","1998","1998","Hispanic","Hispanic","Female","F","0-14 years","0-14",249,4724076,5.27
,"Gonorrhea","280","1998","1998","Hispanic","Hispanic","Female","F","15-19 years","15-19",2869,1381377,207.69
,"Gonorrhea","280","1998","1998","Hispanic","Hispanic","Female","F","20-24 years","20-24",2402,1400404,171.52
,"Gonorrhea","280","1998","1998","Hispanic","Hispanic","Female","F","25-29 years","25-29",1129,1439839,78.41
,"Gonorrhea","280","1998","1998","Hispanic","Hispanic","Female","F","30-34 years","30-34",545,1388674,39.25
,"Gonorrhea","280","1998","1998","Hispanic","Hispanic","Female","F","35-39 years","35-39",323,1247577,25.89
,"Gonorrhea","280","1998","1998","Hispanic","Hispanic","Female","F","40+ years","40+",262,4188082,6.26
,"Gonorrhea","280","1998","1998","Hispanic","Hispanic","Female","F","Unknown","99",53,Not Applicable,Not Applicable
,"Gonorrhea","280","1998","1998","Hispanic","Hispanic","Male","M","0-14 years","0-14",52,4939274,1.05
,"Gonorrhea","280","1998","1998","Hispanic","Hispanic","Male","M","15-19 years","15-19",1602,1563197,102.48
,"Gonorrhea","280","1998","1998","Hispanic","Hispanic","Male","M","20-24 years","20-24",2648,1660597,159.46
,"Gonorrhea","280","1998","1998","Hispanic","Hispanic","Male","M","25-29 years","25-29",1680,1693859,99.18
,"Gonorrhea","280","1998","1998","Hispanic","Hispanic","Male","M","30-34 years","30-34",1059,1580537,67.00
,"Gonorrhea","280","1998","1998","Hispanic","Hispanic","Male","M","35-39 years","35-39",683,1353023,50.48
,"Gonorrhea","280","1998","1998","Hispanic","Hispanic","Male","M","40+ years","40+",710,3822349,18.57
,"Gonorrhea","280","1998","1998","Hispanic","Hispanic","Male","M","Unknown","99",53,Not Applicable,Not Applicable
,"Gonorrhea","280","1998","1998","Hispanic","Hispanic","Unknown","U","15-19 years","15-19",1,Not Applicable,Not Applicable
,"Gonorrhea","280","1998","1998","White","2106-3","Female","F","0-14 years","0-14",651,18328707,3.55
,"Gonorrhea","280","1998","1998","White","2106-3","Female","F","15-19 years","15-19",9914,6312269,157.06
,"Gonorrhea","280","1998","1998","White","2106-3","Female","F","20-24 years","20-24",7438,5692146,130.67
,"Gonorrhea","280","1998","1998","White","2106-3","Female","F","25-29 years","25-29",3282,6420819,51.12
,"Gonorrhea","280","1998","1998","White","2106-3","Female","F","30-34 years","30-34",1808,7051208,25.64
,"Gonorrhea","280","1998","1998","White","2106-3","Female","F","35-39 years","35-39",1158,8176042,14.16
,"Gonorrhea","280","1998","1998","White","2106-3","Female","F","40+ years","40+",852,48471449,1.76
,"Gonorrhea","280","1998","1998","White","2106-3","Female","F","Unknown","99",158,Not Applicable,Not Applicable
,"Gonorrhea","280","1998","1998","White","2106-3","Male","M","0-14 years","0-14",66,19353382,0.34
,"Gonorrhea","280","1998","1998","White","2106-3","Male","M","15-19 years","15-19",2048,6637451,30.86
,"Gonorrhea","280","1998","1998","White","2106-3","Male","M","20-24 years","20-24",3450,5855698,58.92
,"Gonorrhea","280","1998","1998","White","2106-3","Male","M","25-29 years","25-29",2718,6487379,41.90
,"Gonorrhea","280","1998","1998","White","2106-3","Male","M","30-34 years","30-34",2301,7138397,32.23
,"Gonorrhea","280","1998","1998","White","2106-3","Male","M","35-39 years","35-39",1927,8213600,23.46
,"Gonorrhea","280","1998","1998","White","2106-3","Male","M","40+ years","40+",2454,42464695,5.78
,"Gonorrhea","280","1998","1998","White","2106-3","Male","M","Unknown","99",100,Not Applicable,Not Applicable
,"Gonorrhea","280","1998","1998","White","2106-3","Unknown","U","20-24 years","20-24",1,Not Applicable,Not Applicable
,"Gonorrhea","280","1999","1999","Black or African American","2054-5","Female","F","0-14 years","0-14",3340,4604949,72.53
,"Gonorrhea","280","1999","1999","Black or African American","2054-5","Female","F","15-19 years","15-19",40235,1467755,2741.26
,"Gonorrhea","280","1999","1999","Black or African American","2054-5","Female","F","20-24 years","20-24",31783,1331673,2386.70
,"Gonorrhea","280","1999","1999","Black or African American","2054-5","Female","F","25-29 years","25-29",12424,1358176,914.76
,"Gonorrhea","280","1999","1999","Black or African American","2054-5","Female","F","30-34 years","30-34",5744,1393840,412.10
,"Gonorrhea","280","1999","1999","Black or African American","2054-5","Female","F","35-39 years","35-39",3531,1507328,234.26
,"Gonorrhea","280","1999","1999","Black or African American","2054-5","Female","F","40+ years","40+",2422,6572778,36.85
,"Gonorrhea","280","1999","1999","Black or African American","2054-5","Female","F","Unknown","99",558,Not Applicable,Not Applicable
,"Gonorrhea","280","1999","1999","Black or African American","2054-5","Male","M","0-14 years","0-14",710,4748292,14.95
,"Gonorrhea","280","1999","1999","Black or African American","2054-5","Male","M","15-19 years","15-19",23570,1499020,1572.36
,"Gonorrhea","280","1999","1999","Black or African American","2054-5","Male","M","20-24 years","20-24",37047,1262470,2934.49
,"Gonorrhea","280","1999","1999","Black or African American","2054-5","Male","M","25-29 years","25-29",21725,1227359,1770.06
,"Gonorrhea","280","1999","1999","Black or African American","2054-5","Male","M","30-34 years","30-34",12598,1248190,1009.30
,"Gonorrhea","280","1999","1999","Black or African American","2054-5","Male","M","35-39 years","35-39",9894,1334212,741.56
,"Gonorrhea","280","1999","1999","Black or African American","2054-5","Male","M","40+ years","40+",13812,5166194,267.35
,"Gonorrhea","280","1999","1999","Black or African American","2054-5","Male","M","Unknown","99",1070,Not Applicable,Not Applicable
,"Gonorrhea","280","1999","1999","Black or African American","2054-5","Unknown","U","0-14 years","0-14",1,Not Applicable,Not Applicable
,"Gonorrhea","280","1999","1999","Black or African American","2054-5","Unknown","U","15-19 years","15-19",13,Not Applicable,Not Applicable
,"Gonorrhea","280","1999","1999","Black or African American","2054-5","Unknown","U","20-24 years","20-24",14,Not Applicable,Not Applicable
,"Gonorrhea","280","1999","1999","Black or African American","2054-5","Unknown","U","25-29 years","25-29",8,Not Applicable,Not Applicable
,"Gonorrhea","280","1999","1999","Black or African American","2054-5","Unknown","U","30-34 years","30-34",3,Not Applicable,Not Applicable
,"Gonorrhea","280","1999","1999","Black or African American","2054-5","Unknown","U","40+ years","40+",1,Not Applicable,Not Applicable
,"Gonorrhea","280","1999","1999","Black or African American","2054-5","Unknown","U","Unknown","99",5,Not Applicable,Not Applicable
,"Gonorrhea","280","1999","1999","Hispanic","Hispanic","Female","F","0-14 years","0-14",261,4945809,5.28
,"Gonorrhea","280","1999","1999","Hispanic","Hispanic","Female","F","15-19 years","15-19",3199,1437096,222.60
,"Gonorrhea","280","1999","1999","Hispanic","Hispanic","Female","F","20-24 years","20-24",2569,1471971,174.53
,"Gonorrhea","280","1999","1999","Hispanic","Hispanic","Female","F","25-29 years","25-29",1208,1502244,80.41
,"Gonorrhea","280","1999","1999","Hispanic","Hispanic","Female","F","30-34 years","30-34",585,1423280,41.10
,"Gonorrhea","280","1999","1999","Hispanic","Hispanic","Female","F","35-39 years","35-39",331,1305825,25.35
,"Gonorrhea","280","1999","1999","Hispanic","Hispanic","Female","F","40+ years","40+",266,4415206,6.02
,"Gonorrhea","280","1999","1999","Hispanic","Hispanic","Female","F","Unknown","99",57,Not Applicable,Not Applicable
,"Gonorrhea","280","1999","1999","Hispanic","Hispanic","Male","M","0-14 years","0-14",59,5171563,1.14
,"Gonorrhea","280","1999","1999","Hispanic","Hispanic","Male","M","15-19 years","15-19",1716,1631899,105.15
,"Gonorrhea","280","1999","1999","Hispanic","Hispanic","Male","M","20-24 years","20-24",2711,1775826,152.66
,"Gonorrhea","280","1999","1999","Hispanic","Hispanic","Male","M","25-29 years","25-29",1720,1760280,97.71
,"Gonorrhea","280","1999","1999","Hispanic","Hispanic","Male","M","30-34 years","30-34",1010,1627482,62.06
,"Gonorrhea","280","1999","1999","Hispanic","Hispanic","Male","M","35-39 years","35-39",636,1421140,44.75
,"Gonorrhea","280","1999","1999","Hispanic","Hispanic","Male","M","40+ years","40+",675,4048174,16.67
,"Gonorrhea","280","1999","1999","Hispanic","Hispanic","Male","M","Unknown","99",59,Not Applicable,Not Applicable
,"Gonorrhea","280","1999","1999","Hispanic","Hispanic","Unknown","U","0-14 years","0-14",1,Not Applicable,Not Applicable
,"Gonorrhea","280","1999","1999","Hispanic","Hispanic","Unknown","U","20-24 years","20-24",1,Not Applicable,Not Applicable
,"Gonorrhea","280","1999","1999","White","2106-3","Female","F","0-14 years","0-14",652,18252543,3.57
,"Gonorrhea","280","1999","1999","White","2106-3","Female","F","15-19 years","15-19",9473,6345417,149.29
,"Gonorrhea","280","1999","1999","White","2106-3","Female","F","20-24 years","20-24",7684,5767128,133.24
,"Gonorrhea","280","1999","1999","White","2106-3","Female","F","25-29 years","25-29",3265,6213778,52.54
,"Gonorrhea","280","1999","1999","White","2106-3","Female","F","30-34 years","30-34",1794,6834676,26.25
,"Gonorrhea","280","1999","1999","White","2106-3","Female","F","35-39 years","35-39",1303,8065587,16.16
,"Gonorrhea","280","1999","1999","White","2106-3","Female","F","40+ years","40+",881,49219455,1.79
,"Gonorrhea","280","1999","1999","White","2106-3","Female","F","Unknown","99",199,Not Applicable,Not Applicable
,"Gonorrhea","280","1999","1999","White","2106-3","Male","M","0-14 years","0-14",72,19270575,0.37
,"Gonorrhea","280","1999","1999","White","2106-3","Male","M","15-19 years","15-19",1942,6660427,29.16
,"Gonorrhea","280","1999","1999","White","2106-3","Male","M","20-24 years","20-24",3542,5922138,59.81
,"Gonorrhea","280","1999","1999","White","2106-3","Male","M","25-29 years","25-29",2751,6294554,43.70
,"Gonorrhea","280","1999","1999","White","2106-3","Male","M","30-34 years","30-34",2218,6921705,32.04
,"Gonorrhea","280","1999","1999","White","2106-3","Male","M","35-39 years","35-39",1996,8094587,24.66
,"Gonorrhea","280","1999","1999","White","2106-3","Male","M","40+ years","40+",2865,43291548,6.62
,"Gonorrhea","280","1999","1999","White","2106-3","Male","M","Unknown","99",125,Not Applicable,Not Applicable
,"Gonorrhea","280","1999","1999","White","2106-3","Unknown","U","15-19 years","15-19",3,Not Applicable,Not Applicable
,"Gonorrhea","280","1999","1999","White","2106-3","Unknown","U","20-24 years","20-24",3,Not Applicable,Not Applicable
,"Gonorrhea","280","1999","1999","White","2106-3","Unknown","U","25-29 years","25-29",1,Not Applicable,Not Applicable
,"Gonorrhea","280","1999","1999","White","2106-3","Unknown","U","35-39 years","35-39",1,Not Applicable,Not Applicable
,"Gonorrhea","280","1999","1999","White","2106-3","Unknown","U","40+ years","40+",1,Not Applicable,Not Applicable
,"Gonorrhea","280","2000","2000","Black or African American","2054-5","Female","F","0-14 years","0-14",3212,4634660,69.30
,"Gonorrhea","280","2000","2000","Black or African American","2054-5","Female","F","15-19 years","15-19",39276,1471027,2669.97
,"Gonorrhea","280","2000","2000","Black or African American","2054-5","Female","F","20-24 years","20-24",33382,1374005,2429.54
,"Gonorrhea","280","2000","2000","Black or African American","2054-5","Female","F","25-29 years","25-29",12514,1334939,937.42
,"Gonorrhea","280","2000","2000","Black or African American","2054-5","Female","F","30-34 years","30-34",5603,1389612,403.21
,"Gonorrhea","280","2000","2000","Black or African American","2054-5","Female","F","35-39 years","35-39",3364,1502493,223.90
,"Gonorrhea","280","2000","2000","Black or African American","2054-5","Female","F","40+ years","40+",2384,6770728,35.21
,"Gonorrhea","280","2000","2000","Black or African American","2054-5","Female","F","Unknown","99",277,Not Applicable,Not Applicable
,"Gonorrhea","280","2000","2000","Black or African American","2054-5","Male","M","0-14 years","0-14",682,4783380,14.26
,"Gonorrhea","280","2000","2000","Black or African American","2054-5","Male","M","15-19 years","15-19",22167,1505446,1472.45
,"Gonorrhea","280","2000","2000","Black or African American","2054-5","Male","M","20-24 years","20-24",37071,1304105,2842.64
,"Gonorrhea","280","2000","2000","Black or African American","2054-5","Male","M","25-29 years","25-29",21558,1209455,1782.46
,"Gonorrhea","280","2000","2000","Black or African American","2054-5","Male","M","30-34 years","30-34",12028,1247104,964.47
,"Gonorrhea","280","2000","2000","Black or African American","2054-5","Male","M","35-39 years","35-39",8933,1331081,671.11
,"Gonorrhea","280","2000","2000","Black or African American","2054-5","Male","M","40+ years","40+",12812,5347510,239.59
,"Gonorrhea","280","2000","2000","Black or African American","2054-5","Male","M","Unknown","99",283,Not Applicable,Not Applicable
,"Gonorrhea","280","2000","2000","Black or African American","2054-5","Unknown","U","15-19 years","15-19",16,Not Applicable,Not Applicable
,"Gonorrhea","280","2000","2000","Black or African American","2054-5","Unknown","U","20-24 years","20-24",9,Not Applicable,Not Applicable
,"Gonorrhea","280","2000","2000","Black or African American","2054-5","Unknown","U","25-29 years","25-29",9,Not Applicable,Not Applicable
,"Gonorrhea","280","2000","2000","Black or African American","2054-5","Unknown","U","30-34 years","30-34",2,Not Applicable,Not Applicable
,"Gonorrhea","280","2000","2000","Black or African American","2054-5","Unknown","U","35-39 years","35-39",2,Not Applicable,Not Applicable
,"Gonorrhea","280","2000","2000","Black or African American","2054-5","Unknown","U","40+ years","40+",3,Not Applicable,Not Applicable
,"Gonorrhea","280","2000","2000","Black or African American","2054-5","Unknown","U","Unknown","99",5,Not Applicable,Not Applicable
,"Gonorrhea","280","2000","2000","Hispanic","Hispanic","Female","F","0-14 years","0-14",285,5168834,5.51
,"Gonorrhea","280","2000","2000","Hispanic","Hispanic","Female","F","15-19 years","15-19",3463,1486384,232.98
,"Gonorrhea","280","2000","2000","Hispanic","Hispanic","Female","F","20-24 years","20-24",3055,1547005,197.48
,"Gonorrhea","280","2000","2000","Hispanic","Hispanic","Female","F","25-29 years","25-29",1318,1573352,83.77
,"Gonorrhea","280","2000","2000","Hispanic","Hispanic","Female","F","30-34 years","30-34",627,1479151,42.39
,"Gonorrhea","280","2000","2000","Hispanic","Hispanic","Female","F","35-39 years","35-39",376,1366613,27.51
,"Gonorrhea","280","2000","2000","Hispanic","Hispanic","Female","F","40+ years","40+",271,4699367,5.77
,"Gonorrhea","280","2000","2000","Hispanic","Hispanic","Female","F","Unknown","99",57,Not Applicable,Not Applicable
,"Gonorrhea","280","2000","2000","Hispanic","Hispanic","Male","M","0-14 years","0-14",82,5405977,1.52
,"Gonorrhea","280","2000","2000","Hispanic","Hispanic","Male","M","15-19 years","15-19",1823,1684330,108.23
,"Gonorrhea","280","2000","2000","Hispanic","Hispanic","Male","M","20-24 years","20-24",3078,1896453,162.30
,"Gonorrhea","280","2000","2000","Hispanic","Hispanic","Male","M","25-29 years","25-29",1949,1851738,105.25
,"Gonorrhea","280","2000","2000","Hispanic","Hispanic","Male","M","30-34 years","30-34",1139,1694568,67.21
,"Gonorrhea","280","2000","2000","Hispanic","Hispanic","Male","M","35-39 years","35-39",717,1495929,47.93
,"Gonorrhea","280","2000","2000","Hispanic","Hispanic","Male","M","40+ years","40+",774,4336901,17.85
,"Gonorrhea","280","2000","2000","Hispanic","Hispanic","Male","M","Unknown","99",61,Not Applicable,Not Applicable
,"Gonorrhea","280","2000","2000","Hispanic","Hispanic","Unknown","U","25-29 years","25-29",1,Not Applicable,Not Applicable
,"Gonorrhea","280","2000","2000","Hispanic","Hispanic","Unknown","U","Unknown","99",1,Not Applicable,Not Applicable
,"Gonorrhea","280","2000","2000","White","2106-3","Female","F","0-14 years","0-14",590,18126659,3.25
,"Gonorrhea","280","2000","2000","White","2106-3","Female","F","15-19 years","15-19",9140,6344322,144.07
,"Gonorrhea","280","2000","2000","White","2106-3","Female","F","20-24 years","20-24",8234,5887040,139.87
,"Gonorrhea","280","2000","2000","White","2106-3","Female","F","25-29 years","25-29",3354,5975168,56.13
,"Gonorrhea","280","2000","2000","White","2106-3","Female","F","30-34 years","30-34",1883,6734399,27.96
,"Gonorrhea","280","2000","2000","White","2106-3","Female","F","35-39 years","35-39",1260,7855149,16.04
,"Gonorrhea","280","2000","2000","White","2106-3","Female","F","40+ years","40+",993,49938680,1.99
,"Gonorrhea","280","2000","2000","White","2106-3","Female","F","Unknown","99",83,Not Applicable,Not Applicable
,"Gonorrhea","280","2000","2000","White","2106-3","Male","M","0-14 years","0-14",70,19136751,0.37
,"Gonorrhea","280","2000","2000","White","2106-3","Male","M","15-19 years","15-19",2029,6655109,30.49
,"Gonorrhea","280","2000","2000","White","2106-3","Male","M","20-24 years","20-24",3957,6028651,65.64
,"Gonorrhea","280","2000","2000","White","2106-3","Male","M","25-29 years","25-29",2719,6068299,44.81
,"Gonorrhea","280","2000","2000","White","2106-3","Male","M","30-34 years","30-34",2450,6820289,35.92
,"Gonorrhea","280","2000","2000","White","2106-3","Male","M","35-39 years","35-39",2282,7871508,28.99
,"Gonorrhea","280","2000","2000","White","2106-3","Male","M","40+ years","40+",3093,44073856,7.02
,"Gonorrhea","280","2000","2000","White","2106-3","Male","M","Unknown","99",81,Not Applicable,Not Applicable
,"Gonorrhea","280","2000","2000","White","2106-3","Unknown","U","15-19 years","15-19",4,Not Applicable,Not Applicable
,"Gonorrhea","280","2000","2000","White","2106-3","Unknown","U","30-34 years","30-34",1,Not Applicable,Not Applicable
,"Gonorrhea","280","2001","2001","Black or African American","2054-5","Female","F","0-14 years","0-14",3108,4660487,66.69
,"Gonorrhea","280","2001","2001","Black or African American","2054-5","Female","F","15-19 years","15-19",37673,1475964,2552.43
,"Gonorrhea","280","2001","2001","Black or African American","2054-5","Female","F","20-24 years","20-24",33135,1421182,2331.51
,"Gonorrhea","280","2001","2001","Black or African American","2054-5","Female","F","25-29 years","25-29",11939,1314509,908.25
,"Gonorrhea","280","2001","2001","Black or African American","2054-5","Female","F","30-34 years","30-34",5251,1394900,376.44
,"Gonorrhea","280","2001","2001","Black or African American","2054-5","Female","F","35-39 years","35-39",2939,1492078,196.97
,"Gonorrhea","280","2001","2001","Black or African American","2054-5","Female","F","40+ years","40+",2361,6958335,33.93
,"Gonorrhea","280","2001","2001","Black or African American","2054-5","Female","F","Unknown","99",275,Not Applicable,Not Applicable
,"Gonorrhea","280","2001","2001","Black or African American","2054-5","Male","M","0-14 years","0-14",614,4807564,12.77
,"Gonorrhea","280","2001","2001","Black or African American","2054-5","Male","M","15-19 years","15-19",20517,1521978,1348.05
,"Gonorrhea","280","2001","2001","Black or African American","2054-5","Male","M","20-24 years","20-24",35837,1361939,2631.32
,"Gonorrhea","280","2001","2001","Black or African American","2054-5","Male","M","25-29 years","25-29",20240,1196580,1691.49
,"Gonorrhea","280","2001","2001","Black or African American","2054-5","Male","M","30-34 years","30-34",11821,1249591,945.99
,"Gonorrhea","280","2001","2001","Black or African American","2054-5","Male","M","35-39 years","35-39",8122,1322755,614.02
,"Gonorrhea","280","2001","2001","Black or African American","2054-5","Male","M","40+ years","40+",11771,5499717,214.03
,"Gonorrhea","280","2001","2001","Black or African American","2054-5","Male","M","Unknown","99",302,Not Applicable,Not Applicable
,"Gonorrhea","280","2001","2001","Black or African American","2054-5","Unknown","U","0-14 years","0-14",2,Not Applicable,Not Applicable
,"Gonorrhea","280","2001","2001","Black or African American","2054-5","Unknown","U","15-19 years","15-19",14,Not Applicable,Not Applicable
,"Gonorrhea","280","2001","2001","Black or African American","2054-5","Unknown","U","20-24 years","20-24",19,Not Applicable,Not Applicable
,"Gonorrhea","280","2001","2001","Black or African American","2054-5","Unknown","U","25-29 years","25-29",2,Not Applicable,Not Applicable
,"Gonorrhea","280","2001","2001","Black or African American","2054-5","Unknown","U","30-34 years","30-34",2,Not Applicable,Not Applicable
,"Gonorrhea","280","2001","2001","Black or African American","2054-5","Unknown","U","35-39 years","35-39",2,Not Applicable,Not Applicable
,"Gonorrhea","280","2001","2001","Black or African American","2054-5","Unknown","U","40+ years","40+",4,Not Applicable,Not Applicable
,"Gonorrhea","280","2001","2001","Black or African American","2054-5","Unknown","U","Unknown","99",6,Not Applicable,Not Applicable
,"Gonorrhea","280","2001","2001","Hispanic","Hispanic","Female","F","0-14 years","0-14",297,5333046,5.57
,"Gonorrhea","280","2001","2001","Hispanic","Hispanic","Female","F","15-19 years","15-19",3540,1504514,235.29
,"Gonorrhea","280","2001","2001","Hispanic","Hispanic","Female","F","20-24 years","20-24",3264,1583079,206.18
,"Gonorrhea","280","2001","2001","Hispanic","Hispanic","Female","F","25-29 years","25-29",1406,1639212,85.77
,"Gonorrhea","280","2001","2001","Hispanic","Hispanic","Female","F","30-34 years","30-34",684,1565606,43.69
,"Gonorrhea","280","2001","2001","Hispanic","Hispanic","Female","F","35-39 years","35-39",404,1432431,28.20
,"Gonorrhea","280","2001","2001","Hispanic","Hispanic","Female","F","40+ years","40+",297,4991789,5.95
,"Gonorrhea","280","2001","2001","Hispanic","Hispanic","Female","F","Unknown","99",41,Not Applicable,Not Applicable
,"Gonorrhea","280","2001","2001","Hispanic","Hispanic","Male","M","0-14 years","0-14",61,5582368,1.09
,"Gonorrhea","280","2001","2001","Hispanic","Hispanic","Male","M","15-19 years","15-19",1775,1666711,106.50
,"Gonorrhea","280","2001","2001","Hispanic","Hispanic","Male","M","20-24 years","20-24",3226,1953125,165.17
,"Gonorrhea","280","2001","2001","Hispanic","Hispanic","Male","M","25-29 years","25-29",1937,1960789,98.79
,"Gonorrhea","280","2001","2001","Hispanic","Hispanic","Male","M","30-34 years","30-34",1242,1799341,69.03
,"Gonorrhea","280","2001","2001","Hispanic","Hispanic","Male","M","35-39 years","35-39",781,1582911,49.34
,"Gonorrhea","280","2001","2001","Hispanic","Hispanic","Male","M","40+ years","40+",774,4637369,16.69
,"Gonorrhea","280","2001","2001","Hispanic","Hispanic","Male","M","Unknown","99",43,Not Applicable,Not Applicable
,"Gonorrhea","280","2001","2001","Hispanic","Hispanic","Unknown","U","20-24 years","20-24",5,Not Applicable,Not Applicable
,"Gonorrhea","280","2001","2001","Hispanic","Hispanic","Unknown","U","25-29 years","25-29",2,Not Applicable,Not Applicable
,"Gonorrhea","280","2001","2001","Hispanic","Hispanic","Unknown","U","Unknown","99",1,Not Applicable,Not Applicable
,"Gonorrhea","280","2001","2001","White","2106-3","Female","F","0-14 years","0-14",623,18011102,3.46
,"Gonorrhea","280","2001","2001","White","2106-3","Female","F","15-19 years","15-19",9141,6341659,144.14
,"Gonorrhea","280","2001","2001","White","2106-3","Female","F","20-24 years","20-24",8631,6063773,142.34
,"Gonorrhea","280","2001","2001","White","2106-3","Female","F","25-29 years","25-29",3546,5771596,61.44
,"Gonorrhea","280","2001","2001","White","2106-3","Female","F","30-34 years","30-34",1827,6697249,27.28
,"Gonorrhea","280","2001","2001","White","2106-3","Female","F","35-39 years","35-39",1191,7612865,15.64
,"Gonorrhea","280","2001","2001","White","2106-3","Female","F","40+ years","40+",1096,50618256,2.17
,"Gonorrhea","280","2001","2001","White","2106-3","Female","F","Unknown","99",98,Not Applicable,Not Applicable
,"Gonorrhea","280","2001","2001","White","2106-3","Male","M","0-14 years","0-14",60,18997003,0.32
,"Gonorrhea","280","2001","2001","White","2106-3","Male","M","15-19 years","15-19",2004,6688144,29.96
,"Gonorrhea","280","2001","2001","White","2106-3","Male","M","20-24 years","20-24",4323,6205954,69.66
,"Gonorrhea","280","2001","2001","White","2106-3","Male","M","25-29 years","25-29",2839,5867125,48.39
,"Gonorrhea","280","2001","2001","White","2106-3","Male","M","30-34 years","30-34",2612,6784792,38.50
,"Gonorrhea","280","2001","2001","White","2106-3","Male","M","35-39 years","35-39",2240,7637196,29.33
,"Gonorrhea","280","2001","2001","White","2106-3","Male","M","40+ years","40+",3288,44817047,7.34
,"Gonorrhea","280","2001","2001","White","2106-3","Male","M","Unknown","99",79,Not Applicable,Not Applicable
,"Gonorrhea","280","2001","2001","White","2106-3","Unknown","U","15-19 years","15-19",4,Not Applicable,Not Applicable
,"Gonorrhea","280","2001","2001","White","2106-3","Unknown","U","20-24 years","20-24",2,Not Applicable,Not Applicable
,"Gonorrhea","280","2001","2001","White","2106-3","Unknown","U","Unknown","99",1,Not Applicable,Not Applicable
,"Gonorrhea","280","2002","2002","Black or African American","2054-5","Female","F","0-14 years","0-14",2805,4680367,59.93
,"Gonorrhea","280","2002","2002","Black or African American","2054-5","Female","F","15-19 years","15-19",36200,1491961,2426.34
,"Gonorrhea","280","2002","2002","Black or African American","2054-5","Female","F","20-24 years","20-24",32278,1457446,2214.70
,"Gonorrhea","280","2002","2002","Black or African American","2054-5","Female","F","25-29 years","25-29",11808,1306663,903.68
,"Gonorrhea","280","2002","2002","Black or African American","2054-5","Female","F","30-34 years","30-34",5066,1402937,361.10
,"Gonorrhea","280","2002","2002","Black or African American","2054-5","Female","F","35-39 years","35-39",2859,1469838,194.51
,"Gonorrhea","280","2002","2002","Black or African American","2054-5","Female","F","40+ years","40+",2378,7144465,33.28
,"Gonorrhea","280","2002","2002","Black or African American","2054-5","Female","F","Unknown","99",298,Not Applicable,Not Applicable
,"Gonorrhea","280","2002","2002","Black or African American","2054-5","Male","M","0-14 years","0-14",611,4828985,12.65
,"Gonorrhea","280","2002","2002","Black or African American","2054-5","Male","M","15-19 years","15-19",19557,1541764,1268.48
,"Gonorrhea","280","2002","2002","Black or African American","2054-5","Male","M","20-24 years","20-24",33620,1417125,2372.41
,"Gonorrhea","280","2002","2002","Black or African American","2054-5","Male","M","25-29 years","25-29",19749,1192259,1656.44
,"Gonorrhea","280","2002","2002","Black or African American","2054-5","Male","M","30-34 years","30-34",11519,1259121,914.85
,"Gonorrhea","280","2002","2002","Black or African American","2054-5","Male","M","35-39 years","35-39",7647,1303238,586.77
,"Gonorrhea","280","2002","2002","Black or African American","2054-5","Male","M","40+ years","40+",11433,5649024,202.39
,"Gonorrhea","280","2002","2002","Black or African American","2054-5","Male","M","Unknown","99",310,Not Applicable,Not Applicable
,"Gonorrhea","280","2002","2002","Black or African American","2054-5","Unknown","U","0-14 years","0-14",1,Not Applicable,Not Applicable
,"Gonorrhea","280","2002","2002","Black or African American","2054-5","Unknown","U","15-19 years","15-19",25,Not Applicable,Not Applicable
,"Gonorrhea","280","2002","2002","Black or African American","2054-5","Unknown","U","20-24 years","20-24",20,Not Applicable,Not Applicable
,"Gonorrhea","280","2002","2002","Black or African American","2054-5","Unknown","U","25-29 years","25-29",14,Not Applicable,Not Applicable
,"Gonorrhea","280","2002","2002","Black or African American","2054-5","Unknown","U","30-34 years","30-34",4,Not Applicable,Not Applicable
,"Gonorrhea","280","2002","2002","Black or African American","2054-5","Unknown","U","35-39 years","35-39",3,Not Applicable,Not Applicable
,"Gonorrhea","280","2002","2002","Black or African American","2054-5","Unknown","U","40+ years","40+",6,Not Applicable,Not Applicable
,"Gonorrhea","280","2002","2002","Black or African American","2054-5","Unknown","U","Unknown","99",10,Not Applicable,Not Applicable
,"Gonorrhea","280","2002","2002","Hispanic","Hispanic","Female","F","0-14 years","0-14",294,5481717,5.36
,"Gonorrhea","280","2002","2002","Hispanic","Hispanic","Female","F","15-19 years","15-19",3531,1532680,230.38
,"Gonorrhea","280","2002","2002","Hispanic","Hispanic","Female","F","20-24 years","20-24",3396,1614569,210.34
,"Gonorrhea","280","2002","2002","Hispanic","Hispanic","Female","F","25-29 years","25-29",1586,1694283,93.61
,"Gonorrhea","280","2002","2002","Hispanic","Hispanic","Female","F","30-34 years","30-34",810,1659543,48.81
,"Gonorrhea","280","2002","2002","Hispanic","Hispanic","Female","F","35-39 years","35-39",394,1495141,26.35
,"Gonorrhea","280","2002","2002","Hispanic","Hispanic","Female","F","40+ years","40+",354,5292145,6.69
,"Gonorrhea","280","2002","2002","Hispanic","Hispanic","Female","F","Unknown","99",46,Not Applicable,Not Applicable
,"Gonorrhea","280","2002","2002","Hispanic","Hispanic","Male","M","0-14 years","0-14",63,5745032,1.10
,"Gonorrhea","280","2002","2002","Hispanic","Hispanic","Male","M","15-19 years","15-19",1648,1664488,99.01
,"Gonorrhea","280","2002","2002","Hispanic","Hispanic","Male","M","20-24 years","20-24",3357,1991936,168.53
,"Gonorrhea","280","2002","2002","Hispanic","Hispanic","Male","M","25-29 years","25-29",1977,2060143,95.96
,"Gonorrhea","280","2002","2002","Hispanic","Hispanic","Male","M","30-34 years","30-34",1272,1918093,66.32
,"Gonorrhea","280","2002","2002","Hispanic","Hispanic","Male","M","35-39 years","35-39",847,1660840,51.00
,"Gonorrhea","280","2002","2002","Hispanic","Hispanic","Male","M","40+ years","40+",885,4950694,17.88
,"Gonorrhea","280","2002","2002","Hispanic","Hispanic","Male","M","Unknown","99",60,Not Applicable,Not Applicable
,"Gonorrhea","280","2002","2002","Hispanic","Hispanic","Unknown","U","15-19 years","15-19",1,Not Applicable,Not Applicable
,"Gonorrhea","280","2002","2002","Hispanic","Hispanic","Unknown","U","20-24 years","20-24",5,Not Applicable,Not Applicable
,"Gonorrhea","280","2002","2002","Hispanic","Hispanic","Unknown","U","25-29 years","25-29",5,Not Applicable,Not Applicable
,"Gonorrhea","280","2002","2002","Hispanic","Hispanic","Unknown","U","30-34 years","30-34",2,Not Applicable,Not Applicable
,"Gonorrhea","280","2002","2002","Hispanic","Hispanic","Unknown","U","35-39 years","35-39",2,Not Applicable,Not Applicable
,"Gonorrhea","280","2002","2002","Hispanic","Hispanic","Unknown","U","40+ years","40+",1,Not Applicable,Not Applicable
,"Gonorrhea","280","2002","2002","Hispanic","Hispanic","Unknown","U","Unknown","99",1,Not Applicable,Not Applicable
,"Gonorrhea","280","2002","2002","White","2106-3","Female","F","0-14 years","0-14",608,17898499,3.40
,"Gonorrhea","280","2002","2002","White","2106-3","Female","F","15-19 years","15-19",9419,6351004,148.31
,"Gonorrhea","280","2002","2002","White","2106-3","Female","F","20-24 years","20-24",9366,6216387,150.67
,"Gonorrhea","280","2002","2002","White","2106-3","Female","F","25-29 years","25-29",3829,5673667,67.49
,"Gonorrhea","280","2002","2002","White","2106-3","Female","F","30-34 years","30-34",1964,6622138,29.66
,"Gonorrhea","280","2002","2002","White","2106-3","Female","F","35-39 years","35-39",1214,7341768,16.54
,"Gonorrhea","280","2002","2002","White","2106-3","Female","F","40+ years","40+",1164,51259361,2.27
,"Gonorrhea","280","2002","2002","White","2106-3","Female","F","Unknown","99",119,Not Applicable,Not Applicable
,"Gonorrhea","280","2002","2002","White","2106-3","Male","M","0-14 years","0-14",61,18867078,0.32
,"Gonorrhea","280","2002","2002","White","2106-3","Male","M","15-19 years","15-19",1971,6715438,29.35
,"Gonorrhea","280","2002","2002","White","2106-3","Male","M","20-24 years","20-24",4602,6370712,72.24
,"Gonorrhea","280","2002","2002","White","2106-3","Male","M","25-29 years","25-29",3143,5767477,54.50
,"Gonorrhea","280","2002","2002","White","2106-3","Male","M","30-34 years","30-34",2792,6712628,41.59
,"Gonorrhea","280","2002","2002","White","2106-3","Male","M","35-39 years","35-39",2501,7368926,33.94
,"Gonorrhea","280","2002","2002","White","2106-3","Male","M","40+ years","40+",3929,45526446,8.63
,"Gonorrhea","280","2002","2002","White","2106-3","Male","M","Unknown","99",79,Not Applicable,Not Applicable
,"Gonorrhea","280","2002","2002","White","2106-3","Unknown","U","0-14 years","0-14",1,Not Applicable,Not Applicable
,"Gonorrhea","280","2002","2002","White","2106-3","Unknown","U","15-19 years","15-19",4,Not Applicable,Not Applicable
,"Gonorrhea","280","2002","2002","White","2106-3","Unknown","U","20-24 years","20-24",5,Not Applicable,Not Applicable
,"Gonorrhea","280","2002","2002","White","2106-3","Unknown","U","25-29 years","25-29",1,Not Applicable,Not Applicable
,"Gonorrhea","280","2002","2002","White","2106-3","Unknown","U","30-34 years","30-34",3,Not Applicable,Not Applicable
,"Gonorrhea","280","2002","2002","White","2106-3","Unknown","U","35-39 years","35-39",2,Not Applicable,Not Applicable
,"Gonorrhea","280","2002","2002","White","2106-3","Unknown","U","40+ years","40+",3,Not Applicable,Not Applicable
,"Gonorrhea","280","2002","2002","White","2106-3","Unknown","U","Unknown","99",1,Not Applicable,Not Applicable
,"Gonorrhea","280","2003","2003","Black or African American","2054-5","Female","F","0-14 years","0-14",2468,4670135,52.85
,"Gonorrhea","280","2003","2003","Black or African American","2054-5","Female","F","15-19 years","15-19",32881,1513477,2172.55
,"Gonorrhea","280","2003","2003","Black or African American","2054-5","Female","F","20-24 years","20-24",30007,1482135,2024.58
,"Gonorrhea","280","2003","2003","Black or African American","2054-5","Female","F","25-29 years","25-29",11499,1319339,871.57
,"Gonorrhea","280","2003","2003","Black or African American","2054-5","Female","F","30-34 years","30-34",4851,1394425,347.88
,"Gonorrhea","280","2003","2003","Black or African American","2054-5","Female","F","35-39 years","35-39",2524,1437765,175.55
,"Gonorrhea","280","2003","2003","Black or African American","2054-5","Female","F","40+ years","40+",2200,7306772,30.11
,"Gonorrhea","280","2003","2003","Black or African American","2054-5","Female","F","Unknown","99",303,Not Applicable,Not Applicable
,"Gonorrhea","280","2003","2003","Black or African American","2054-5","Male","M","0-14 years","0-14",560,4821916,11.61
,"Gonorrhea","280","2003","2003","Black or African American","2054-5","Male","M","15-19 years","15-19",17577,1559734,1126.92
,"Gonorrhea","280","2003","2003","Black or African American","2054-5","Male","M","20-24 years","20-24",30557,1467884,2081.70
,"Gonorrhea","280","2003","2003","Black or African American","2054-5","Male","M","25-29 years","25-29",18039,1216362,1483.03
,"Gonorrhea","280","2003","2003","Black or African American","2054-5","Male","M","30-34 years","30-34",10518,1256167,837.31
,"Gonorrhea","280","2003","2003","Black or African American","2054-5","Male","M","35-39 years","35-39",6963,1278875,544.46
,"Gonorrhea","280","2003","2003","Black or African American","2054-5","Male","M","40+ years","40+",11070,5783916,191.39
,"Gonorrhea","280","2003","2003","Black or African American","2054-5","Male","M","Unknown","99",263,Not Applicable,Not Applicable
,"Gonorrhea","280","2003","2003","Black or African American","2054-5","Unknown","U","0-14 years","0-14",2,Not Applicable,Not Applicable
,"Gonorrhea","280","2003","2003","Black or African American","2054-5","Unknown","U","15-19 years","15-19",39,Not Applicable,Not Applicable
,"Gonorrhea","280","2003","2003","Black or African American","2054-5","Unknown","U","20-24 years","20-24",23,Not Applicable,Not Applicable
,"Gonorrhea","280","2003","2003","Black or African American","2054-5","Unknown","U","25-29 years","25-29",14,Not Applicable,Not Applicable
,"Gonorrhea","280","2003","2003","Black or African American","2054-5","Unknown","U","30-34 years","30-34",2,Not Applicable,Not Applicable
,"Gonorrhea","280","2003","2003","Black or African American","2054-5","Unknown","U","35-39 years","35-39",5,Not Applicable,Not Applicable
,"Gonorrhea","280","2003","2003","Black or African American","2054-5","Unknown","U","40+ years","40+",6,Not Applicable,Not Applicable
,"Gonorrhea","280","2003","2003","Black or African American","2054-5","Unknown","U","Unknown","99",8,Not Applicable,Not Applicable
,"Gonorrhea","280","2003","2003","Hispanic","Hispanic","Female","F","0-14 years","0-14",270,5693839,4.74
,"Gonorrhea","280","2003","2003","Hispanic","Hispanic","Female","F","15-19 years","15-19",3677,1562601,235.31
,"Gonorrhea","280","2003","2003","Hispanic","Hispanic","Female","F","20-24 years","20-24",3782,1672471,226.13
,"Gonorrhea","280","2003","2003","Hispanic","Hispanic","Female","F","25-29 years","25-29",1623,1706215,95.12
,"Gonorrhea","280","2003","2003","Hispanic","Hispanic","Female","F","30-34 years","30-34",777,1656952,46.89
,"Gonorrhea","280","2003","2003","Hispanic","Hispanic","Female","F","35-39 years","35-39",451,1493028,30.21
,"Gonorrhea","280","2003","2003","Hispanic","Hispanic","Female","F","40+ years","40+",370,5514842,6.71
,"Gonorrhea","280","2003","2003","Hispanic","Hispanic","Female","F","Unknown","99",53,Not Applicable,Not Applicable
,"Gonorrhea","280","2003","2003","Hispanic","Hispanic","Male","M","0-14 years","0-14",69,5954977,1.16
,"Gonorrhea","280","2003","2003","Hispanic","Hispanic","Male","M","15-19 years","15-19",1622,1684531,96.29
,"Gonorrhea","280","2003","2003","Hispanic","Hispanic","Male","M","20-24 years","20-24",3319,2074056,160.03
,"Gonorrhea","280","2003","2003","Hispanic","Hispanic","Male","M","25-29 years","25-29",2056,2092628,98.25
,"Gonorrhea","280","2003","2003","Hispanic","Hispanic","Male","M","30-34 years","30-34",1325,1922876,68.91
,"Gonorrhea","280","2003","2003","Hispanic","Hispanic","Male","M","35-39 years","35-39",884,1682159,52.55
,"Gonorrhea","280","2003","2003","Hispanic","Hispanic","Male","M","40+ years","40+",953,5187888,18.37
,"Gonorrhea","280","2003","2003","Hispanic","Hispanic","Male","M","Unknown","99",45,Not Applicable,Not Applicable
,"Gonorrhea","280","2003","2003","Hispanic","Hispanic","Unknown","U","15-19 years","15-19",6,Not Applicable,Not Applicable
,"Gonorrhea","280","2003","2003","Hispanic","Hispanic","Unknown","U","20-24 years","20-24",5,Not Applicable,Not Applicable
,"Gonorrhea","280","2003","2003","Hispanic","Hispanic","Unknown","U","25-29 years","25-29",5,Not Applicable,Not Applicable
,"Gonorrhea","280","2003","2003","Hispanic","Hispanic","Unknown","U","30-34 years","30-34",3,Not Applicable,Not Applicable
,"Gonorrhea","280","2003","2003","Hispanic","Hispanic","Unknown","U","40+ years","40+",1,Not Applicable,Not Applicable
,"Gonorrhea","280","2003","2003","Hispanic","Hispanic","Unknown","U","Unknown","99",1,Not Applicable,Not Applicable
,"Gonorrhea","280","2003","2003","White","2106-3","Female","F","0-14 years","0-14",609,17733681,3.43
,"Gonorrhea","280","2003","2003","White","2106-3","Female","F","15-19 years","15-19",9728,6355772,153.06
,"Gonorrhea","280","2003","2003","White","2106-3","Female","F","20-24 years","20-24",9883,6317351,156.44
,"Gonorrhea","280","2003","2003","White","2106-3","Female","F","25-29 years","25-29",4152,5711126,72.70
,"Gonorrhea","280","2003","2003","White","2106-3","Female","F","30-34 years","30-34",2185,6476430,33.74
,"Gonorrhea","280","2003","2003","White","2106-3","Female","F","35-39 years","35-39",1233,7092435,17.38
,"Gonorrhea","280","2003","2003","White","2106-3","Female","F","40+ years","40+",1397,51868068,2.69
,"Gonorrhea","280","2003","2003","White","2106-3","Female","F","Unknown","99",100,Not Applicable,Not Applicable
,"Gonorrhea","280","2003","2003","White","2106-3","Male","M","0-14 years","0-14",63,18688544,0.34
,"Gonorrhea","280","2003","2003","White","2106-3","Male","M","15-19 years","15-19",1969,6718648,29.31
,"Gonorrhea","280","2003","2003","White","2106-3","Male","M","20-24 years","20-24",4953,6517919,75.99
,"Gonorrhea","280","2003","2003","White","2106-3","Male","M","25-29 years","25-29",3360,5823366,57.70
,"Gonorrhea","280","2003","2003","White","2106-3","Male","M","30-34 years","30-34",2732,6569571,41.59
,"Gonorrhea","280","2003","2003","White","2106-3","Male","M","35-39 years","35-39",2524,7138479,35.36
,"Gonorrhea","280","2003","2003","White","2106-3","Male","M","40+ years","40+",4257,46202988,9.21
,"Gonorrhea","280","2003","2003","White","2106-3","Male","M","Unknown","99",94,Not Applicable,Not Applicable
,"Gonorrhea","280","2003","2003","White","2106-3","Unknown","U","15-19 years","15-19",6,Not Applicable,Not Applicable
,"Gonorrhea","280","2003","2003","White","2106-3","Unknown","U","20-24 years","20-24",6,Not Applicable,Not Applicable
,"Gonorrhea","280","2003","2003","White","2106-3","Unknown","U","25-29 years","25-29",10,Not Applicable,Not Applicable
,"Gonorrhea","280","2003","2003","White","2106-3","Unknown","U","30-34 years","30-34",2,Not Applicable,Not Applicable
,"Gonorrhea","280","2003","2003","White","2106-3","Unknown","U","35-39 years","35-39",1,Not Applicable,Not Applicable
,"Gonorrhea","280","2003","2003","White","2106-3","Unknown","U","40+ years","40+",6,Not Applicable,Not Applicable
,"Gonorrhea","280","2003","2003","White","2106-3","Unknown","U","Unknown","99",5,Not Applicable,Not Applicable
,"Gonorrhea","280","2004","2004","Black or African American","2054-5","Female","F","0-14 years","0-14",2243,4659820,48.13
,"Gonorrhea","280","2004","2004","Black or African American","2054-5","Female","F","15-19 years","15-19",32185,1550705,2075.51
,"Gonorrhea","280","2004","2004","Black or African American","2054-5","Female","F","20-24 years","20-24",29338,1495431,1961.84
,"Gonorrhea","280","2004","2004","Black or African American","2054-5","Female","F","25-29 years","25-29",11913,1350322,882.23
,"Gonorrhea","280","2004","2004","Black or African American","2054-5","Female","F","30-34 years","30-34",4791,1384303,346.10
,"Gonorrhea","280","2004","2004","Black or African American","2054-5","Female","F","35-39 years","35-39",2469,1405377,175.68
,"Gonorrhea","280","2004","2004","Black or African American","2054-5","Female","F","40+ years","40+",2386,7484533,31.88
,"Gonorrhea","280","2004","2004","Black or African American","2054-5","Female","F","Unknown","99",215,Not Applicable,Not Applicable
,"Gonorrhea","280","2004","2004","Black or African American","2054-5","Male","M","0-14 years","0-14",464,4811585,9.64
,"Gonorrhea","280","2004","2004","Black or African American","2054-5","Male","M","15-19 years","15-19",17044,1593352,1069.69
,"Gonorrhea","280","2004","2004","Black or African American","2054-5","Male","M","20-24 years","20-24",28908,1499742,1927.53
,"Gonorrhea","280","2004","2004","Black or African American","2054-5","Male","M","25-29 years","25-29",17770,1257034,1413.65
,"Gonorrhea","280","2004","2004","Black or African American","2054-5","Male","M","30-34 years","30-34",10355,1247196,830.26
,"Gonorrhea","280","2004","2004","Black or African American","2054-5","Male","M","35-39 years","35-39",6596,1254414,525.82
,"Gonorrhea","280","2004","2004","Black or African American","2054-5","Male","M","40+ years","40+",11558,5927799,194.98
,"Gonorrhea","280","2004","2004","Black or African American","2054-5","Male","M","Unknown","99",211,Not Applicable,Not Applicable
,"Gonorrhea","280","2004","2004","Black or African American","2054-5","Unknown","U","0-14 years","0-14",1,Not Applicable,Not Applicable
,"Gonorrhea","280","2004","2004","Black or African American","2054-5","Unknown","U","15-19 years","15-19",17,Not Applicable,Not Applicable
,"Gonorrhea","280","2004","2004","Black or African American","2054-5","Unknown","U","20-24 years","20-24",16,Not Applicable,Not Applicable
,"Gonorrhea","280","2004","2004","Black or African American","2054-5","Unknown","U","25-29 years","25-29",12,Not Applicable,Not Applicable
,"Gonorrhea","280","2004","2004","Black or African American","2054-5","Unknown","U","30-34 years","30-34",8,Not Applicable,Not Applicable
,"Gonorrhea","280","2004","2004","Black or African American","2054-5","Unknown","U","35-39 years","35-39",6,Not Applicable,Not Applicable
,"Gonorrhea","280","2004","2004","Black or African American","2054-5","Unknown","U","40+ years","40+",7,Not Applicable,Not Applicable
,"Gonorrhea","280","2004","2004","Black or African American","2054-5","Unknown","U","Unknown","99",1,Not Applicable,Not Applicable
,"Gonorrhea","280","2004","2004","Hispanic","Hispanic","Female","F","0-14 years","0-14",261,5881123,4.44
,"Gonorrhea","280","2004","2004","Hispanic","Hispanic","Female","F","15-19 years","15-19",3662,1610907,227.32
,"Gonorrhea","280","2004","2004","Hispanic","Hispanic","Female","F","20-24 years","20-24",3759,1692204,222.14
,"Gonorrhea","280","2004","2004","Hispanic","Hispanic","Female","F","25-29 years","25-29",1860,1746376,106.51
,"Gonorrhea","280","2004","2004","Hispanic","Hispanic","Female","F","30-34 years","30-34",860,1707611,50.36
,"Gonorrhea","280","2004","2004","Hispanic","Hispanic","Female","F","35-39 years","35-39",487,1531559,31.80
,"Gonorrhea","280","2004","2004","Hispanic","Hispanic","Female","F","40+ years","40+",412,5805226,7.10
,"Gonorrhea","280","2004","2004","Hispanic","Hispanic","Female","F","Unknown","99",37,Not Applicable,Not Applicable
,"Gonorrhea","280","2004","2004","Hispanic","Hispanic","Male","M","0-14 years","0-14",45,6150998,0.73
,"Gonorrhea","280","2004","2004","Hispanic","Hispanic","Male","M","15-19 years","15-19",1650,1721907,95.82
,"Gonorrhea","280","2004","2004","Hispanic","Hispanic","Male","M","20-24 years","20-24",3281,2072562,158.31
,"Gonorrhea","280","2004","2004","Hispanic","Hispanic","Male","M","25-29 years","25-29",2326,2169076,107.23
,"Gonorrhea","280","2004","2004","Hispanic","Hispanic","Male","M","30-34 years","30-34",1354,1993481,67.92
,"Gonorrhea","280","2004","2004","Hispanic","Hispanic","Male","M","35-39 years","35-39",895,1740426,51.42
,"Gonorrhea","280","2004","2004","Hispanic","Hispanic","Male","M","40+ years","40+",1068,5498617,19.42
,"Gonorrhea","280","2004","2004","Hispanic","Hispanic","Male","M","Unknown","99",43,Not Applicable,Not Applicable
,"Gonorrhea","280","2004","2004","Hispanic","Hispanic","Unknown","U","0-14 years","0-14",1,Not Applicable,Not Applicable
,"Gonorrhea","280","2004","2004","Hispanic","Hispanic","Unknown","U","25-29 years","25-29",3,Not Applicable,Not Applicable
,"Gonorrhea","280","2004","2004","Hispanic","Hispanic","Unknown","U","30-34 years","30-34",2,Not Applicable,Not Applicable
,"Gonorrhea","280","2004","2004","Hispanic","Hispanic","Unknown","U","35-39 years","35-39",1,Not Applicable,Not Applicable
,"Gonorrhea","280","2004","2004","Hispanic","Hispanic","Unknown","U","40+ years","40+",2,Not Applicable,Not Applicable
,"Gonorrhea","280","2004","2004","White","2106-3","Female","F","0-14 years","0-14",504,17568736,2.87
,"Gonorrhea","280","2004","2004","White","2106-3","Female","F","15-19 years","15-19",9769,6398834,152.67
,"Gonorrhea","280","2004","2004","White","2106-3","Female","F","20-24 years","20-24",10196,6383764,159.72
,"Gonorrhea","280","2004","2004","White","2106-3","Female","F","25-29 years","25-29",4682,5804787,80.66
,"Gonorrhea","280","2004","2004","White","2106-3","Female","F","30-34 years","30-34",2304,6289881,36.63
,"Gonorrhea","280","2004","2004","White","2106-3","Female","F","35-39 years","35-39",1380,6868928,20.09
,"Gonorrhea","280","2004","2004","White","2106-3","Female","F","40+ years","40+",1576,52474400,3.00
,"Gonorrhea","280","2004","2004","White","2106-3","Female","F","Unknown","99",85,Not Applicable,Not Applicable
,"Gonorrhea","280","2004","2004","White","2106-3","Male","M","0-14 years","0-14",61,18512517,0.33
,"Gonorrhea","280","2004","2004","White","2106-3","Male","M","15-19 years","15-19",2000,6756738,29.60
,"Gonorrhea","280","2004","2004","White","2106-3","Male","M","20-24 years","20-24",4827,6619253,72.92
,"Gonorrhea","280","2004","2004","White","2106-3","Male","M","25-29 years","25-29",3422,5921875,57.79
,"Gonorrhea","280","2004","2004","White","2106-3","Male","M","30-34 years","30-34",2716,6379246,42.58
,"Gonorrhea","280","2004","2004","White","2106-3","Male","M","35-39 years","35-39",2493,6930132,35.97
,"Gonorrhea","280","2004","2004","White","2106-3","Male","M","40+ years","40+",4658,46866425,9.94
,"Gonorrhea","280","2004","2004","White","2106-3","Male","M","Unknown","99",66,Not Applicable,Not Applicable
,"Gonorrhea","280","2004","2004","White","2106-3","Unknown","U","15-19 years","15-19",4,Not Applicable,Not Applicable
,"Gonorrhea","280","2004","2004","White","2106-3","Unknown","U","20-24 years","20-24",8,Not Applicable,Not Applicable
,"Gonorrhea","280","2004","2004","White","2106-3","Unknown","U","25-29 years","25-29",4,Not Applicable,Not Applicable
,"Gonorrhea","280","2004","2004","White","2106-3","Unknown","U","30-34 years","30-34",1,Not Applicable,Not Applicable
,"Gonorrhea","280","2004","2004","White","2106-3","Unknown","U","35-39 years","35-39",1,Not Applicable,Not Applicable
,"Gonorrhea","280","2004","2004","White","2106-3","Unknown","U","40+ years","40+",4,Not Applicable,Not Applicable
,"Gonorrhea","280","2004","2004","White","2106-3","Unknown","U","Unknown","99",2,Not Applicable,Not Applicable
,"Gonorrhea","280","2005","2005","Black or African American","2054-5","Female","F","0-14 years","0-14",2030,4621705,43.92
,"Gonorrhea","280","2005","2005","Black or African American","2054-5","Female","F","15-19 years","15-19",32800,1598166,2052.35
,"Gonorrhea","280","2005","2005","Black or African American","2054-5","Female","F","20-24 years","20-24",29132,1496094,1947.20
,"Gonorrhea","280","2005","2005","Black or African American","2054-5","Female","F","25-29 years","25-29",11938,1395735,855.32
,"Gonorrhea","280","2005","2005","Black or African American","2054-5","Female","F","30-34 years","30-34",4772,1359475,351.02
,"Gonorrhea","280","2005","2005","Black or African American","2054-5","Female","F","35-39 years","35-39",2357,1393243,169.17
,"Gonorrhea","280","2005","2005","Black or African American","2054-5","Female","F","40+ years","40+",2422,7672467,31.57
,"Gonorrhea","280","2005","2005","Black or African American","2054-5","Female","F","Unknown","99",171,Not Applicable,Not Applicable
,"Gonorrhea","280","2005","2005","Black or African American","2054-5","Male","M","0-14 years","0-14",465,4774578,9.74
,"Gonorrhea","280","2005","2005","Black or African American","2054-5","Male","M","15-19 years","15-19",17514,1640851,1067.37
,"Gonorrhea","280","2005","2005","Black or African American","2054-5","Male","M","20-24 years","20-24",28611,1518634,1884.00
,"Gonorrhea","280","2005","2005","Black or African American","2054-5","Male","M","25-29 years","25-29",17800,1313782,1354.87
,"Gonorrhea","280","2005","2005","Black or African American","2054-5","Male","M","30-34 years","30-34",9866,1226644,804.31
,"Gonorrhea","280","2005","2005","Black or African American","2054-5","Male","M","35-39 years","35-39",6505,1246215,521.98
,"Gonorrhea","280","2005","2005","Black or African American","2054-5","Male","M","40+ years","40+",11617,6082977,190.98
,"Gonorrhea","280","2005","2005","Black or African American","2054-5","Male","M","Unknown","99",234,Not Applicable,Not Applicable
,"Gonorrhea","280","2005","2005","Black or African American","2054-5","Unknown","U","15-19 years","15-19",18,Not Applicable,Not Applicable
,"Gonorrhea","280","2005","2005","Black or African American","2054-5","Unknown","U","20-24 years","20-24",22,Not Applicable,Not Applicable
,"Gonorrhea","280","2005","2005","Black or African American","2054-5","Unknown","U","25-29 years","25-29",17,Not Applicable,Not Applicable
,"Gonorrhea","280","2005","2005","Black or African American","2054-5","Unknown","U","30-34 years","30-34",8,Not Applicable,Not Applicable
,"Gonorrhea","280","2005","2005","Black or African American","2054-5","Unknown","U","35-39 years","35-39",5,Not Applicable,Not Applicable
,"Gonorrhea","280","2005","2005","Black or African American","2054-5","Unknown","U","40+ years","40+",6,Not Applicable,Not Applicable
,"Gonorrhea","280","2005","2005","Black or African American","2054-5","Unknown","U","Unknown","99",10,Not Applicable,Not Applicable
,"Gonorrhea","280","2005","2005","Hispanic","Hispanic","Female","F","0-14 years","0-14",240,6033660,3.98
,"Gonorrhea","280","2005","2005","Hispanic","Hispanic","Female","F","15-19 years","15-19",3883,1676465,231.62
,"Gonorrhea","280","2005","2005","Hispanic","Hispanic","Female","F","20-24 years","20-24",4064,1693390,239.99
,"Gonorrhea","280","2005","2005","Hispanic","Hispanic","Female","F","25-29 years","25-29",2079,1786681,116.36
,"Gonorrhea","280","2005","2005","Hispanic","Hispanic","Female","F","30-34 years","30-34",1024,1745406,58.67
,"Gonorrhea","280","2005","2005","Hispanic","Hispanic","Female","F","35-39 years","35-39",507,1580480,32.08
,"Gonorrhea","280","2005","2005","Hispanic","Hispanic","Female","F","40+ years","40+",488,6105691,7.99
,"Gonorrhea","280","2005","2005","Hispanic","Hispanic","Female","F","Unknown","99",34,Not Applicable,Not Applicable
,"Gonorrhea","280","2005","2005","Hispanic","Hispanic","Male","M","0-14 years","0-14",49,6309883,0.78
,"Gonorrhea","280","2005","2005","Hispanic","Hispanic","Male","M","15-19 years","15-19",1655,1784471,92.74
,"Gonorrhea","280","2005","2005","Hispanic","Hispanic","Male","M","20-24 years","20-24",3586,2038460,175.92
,"Gonorrhea","280","2005","2005","Hispanic","Hispanic","Male","M","25-29 years","25-29",2509,2242421,111.89
,"Gonorrhea","280","2005","2005","Hispanic","Hispanic","Male","M","30-34 years","30-34",1439,2052442,70.11
,"Gonorrhea","280","2005","2005","Hispanic","Hispanic","Male","M","35-39 years","35-39",966,1809017,53.40
,"Gonorrhea","280","2005","2005","Hispanic","Hispanic","Male","M","40+ years","40+",1158,5828757,19.87
,"Gonorrhea","280","2005","2005","Hispanic","Hispanic","Male","M","Unknown","99",30,Not Applicable,Not Applicable
,"Gonorrhea","280","2005","2005","Hispanic","Hispanic","Unknown","U","15-19 years","15-19",7,Not Applicable,Not Applicable
,"Gonorrhea","280","2005","2005","Hispanic","Hispanic","Unknown","U","20-24 years","20-24",13,Not Applicable,Not Applicable
,"Gonorrhea","280","2005","2005","Hispanic","Hispanic","Unknown","U","25-29 years","25-29",3,Not Applicable,Not Applicable
,"Gonorrhea","280","2005","2005","Hispanic","Hispanic","Unknown","U","30-34 years","30-34",4,Not Applicable,Not Applicable
,"Gonorrhea","280","2005","2005","Hispanic","Hispanic","Unknown","U","35-39 years","35-39",2,Not Applicable,Not Applicable
,"Gonorrhea","280","2005","2005","Hispanic","Hispanic","Unknown","U","40+ years","40+",3,Not Applicable,Not Applicable
,"Gonorrhea","280","2005","2005","Hispanic","Hispanic","Unknown","U","Unknown","99",3,Not Applicable,Not Applicable
,"Gonorrhea","280","2005","2005","White","2106-3","Female","F","0-14 years","0-14",532,17379668,3.06
,"Gonorrhea","280","2005","2005","White","2106-3","Female","F","15-19 years","15-19",9838,6433446,152.92
,"Gonorrhea","280","2005","2005","White","2106-3","Female","F","20-24 years","20-24",11029,6399197,172.35
,"Gonorrhea","280","2005","2005","White","2106-3","Female","F","25-29 years","25-29",5231,5946510,87.97
,"Gonorrhea","280","2005","2005","White","2106-3","Female","F","30-34 years","30-34",2436,6061783,40.19
,"Gonorrhea","280","2005","2005","White","2106-3","Female","F","35-39 years","35-39",1461,6763082,21.60
,"Gonorrhea","280","2005","2005","White","2106-3","Female","F","40+ years","40+",1656,53047681,3.12
,"Gonorrhea","280","2005","2005","White","2106-3","Female","F","Unknown","99",91,Not Applicable,Not Applicable
,"Gonorrhea","280","2005","2005","White","2106-3","Male","M","0-14 years","0-14",53,18304243,0.29
,"Gonorrhea","280","2005","2005","White","2106-3","Male","M","15-19 years","15-19",2083,6793544,30.66
,"Gonorrhea","280","2005","2005","White","2106-3","Male","M","20-24 years","20-24",5273,6688933,78.83
,"Gonorrhea","280","2005","2005","White","2106-3","Male","M","25-29 years","25-29",3746,6058607,61.83
,"Gonorrhea","280","2005","2005","White","2106-3","Male","M","30-34 years","30-34",2687,6144659,43.73
,"Gonorrhea","280","2005","2005","White","2106-3","Male","M","35-39 years","35-39",2481,6837587,36.28
,"Gonorrhea","280","2005","2005","White","2106-3","Male","M","40+ years","40+",4959,47499338,10.44
,"Gonorrhea","280","2005","2005","White","2106-3","Male","M","Unknown","99",71,Not Applicable,Not Applicable
,"Gonorrhea","280","2005","2005","White","2106-3","Unknown","U","0-14 years","0-14",1,Not Applicable,Not Applicable
,"Gonorrhea","280","2005","2005","White","2106-3","Unknown","U","15-19 years","15-19",5,Not Applicable,Not Applicable
,"Gonorrhea","280","2005","2005","White","2106-3","Unknown","U","20-24 years","20-24",9,Not Applicable,Not Applicable
,"Gonorrhea","280","2005","2005","White","2106-3","Unknown","U","25-29 years","25-29",4,Not Applicable,Not Applicable
,"Gonorrhea","280","2005","2005","White","2106-3","Unknown","U","30-34 years","30-34",5,Not Applicable,Not Applicable
,"Gonorrhea","280","2005","2005","White","2106-3","Unknown","U","35-39 years","35-39",5,Not Applicable,Not Applicable
,"Gonorrhea","280","2005","2005","White","2106-3","Unknown","U","40+ years","40+",7,Not Applicable,Not Applicable
,"Gonorrhea","280","2005","2005","White","2106-3","Unknown","U","Unknown","99",3,Not Applicable,Not Applicable
,"Gonorrhea","280","2006","2006","Black or African American","2054-5","Female","F","0-14 years","0-14",2138,4602290,46.46
,"Gonorrhea","280","2006","2006","Black or African American","2054-5","Female","F","15-19 years","15-19",35144,1636874,2147.02
,"Gonorrhea","280","2006","2006","Black or African American","2054-5","Female","F","20-24 years","20-24",31169,1501877,2075.34
,"Gonorrhea","280","2006","2006","Black or African American","2054-5","Female","F","25-29 years","25-29",13250,1444805,917.08
,"Gonorrhea","280","2006","2006","Black or African American","2054-5","Female","F","30-34 years","30-34",5085,1330240,382.26
,"Gonorrhea","280","2006","2006","Black or African American","2054-5","Female","F","35-39 years","35-39",2504,1400752,178.76
,"Gonorrhea","280","2006","2006","Black or African American","2054-5","Female","F","40+ years","40+",2420,7836761,30.88
,"Gonorrhea","280","2006","2006","Black or African American","2054-5","Female","F","Unknown","99",143,Not Applicable,Not Applicable
,"Gonorrhea","280","2006","2006","Black or African American","2054-5","Male","M","0-14 years","0-14",455,4755647,9.57
,"Gonorrhea","280","2006","2006","Black or African American","2054-5","Male","M","15-19 years","15-19",19050,1681355,1133.01
,"Gonorrhea","280","2006","2006","Black or African American","2054-5","Male","M","20-24 years","20-24",30149,1536512,1962.17
,"Gonorrhea","280","2006","2006","Black or African American","2054-5","Male","M","25-29 years","25-29",19114,1365181,1400.11
,"Gonorrhea","280","2006","2006","Black or African American","2054-5","Male","M","30-34 years","30-34",10446,1202056,869.01
,"Gonorrhea","280","2006","2006","Black or African American","2054-5","Male","M","35-39 years","35-39",6878,1247562,551.32
,"Gonorrhea","280","2006","2006","Black or African American","2054-5","Male","M","40+ years","40+",12346,6209585,198.82
,"Gonorrhea","280","2006","2006","Black or African American","2054-5","Male","M","Unknown","99",199,Not Applicable,Not Applicable
,"Gonorrhea","280","2006","2006","Black or African American","2054-5","Unknown","U","15-19 years","15-19",30,Not Applicable,Not Applicable
,"Gonorrhea","280","2006","2006","Black or African American","2054-5","Unknown","U","20-24 years","20-24",29,Not Applicable,Not Applicable
,"Gonorrhea","280","2006","2006","Black or African American","2054-5","Unknown","U","25-29 years","25-29",16,Not Applicable,Not Applicable
,"Gonorrhea","280","2006","2006","Black or African American","2054-5","Unknown","U","30-34 years","30-34",8,Not Applicable,Not Applicable
,"Gonorrhea","280","2006","2006","Black or African American","2054-5","Unknown","U","35-39 years","35-39",6,Not Applicable,Not Applicable
,"Gonorrhea","280","2006","2006","Black or African American","2054-5","Unknown","U","40+ years","40+",10,Not Applicable,Not Applicable
,"Gonorrhea","280","2006","2006","Black or African American","2054-5","Unknown","U","Unknown","99",8,Not Applicable,Not Applicable
,"Gonorrhea","280","2006","2006","Hispanic","Hispanic","Female","F","0-14 years","0-14",248,6226277,3.98
,"Gonorrhea","280","2006","2006","Hispanic","Hispanic","Female","F","15-19 years","15-19",4248,1755297,242.01
,"Gonorrhea","280","2006","2006","Hispanic","Hispanic","Female","F","20-24 years","20-24",4362,1714394,254.43
,"Gonorrhea","280","2006","2006","Hispanic","Hispanic","Female","F","25-29 years","25-29",2263,1841265,122.91
,"Gonorrhea","280","2006","2006","Hispanic","Hispanic","Female","F","30-34 years","30-34",1078,1794301,60.08
,"Gonorrhea","280","2006","2006","Hispanic","Hispanic","Female","F","35-39 years","35-39",584,1647044,35.46
,"Gonorrhea","280","2006","2006","Hispanic","Hispanic","Female","F","40+ years","40+",509,6417410,7.93
,"Gonorrhea","280","2006","2006","Hispanic","Hispanic","Female","F","Unknown","99",18,Not Applicable,Not Applicable
,"Gonorrhea","280","2006","2006","Hispanic","Hispanic","Male","M","0-14 years","0-14",63,6511618,0.97
,"Gonorrhea","280","2006","2006","Hispanic","Hispanic","Male","M","15-19 years","15-19",1889,1867487,101.15
,"Gonorrhea","280","2006","2006","Hispanic","Hispanic","Male","M","20-24 years","20-24",3835,2037649,188.21
,"Gonorrhea","280","2006","2006","Hispanic","Hispanic","Male","M","25-29 years","25-29",2740,2321535,118.03
,"Gonorrhea","280","2006","2006","Hispanic","Hispanic","Male","M","30-34 years","30-34",1453,2134606,68.07
,"Gonorrhea","280","2006","2006","Hispanic","Hispanic","Male","M","35-39 years","35-39",967,1885430,51.29
,"Gonorrhea","280","2006","2006","Hispanic","Hispanic","Male","M","40+ years","40+",1223,6166725,19.83
,"Gonorrhea","280","2006","2006","Hispanic","Hispanic","Male","M","Unknown","99",38,Not Applicable,Not Applicable
,"Gonorrhea","280","2006","2006","Hispanic","Hispanic","Unknown","U","0-14 years","0-14",1,Not Applicable,Not Applicable
,"Gonorrhea","280","2006","2006","Hispanic","Hispanic","Unknown","U","15-19 years","15-19",12,Not Applicable,Not Applicable
,"Gonorrhea","280","2006","2006","Hispanic","Hispanic","Unknown","U","20-24 years","20-24",11,Not Applicable,Not Applicable
,"Gonorrhea","280","2006","2006","Hispanic","Hispanic","Unknown","U","25-29 years","25-29",3,Not Applicable,Not Applicable
,"Gonorrhea","280","2006","2006","Hispanic","Hispanic","Unknown","U","30-34 years","30-34",3,Not Applicable,Not Applicable
,"Gonorrhea","280","2006","2006","Hispanic","Hispanic","Unknown","U","35-39 years","35-39",2,Not Applicable,Not Applicable
,"Gonorrhea","280","2006","2006","Hispanic","Hispanic","Unknown","U","40+ years","40+",5,Not Applicable,Not Applicable
,"Gonorrhea","280","2006","2006","White","2106-3","Female","F","0-14 years","0-14",442,17202123,2.57
,"Gonorrhea","280","2006","2006","White","2106-3","Female","F","15-19 years","15-19",10181,6446759,157.92
,"Gonorrhea","280","2006","2006","White","2106-3","Female","F","20-24 years","20-24",11609,6392691,181.60
,"Gonorrhea","280","2006","2006","White","2106-3","Female","F","25-29 years","25-29",5879,6150454,95.59
,"Gonorrhea","280","2006","2006","White","2106-3","Female","F","30-34 years","30-34",2651,5830404,45.47
,"Gonorrhea","280","2006","2006","White","2106-3","Female","F","35-39 years","35-39",1614,6749433,23.91
,"Gonorrhea","280","2006","2006","White","2106-3","Female","F","40+ years","40+",1863,53480409,3.48
,"Gonorrhea","280","2006","2006","White","2106-3","Female","F","Unknown","99",77,Not Applicable,Not Applicable
,"Gonorrhea","280","2006","2006","White","2106-3","Male","M","0-14 years","0-14",52,18112755,0.29
,"Gonorrhea","280","2006","2006","White","2106-3","Male","M","15-19 years","15-19",2015,6804441,29.61
,"Gonorrhea","280","2006","2006","White","2106-3","Male","M","20-24 years","20-24",5413,6721952,80.53
,"Gonorrhea","280","2006","2006","White","2106-3","Male","M","25-29 years","25-29",4119,6225042,66.17
,"Gonorrhea","280","2006","2006","White","2106-3","Male","M","30-34 years","30-34",2588,5903158,43.84
,"Gonorrhea","280","2006","2006","White","2106-3","Male","M","35-39 years","35-39",2498,6811549,36.67
,"Gonorrhea","280","2006","2006","White","2106-3","Male","M","40+ years","40+",5075,47960745,10.58
,"Gonorrhea","280","2006","2006","White","2106-3","Male","M","Unknown","99",64,Not Applicable,Not Applicable
,"Gonorrhea","280","2006","2006","White","2106-3","Unknown","U","0-14 years","0-14",1,Not Applicable,Not Applicable
,"Gonorrhea","280","2006","2006","White","2106-3","Unknown","U","15-19 years","15-19",8,Not Applicable,Not Applicable
,"Gonorrhea","280","2006","2006","White","2106-3","Unknown","U","20-24 years","20-24",8,Not Applicable,Not Applicable
,"Gonorrhea","280","2006","2006","White","2106-3","Unknown","U","25-29 years","25-29",7,Not Applicable,Not Applicable
,"Gonorrhea","280","2006","2006","White","2106-3","Unknown","U","30-34 years","30-34",2,Not Applicable,Not Applicable
,"Gonorrhea","280","2006","2006","White","2106-3","Unknown","U","35-39 years","35-39",8,Not Applicable,Not Applicable
,"Gonorrhea","280","2006","2006","White","2106-3","Unknown","U","40+ years","40+",10,Not Applicable,Not Applicable
,"Gonorrhea","280","2006","2006","White","2106-3","Unknown","U","Unknown","99",2,Not Applicable,Not Applicable
,"Gonorrhea","280","2007","2007","Black or African American","2054-5","Female","F","0-14 years","0-14",2014,4601476,43.77
,"Gonorrhea","280","2007","2007","Black or African American","2054-5","Female","F","15-19 years","15-19",37266,1664127,2239.37
,"Gonorrhea","280","2007","2007","Black or African American","2054-5","Female","F","20-24 years","20-24",33188,1508904,2199.48
,"Gonorrhea","280","2007","2007","Black or African American","2054-5","Female","F","25-29 years","25-29",14214,1474098,964.25
,"Gonorrhea","280","2007","2007","Black or African American","2054-5","Female","F","30-34 years","30-34",5285,1320991,400.08
,"Gonorrhea","280","2007","2007","Black or African American","2054-5","Female","F","35-39 years","35-39",2445,1404546,174.08
,"Gonorrhea","280","2007","2007","Black or African American","2054-5","Female","F","40+ years","40+",2464,7980580,30.87
,"Gonorrhea","280","2007","2007","Black or African American","2054-5","Female","F","Unknown","99",140,Not Applicable,Not Applicable
,"Gonorrhea","280","2007","2007","Black or African American","2054-5","Male","M","0-14 years","0-14",474,4752747,9.97
,"Gonorrhea","280","2007","2007","Black or African American","2054-5","Male","M","15-19 years","15-19",20121,1709634,1176.92
,"Gonorrhea","280","2007","2007","Black or African American","2054-5","Male","M","20-24 years","20-24",30729,1546015,1987.63
,"Gonorrhea","280","2007","2007","Black or African American","2054-5","Male","M","25-29 years","25-29",19108,1412079,1353.18
,"Gonorrhea","280","2007","2007","Black or African American","2054-5","Male","M","30-34 years","30-34",10306,1197198,860.84
,"Gonorrhea","280","2007","2007","Black or African American","2054-5","Male","M","35-39 years","35-39",6611,1253127,527.56
,"Gonorrhea","280","2007","2007","Black or African American","2054-5","Male","M","40+ years","40+",11857,6321772,187.56
,"Gonorrhea","280","2007","2007","Black or African American","2054-5","Male","M","Unknown","99",147,Not Applicable,Not Applicable
,"Gonorrhea","280","2007","2007","Black or African American","2054-5","Unknown","U","0-14 years","0-14",5,Not Applicable,Not Applicable
,"Gonorrhea","280","2007","2007","Black or African American","2054-5","Unknown","U","15-19 years","15-19",49,Not Applicable,Not Applicable
,"Gonorrhea","280","2007","2007","Black or African American","2054-5","Unknown","U","20-24 years","20-24",48,Not Applicable,Not Applicable
,"Gonorrhea","280","2007","2007","Black or African American","2054-5","Unknown","U","25-29 years","25-29",12,Not Applicable,Not Applicable
,"Gonorrhea","280","2007","2007","Black or African American","2054-5","Unknown","U","30-34 years","30-34",4,Not Applicable,Not Applicable
,"Gonorrhea","280","2007","2007","Black or African American","2054-5","Unknown","U","35-39 years","35-39",11,Not Applicable,Not Applicable
,"Gonorrhea","280","2007","2007","Black or African American","2054-5","Unknown","U","40+ years","40+",9,Not Applicable,Not Applicable
,"Gonorrhea","280","2007","2007","Black or African American","2054-5","Unknown","U","Unknown","99",10,Not Applicable,Not Applicable
,"Gonorrhea","280","2007","2007","Hispanic","Hispanic","Female","F","0-14 years","0-14",244,6404679,3.81
,"Gonorrhea","280","2007","2007","Hispanic","Hispanic","Female","F","15-19 years","15-19",3922,1816939,215.86
,"Gonorrhea","280","2007","2007","Hispanic","Hispanic","Female","F","20-24 years","20-24",4129,1709626,241.51
,"Gonorrhea","280","2007","2007","Hispanic","Hispanic","Female","F","25-29 years","25-29",2083,1849615,112.62
,"Gonorrhea","280","2007","2007","Hispanic","Hispanic","Female","F","30-34 years","30-34",967,1815192,53.27
,"Gonorrhea","280","2007","2007","Hispanic","Hispanic","Female","F","35-39 years","35-39",493,1695450,29.08
,"Gonorrhea","280","2007","2007","Hispanic","Hispanic","Female","F","40+ years","40+",453,6689230,6.77
,"Gonorrhea","280","2007","2007","Hispanic","Hispanic","Female","F","Unknown","99",22,Not Applicable,Not Applicable
,"Gonorrhea","280","2007","2007","Hispanic","Hispanic","Male","M","0-14 years","0-14",60,6700214,0.90
,"Gonorrhea","280","2007","2007","Hispanic","Hispanic","Male","M","15-19 years","15-19",1896,1929122,98.28
,"Gonorrhea","280","2007","2007","Hispanic","Hispanic","Male","M","20-24 years","20-24",3703,1980450,186.98
,"Gonorrhea","280","2007","2007","Hispanic","Hispanic","Male","M","25-29 years","25-29",2574,2325944,110.67
,"Gonorrhea","280","2007","2007","Hispanic","Hispanic","Male","M","30-34 years","30-34",1443,2177384,66.27
,"Gonorrhea","280","2007","2007","Hispanic","Hispanic","Male","M","35-39 years","35-39",902,1946955,46.33
,"Gonorrhea","280","2007","2007","Hispanic","Hispanic","Male","M","40+ years","40+",1122,6463511,17.36
,"Gonorrhea","280","2007","2007","Hispanic","Hispanic","Male","M","Unknown","99",23,Not Applicable,Not Applicable
,"Gonorrhea","280","2007","2007","Hispanic","Hispanic","Unknown","U","15-19 years","15-19",9,Not Applicable,Not Applicable
,"Gonorrhea","280","2007","2007","Hispanic","Hispanic","Unknown","U","20-24 years","20-24",13,Not Applicable,Not Applicable
,"Gonorrhea","280","2007","2007","Hispanic","Hispanic","Unknown","U","25-29 years","25-29",5,Not Applicable,Not Applicable
,"Gonorrhea","280","2007","2007","Hispanic","Hispanic","Unknown","U","30-34 years","30-34",4,Not Applicable,Not Applicable
,"Gonorrhea","280","2007","2007","Hispanic","Hispanic","Unknown","U","35-39 years","35-39",1,Not Applicable,Not Applicable
,"Gonorrhea","280","2007","2007","Hispanic","Hispanic","Unknown","U","40+ years","40+",3,Not Applicable,Not Applicable
,"Gonorrhea","280","2007","2007","White","2106-3","Female","F","0-14 years","0-14",382,17072281,2.24
,"Gonorrhea","280","2007","2007","White","2106-3","Female","F","15-19 years","15-19",9948,6431294,154.68
,"Gonorrhea","280","2007","2007","White","2106-3","Female","F","20-24 years","20-24",11469,6384068,179.65
,"Gonorrhea","280","2007","2007","White","2106-3","Female","F","25-29 years","25-29",5792,6277216,92.27
,"Gonorrhea","280","2007","2007","White","2106-3","Female","F","30-34 years","30-34",2617,5733523,45.64
,"Gonorrhea","280","2007","2007","White","2106-3","Female","F","35-39 years","35-39",1616,6656777,24.28
,"Gonorrhea","280","2007","2007","White","2106-3","Female","F","40+ years","40+",1724,53862586,3.20
,"Gonorrhea","280","2007","2007","White","2106-3","Female","F","Unknown","99",71,Not Applicable,Not Applicable
,"Gonorrhea","280","2007","2007","White","2106-3","Male","M","0-14 years","0-14",33,17979419,0.18
,"Gonorrhea","280","2007","2007","White","2106-3","Male","M","15-19 years","15-19",2101,6782639,30.98
,"Gonorrhea","280","2007","2007","White","2106-3","Male","M","20-24 years","20-24",5173,6726470,76.91
,"Gonorrhea","280","2007","2007","White","2106-3","Male","M","25-29 years","25-29",4037,6369087,63.38
,"Gonorrhea","280","2007","2007","White","2106-3","Male","M","30-34 years","30-34",2382,5805331,41.03
,"Gonorrhea","280","2007","2007","White","2106-3","Male","M","35-39 years","35-39",2141,6723574,31.84
,"Gonorrhea","280","2007","2007","White","2106-3","Male","M","40+ years","40+",4798,48387823,9.92
,"Gonorrhea","280","2007","2007","White","2106-3","Male","M","Unknown","99",41,Not Applicable,Not Applicable
,"Gonorrhea","280","2007","2007","White","2106-3","Unknown","U","15-19 years","15-19",4,Not Applicable,Not Applicable
,"Gonorrhea","280","2007","2007","White","2106-3","Unknown","U","20-24 years","20-24",13,Not Applicable,Not Applicable
,"Gonorrhea","280","2007","2007","White","2106-3","Unknown","U","25-29 years","25-29",3,Not Applicable,Not Applicable
,"Gonorrhea","280","2007","2007","White","2106-3","Unknown","U","30-34 years","30-34",4,Not Applicable,Not Applicable
,"Gonorrhea","280","2007","2007","White","2106-3","Unknown","U","35-39 years","35-39",3,Not Applicable,Not Applicable
,"Gonorrhea","280","2007","2007","White","2106-3","Unknown","U","40+ years","40+",4,Not Applicable,Not Applicable
,"Gonorrhea","280","2007","2007","White","2106-3","Unknown","U","Unknown","99",4,Not Applicable,Not Applicable
,"Gonorrhea","280","2008","2008","Black or African American","2054-5","Female","F","0-14 years","0-14",1879,4472733,42.01
,"Gonorrhea","280","2008","2008","Black or African American","2054-5","Female","F","15-19 years","15-19",37500,1679481,2232.83
,"Gonorrhea","280","2008","2008","Black or African American","2054-5","Female","F","20-24 years","20-24",33244,1531005,2171.38
,"Gonorrhea","280","2008","2008","Black or African American","2054-5","Female","F","25-29 years","25-29",13788,1497756,920.58
,"Gonorrhea","280","2008","2008","Black or African American","2054-5","Female","F","30-34 years","30-34",5074,1326232,382.59
,"Gonorrhea","280","2008","2008","Black or African American","2054-5","Female","F","35-39 years","35-39",2311,1399454,165.14
,"Gonorrhea","280","2008","2008","Black or African American","2054-5","Female","F","40+ years","40+",2303,8130450,28.33
,"Gonorrhea","280","2008","2008","Black or African American","2054-5","Female","F","Unknown","99",95,Not Applicable,Not Applicable
,"Gonorrhea","280","2008","2008","Black or African American","2054-5","Male","M","0-14 years","0-14",427,4623583,9.24
,"Gonorrhea","280","2008","2008","Black or African American","2054-5","Male","M","15-19 years","15-19",19657,1728334,1137.34
,"Gonorrhea","280","2008","2008","Black or African American","2054-5","Male","M","20-24 years","20-24",29555,1565166,1888.30
,"Gonorrhea","280","2008","2008","Black or African American","2054-5","Male","M","25-29 years","25-29",17151,1459581,1175.06
,"Gonorrhea","280","2008","2008","Black or African American","2054-5","Male","M","30-34 years","30-34",9221,1209615,762.31
,"Gonorrhea","280","2008","2008","Black or African American","2054-5","Male","M","35-39 years","35-39",5478,1250116,438.20
,"Gonorrhea","280","2008","2008","Black or African American","2054-5","Male","M","40+ years","40+",9348,6439178,145.17
,"Gonorrhea","280","2008","2008","Black or African American","2054-5","Male","M","Unknown","99",126,Not Applicable,Not Applicable
,"Gonorrhea","280","2008","2008","Black or African American","2054-5","Unknown","U","0-14 years","0-14",1,Not Applicable,Not Applicable
,"Gonorrhea","280","2008","2008","Black or African American","2054-5","Unknown","U","15-19 years","15-19",37,Not Applicable,Not Applicable
,"Gonorrhea","280","2008","2008","Black or African American","2054-5","Unknown","U","20-24 years","20-24",69,Not Applicable,Not Applicable
,"Gonorrhea","280","2008","2008","Black or African American","2054-5","Unknown","U","25-29 years","25-29",38,Not Applicable,Not Applicable
,"Gonorrhea","280","2008","2008","Black or African American","2054-5","Unknown","U","30-34 years","30-34",20,Not Applicable,Not Applicable
,"Gonorrhea","280","2008","2008","Black or African American","2054-5","Unknown","U","35-39 years","35-39",10,Not Applicable,Not Applicable
,"Gonorrhea","280","2008","2008","Black or African American","2054-5","Unknown","U","40+ years","40+",17,Not Applicable,Not Applicable
,"Gonorrhea","280","2008","2008","Black or African American","2054-5","Unknown","U","Unknown","99",4,Not Applicable,Not Applicable
,"Gonorrhea","280","2008","2008","Hispanic","Hispanic","Female","F","0-14 years","0-14",221,6717715,3.29
,"Gonorrhea","280","2008","2008","Hispanic","Hispanic","Female","F","15-19 years","15-19",4022,1869373,215.15
,"Gonorrhea","280","2008","2008","Hispanic","Hispanic","Female","F","20-24 years","20-24",4114,1717210,239.57
,"Gonorrhea","280","2008","2008","Hispanic","Hispanic","Female","F","25-29 years","25-29",2150,1843606,116.62
,"Gonorrhea","280","2008","2008","Hispanic","Hispanic","Female","F","30-34 years","30-34",973,1824648,53.33
,"Gonorrhea","280","2008","2008","Hispanic","Hispanic","Female","F","35-39 years","35-39",500,1733199,28.85
,"Gonorrhea","280","2008","2008","Hispanic","Hispanic","Female","F","40+ years","40+",456,6983465,6.53
,"Gonorrhea","280","2008","2008","Hispanic","Hispanic","Female","F","Unknown","99",13,Not Applicable,Not Applicable
,"Gonorrhea","280","2008","2008","Hispanic","Hispanic","Male","M","0-14 years","0-14",39,7024024,0.56
,"Gonorrhea","280","2008","2008","Hispanic","Hispanic","Male","M","15-19 years","15-19",1861,1980860,93.95
,"Gonorrhea","280","2008","2008","Hispanic","Hispanic","Male","M","20-24 years","20-24",3640,1945788,187.07
,"Gonorrhea","280","2008","2008","Hispanic","Hispanic","Male","M","25-29 years","25-29",2494,2297006,108.58
,"Gonorrhea","280","2008","2008","Hispanic","Hispanic","Male","M","30-34 years","30-34",1370,2216848,61.80
,"Gonorrhea","280","2008","2008","Hispanic","Hispanic","Male","M","35-39 years","35-39",887,1996915,44.42
,"Gonorrhea","280","2008","2008","Hispanic","Hispanic","Male","M","40+ years","40+",1105,6792956,16.27
,"Gonorrhea","280","2008","2008","Hispanic","Hispanic","Male","M","Unknown","99",15,Not Applicable,Not Applicable
,"Gonorrhea","280","2008","2008","Hispanic","Hispanic","Unknown","U","15-19 years","15-19",7,Not Applicable,Not Applicable
,"Gonorrhea","280","2008","2008","Hispanic","Hispanic","Unknown","U","20-24 years","20-24",4,Not Applicable,Not Applicable
,"Gonorrhea","280","2008","2008","Hispanic","Hispanic","Unknown","U","25-29 years","25-29",7,Not Applicable,Not Applicable
,"Gonorrhea","280","2008","2008","Hispanic","Hispanic","Unknown","U","30-34 years","30-34",1,Not Applicable,Not Applicable
,"Gonorrhea","280","2008","2008","Hispanic","Hispanic","Unknown","U","35-39 years","35-39",3,Not Applicable,Not Applicable
,"Gonorrhea","280","2008","2008","Hispanic","Hispanic","Unknown","U","40+ years","40+",5,Not Applicable,Not Applicable
,"Gonorrhea","280","2008","2008","Hispanic","Hispanic","Unknown","U","Unknown","99",1,Not Applicable,Not Applicable
,"Gonorrhea","280","2008","2008","White","2106-3","Female","F","0-14 years","0-14",345,16962290,2.03
,"Gonorrhea","280","2008","2008","White","2106-3","Female","F","15-19 years","15-19",8945,6383124,140.13
,"Gonorrhea","280","2008","2008","White","2106-3","Female","F","20-24 years","20-24",10920,6394486,170.77
,"Gonorrhea","280","2008","2008","White","2106-3","Female","F","25-29 years","25-29",5427,6379860,85.06
,"Gonorrhea","280","2008","2008","White","2106-3","Female","F","30-34 years","30-34",2347,5750253,40.82
,"Gonorrhea","280","2008","2008","White","2106-3","Female","F","35-39 years","35-39",1316,6514488,20.20
,"Gonorrhea","280","2008","2008","White","2106-3","Female","F","40+ years","40+",1477,54274510,2.72
,"Gonorrhea","280","2008","2008","White","2106-3","Female","F","Unknown","99",46,Not Applicable,Not Applicable
,"Gonorrhea","280","2008","2008","White","2106-3","Male","M","0-14 years","0-14",44,17855041,0.25
,"Gonorrhea","280","2008","2008","White","2106-3","Male","M","15-19 years","15-19",1917,6733047,28.47
,"Gonorrhea","280","2008","2008","White","2106-3","Male","M","20-24 years","20-24",4715,6738696,69.97
,"Gonorrhea","280","2008","2008","White","2106-3","Male","M","25-29 years","25-29",3494,6517805,53.61
,"Gonorrhea","280","2008","2008","White","2106-3","Male","M","30-34 years","30-34",2043,5823997,35.08
,"Gonorrhea","280","2008","2008","White","2106-3","Male","M","35-39 years","35-39",1672,6576300,25.42
,"Gonorrhea","280","2008","2008","White","2106-3","Male","M","40+ years","40+",3881,48839622,7.95
,"Gonorrhea","280","2008","2008","White","2106-3","Male","M","Unknown","99",35,Not Applicable,Not Applicable
,"Gonorrhea","280","2008","2008","White","2106-3","Unknown","U","15-19 years","15-19",12,Not Applicable,Not Applicable
,"Gonorrhea","280","2008","2008","White","2106-3","Unknown","U","20-24 years","20-24",15,Not Applicable,Not Applicable
,"Gonorrhea","280","2008","2008","White","2106-3","Unknown","U","25-29 years","25-29",14,Not Applicable,Not Applicable
,"Gonorrhea","280","2008","2008","White","2106-3","Unknown","U","30-34 years","30-34",6,Not Applicable,Not Applicable
,"Gonorrhea","280","2008","2008","White","2106-3","Unknown","U","35-39 years","35-39",2,Not Applicable,Not Applicable
,"Gonorrhea","280","2008","2008","White","2106-3","Unknown","U","40+ years","40+",5,Not Applicable,Not Applicable
,"Gonorrhea","280","2008","2008","White","2106-3","Unknown","U","Unknown","99",1,Not Applicable,Not Applicable
,"Gonorrhea","280","2009","2009","Black or African American","2054-5","Female","F","0-14 years","0-14",1526,4503913,33.88
,"Gonorrhea","280","2009","2009","Black or African American","2054-5","Female","F","15-19 years","15-19",33468,1685012,1986.22
,"Gonorrhea","280","2009","2009","Black or African American","2054-5","Female","F","20-24 years","20-24",30891,1580414,1954.61
,"Gonorrhea","280","2009","2009","Black or African American","2054-5","Female","F","25-29 years","25-29",12043,1517996,793.35
,"Gonorrhea","280","2009","2009","Black or African American","2054-5","Female","F","30-34 years","30-34",4626,1365674,338.73
,"Gonorrhea","280","2009","2009","Black or African American","2054-5","Female","F","35-39 years","35-39",1938,1388287,139.60
,"Gonorrhea","280","2009","2009","Black or African American","2054-5","Female","F","40+ years","40+",1741,8266236,21.06
,"Gonorrhea","280","2009","2009","Black or African American","2054-5","Female","F","Unknown","99",146,Not Applicable,Not Applicable
,"Gonorrhea","280","2009","2009","Black or African American","2054-5","Male","M","0-14 years","0-14",346,4653745,7.43
,"Gonorrhea","280","2009","2009","Black or African American","2054-5","Male","M","15-19 years","15-19",17688,1734258,1019.92
,"Gonorrhea","280","2009","2009","Black or African American","2054-5","Male","M","20-24 years","20-24",27754,1619330,1713.92
,"Gonorrhea","280","2009","2009","Black or African American","2054-5","Male","M","25-29 years","25-29",15186,1504956,1009.07
,"Gonorrhea","280","2009","2009","Black or African American","2054-5","Male","M","30-34 years","30-34",7998,1256736,636.41
,"Gonorrhea","280","2009","2009","Black or African American","2054-5","Male","M","35-39 years","35-39",4641,1242228,373.60
,"Gonorrhea","280","2009","2009","Black or African American","2054-5","Male","M","40+ years","40+",7174,6543486,109.64
,"Gonorrhea","280","2009","2009","Black or African American","2054-5","Male","M","Unknown","99",111,Not Applicable,Not Applicable
,"Gonorrhea","280","2009","2009","Black or African American","2054-5","Unknown","U","0-14 years","0-14",1,Not Applicable,Not Applicable
,"Gonorrhea","280","2009","2009","Black or African American","2054-5","Unknown","U","15-19 years","15-19",58,Not Applicable,Not Applicable
,"Gonorrhea","280","2009","2009","Black or African American","2054-5","Unknown","U","20-24 years","20-24",88,Not Applicable,Not Applicable
,"Gonorrhea","280","2009","2009","Black or African American","2054-5","Unknown","U","25-29 years","25-29",35,Not Applicable,Not Applicable
,"Gonorrhea","280","2009","2009","Black or African American","2054-5","Unknown","U","30-34 years","30-34",21,Not Applicable,Not Applicable
,"Gonorrhea","280","2009","2009","Black or African American","2054-5","Unknown","U","35-39 years","35-39",16,Not Applicable,Not Applicable
,"Gonorrhea","280","2009","2009","Black or African American","2054-5","Unknown","U","40+ years","40+",15,Not Applicable,Not Applicable
,"Gonorrhea","280","2009","2009","Black or African American","2054-5","Unknown","U","Unknown","99",18,Not Applicable,Not Applicable
,"Gonorrhea","280","2009","2009","Hispanic","Hispanic","Female","F","0-14 years","0-14",164,7007335,2.34
,"Gonorrhea","280","2009","2009","Hispanic","Hispanic","Female","F","15-19 years","15-19",3633,1944962,186.79
,"Gonorrhea","280","2009","2009","Hispanic","Hispanic","Female","F","20-24 years","20-24",3740,1816714,205.87
,"Gonorrhea","280","2009","2009","Hispanic","Hispanic","Female","F","25-29 years","25-29",1793,1866311,96.07
,"Gonorrhea","280","2009","2009","Hispanic","Hispanic","Female","F","30-34 years","30-34",846,1808387,46.78
,"Gonorrhea","280","2009","2009","Hispanic","Hispanic","Female","F","35-39 years","35-39",433,1732519,24.99
,"Gonorrhea","280","2009","2009","Hispanic","Hispanic","Female","F","40+ years","40+",389,7186177,5.41
,"Gonorrhea","280","2009","2009","Hispanic","Hispanic","Female","F","Unknown","99",18,Not Applicable,Not Applicable
,"Gonorrhea","280","2009","2009","Hispanic","Hispanic","Male","M","0-14 years","0-14",36,7329434,0.49
,"Gonorrhea","280","2009","2009","Hispanic","Hispanic","Male","M","15-19 years","15-19",1728,2087024,82.80
,"Gonorrhea","280","2009","2009","Hispanic","Hispanic","Male","M","20-24 years","20-24",3434,2067211,166.12
,"Gonorrhea","280","2009","2009","Hispanic","Hispanic","Male","M","25-29 years","25-29",2288,2283381,100.20
,"Gonorrhea","280","2009","2009","Hispanic","Hispanic","Male","M","30-34 years","30-34",1282,2221388,57.71
,"Gonorrhea","280","2009","2009","Hispanic","Hispanic","Male","M","35-39 years","35-39",737,2025057,36.39
,"Gonorrhea","280","2009","2009","Hispanic","Hispanic","Male","M","40+ years","40+",1042,7043424,14.79
,"Gonorrhea","280","2009","2009","Hispanic","Hispanic","Male","M","Unknown","99",14,Not Applicable,Not Applicable
,"Gonorrhea","280","2009","2009","Hispanic","Hispanic","Unknown","U","15-19 years","15-19",5,Not Applicable,Not Applicable
,"Gonorrhea","280","2009","2009","Hispanic","Hispanic","Unknown","U","20-24 years","20-24",6,Not Applicable,Not Applicable
,"Gonorrhea","280","2009","2009","Hispanic","Hispanic","Unknown","U","25-29 years","25-29",3,Not Applicable,Not Applicable
,"Gonorrhea","280","2009","2009","Hispanic","Hispanic","Unknown","U","30-34 years","30-34",4,Not Applicable,Not Applicable
,"Gonorrhea","280","2009","2009","Hispanic","Hispanic","Unknown","U","35-39 years","35-39",2,Not Applicable,Not Applicable
,"Gonorrhea","280","2009","2009","Hispanic","Hispanic","Unknown","U","40+ years","40+",1,Not Applicable,Not Applicable
,"Gonorrhea","280","2009","2009","Hispanic","Hispanic","Unknown","U","Unknown","99",1,Not Applicable,Not Applicable
,"Gonorrhea","280","2009","2009","White","2106-3","Female","F","0-14 years","0-14",250,16912463,1.48
,"Gonorrhea","280","2009","2009","White","2106-3","Female","F","15-19 years","15-19",7621,6289630,121.17
,"Gonorrhea","280","2009","2009","White","2106-3","Female","F","20-24 years","20-24",9433,6448106,146.29
,"Gonorrhea","280","2009","2009","White","2106-3","Female","F","25-29 years","25-29",4430,6457444,68.60
,"Gonorrhea","280","2009","2009","White","2106-3","Female","F","30-34 years","30-34",1980,5850299,33.84
,"Gonorrhea","280","2009","2009","White","2106-3","Female","F","35-39 years","35-39",1101,6293811,17.49
,"Gonorrhea","280","2009","2009","White","2106-3","Female","F","40+ years","40+",1116,54592948,2.04
,"Gonorrhea","280","2009","2009","White","2106-3","Female","F","Unknown","99",68,Not Applicable,Not Applicable
,"Gonorrhea","280","2009","2009","White","2106-3","Male","M","0-14 years","0-14",29,17792226,0.16
,"Gonorrhea","280","2009","2009","White","2106-3","Male","M","15-19 years","15-19",1802,6635916,27.16
,"Gonorrhea","280","2009","2009","White","2106-3","Male","M","20-24 years","20-24",4456,6787606,65.65
,"Gonorrhea","280","2009","2009","White","2106-3","Male","M","25-29 years","25-29",3415,6632544,51.49
,"Gonorrhea","280","2009","2009","White","2106-3","Male","M","30-34 years","30-34",2045,5917472,34.56
,"Gonorrhea","280","2009","2009","White","2106-3","Male","M","35-39 years","35-39",1496,6350333,23.56
,"Gonorrhea","280","2009","2009","White","2106-3","Male","M","40+ years","40+",3564,49197134,7.24
,"Gonorrhea","280","2009","2009","White","2106-3","Male","M","Unknown","99",22,Not Applicable,Not Applicable
,"Gonorrhea","280","2009","2009","White","2106-3","Unknown","U","15-19 years","15-19",7,Not Applicable,Not Applicable
,"Gonorrhea","280","2009","2009","White","2106-3","Unknown","U","20-24 years","20-24",13,Not Applicable,Not Applicable
,"Gonorrhea","280","2009","2009","White","2106-3","Unknown","U","25-29 years","25-29",19,Not Applicable,Not Applicable
,"Gonorrhea","280","2009","2009","White","2106-3","Unknown","U","30-34 years","30-34",5,Not Applicable,Not Applicable
,"Gonorrhea","280","2009","2009","White","2106-3","Unknown","U","35-39 years","35-39",4,Not Applicable,Not Applicable
,"Gonorrhea","280","2009","2009","White","2106-3","Unknown","U","40+ years","40+",5,Not Applicable,Not Applicable
,"Gonorrhea","280","2009","2009","White","2106-3","Unknown","U","Unknown","99",3,Not Applicable,Not Applicable
,"Gonorrhea","280","2010","2010","Black or African American","2054-5","Female","F","0-14 years","0-14",1487,4544997,32.72
,"Gonorrhea","280","2010","2010","Black or African American","2054-5","Female","F","15-19 years","15-19",34246,1731376,1977.96
,"Gonorrhea","280","2010","2010","Black or African American","2054-5","Female","F","20-24 years","20-24",31570,1587829,1988.25
,"Gonorrhea","280","2010","2010","Black or African American","2054-5","Female","F","25-29 years","25-29",11758,1454543,808.36
,"Gonorrhea","280","2010","2010","Black or African American","2054-5","Female","F","30-34 years","30-34",4778,1384808,345.03
,"Gonorrhea","280","2010","2010","Black or African American","2054-5","Female","F","35-39 years","35-39",1930,1384151,139.44
,"Gonorrhea","280","2010","2010","Black or African American","2054-5","Female","F","40+ years","40+",1643,8537169,19.25
,"Gonorrhea","280","2010","2010","Black or African American","2054-5","Female","F","Unknown","99",72,Not Applicable,Not Applicable
,"Gonorrhea","280","2010","2010","Black or African American","2054-5","Male","M","0-14 years","0-14",335,4698593,7.13
,"Gonorrhea","280","2010","2010","Black or African American","2054-5","Male","M","15-19 years","15-19",17771,1786472,994.75
,"Gonorrhea","280","2010","2010","Black or African American","2054-5","Male","M","20-24 years","20-24",28643,1550237,1847.65
,"Gonorrhea","280","2010","2010","Black or African American","2054-5","Male","M","25-29 years","25-29",14860,1342341,1107.02
,"Gonorrhea","280","2010","2010","Black or African American","2054-5","Male","M","30-34 years","30-34",7702,1245147,618.56
,"Gonorrhea","280","2010","2010","Black or African American","2054-5","Male","M","35-39 years","35-39",4175,1226242,340.47
,"Gonorrhea","280","2010","2010","Black or African American","2054-5","Male","M","40+ years","40+",6888,6963228,98.92
,"Gonorrhea","280","2010","2010","Black or African American","2054-5","Male","M","Unknown","99",71,Not Applicable,Not Applicable
,"Gonorrhea","280","2010","2010","Black or African American","2054-5","Unknown","U","0-14 years","0-14",4,Not Applicable,Not Applicable
,"Gonorrhea","280","2010","2010","Black or African American","2054-5","Unknown","U","15-19 years","15-19",47,Not Applicable,Not Applicable
,"Gonorrhea","280","2010","2010","Black or African American","2054-5","Unknown","U","20-24 years","20-24",44,Not Applicable,Not Applicable
,"Gonorrhea","280","2010","2010","Black or African American","2054-5","Unknown","U","25-29 years","25-29",22,Not Applicable,Not Applicable
,"Gonorrhea","280","2010","2010","Black or African American","2054-5","Unknown","U","30-34 years","30-34",17,Not Applicable,Not Applicable
,"Gonorrhea","280","2010","2010","Black or African American","2054-5","Unknown","U","35-39 years","35-39",8,Not Applicable,Not Applicable
,"Gonorrhea","280","2010","2010","Black or African American","2054-5","Unknown","U","40+ years","40+",5,Not Applicable,Not Applicable
,"Gonorrhea","280","2010","2010","Black or African American","2054-5","Unknown","U","Unknown","99",6,Not Applicable,Not Applicable
,"Gonorrhea","280","2010","2010","Hispanic","Hispanic","Female","F","0-14 years","0-14",178,7066167,2.52
,"Gonorrhea","280","2010","2010","Hispanic","Hispanic","Female","F","15-19 years","15-19",3741,2186082,171.13
,"Gonorrhea","280","2010","2010","Hispanic","Hispanic","Female","F","20-24 years","20-24",4309,2019978,213.32
,"Gonorrhea","280","2010","2010","Hispanic","Hispanic","Female","F","25-29 years","25-29",1927,2034337,94.72
,"Gonorrhea","280","2010","2010","Hispanic","Hispanic","Female","F","30-34 years","30-34",867,1981433,43.76
,"Gonorrhea","280","2010","2010","Hispanic","Hispanic","Female","F","35-39 years","35-39",483,1885588,25.62
,"Gonorrhea","280","2010","2010","Hispanic","Hispanic","Female","F","40+ years","40+",426,7685209,5.54
,"Gonorrhea","280","2010","2010","Hispanic","Hispanic","Female","F","Unknown","99",8,Not Applicable,Not Applicable
,"Gonorrhea","280","2010","2010","Hispanic","Hispanic","Male","M","0-14 years","0-14",32,7364334,0.43
,"Gonorrhea","280","2010","2010","Hispanic","Hispanic","Male","M","15-19 years","15-19",1928,2346073,82.18
,"Gonorrhea","280","2010","2010","Hispanic","Hispanic","Male","M","20-24 years","20-24",3957,2302297,171.87
,"Gonorrhea","280","2010","2010","Hispanic","Hispanic","Male","M","25-29 years","25-29",2666,2276134,117.13
,"Gonorrhea","280","2010","2010","Hispanic","Hispanic","Male","M","30-34 years","30-34",1547,2143050,72.19
,"Gonorrhea","280","2010","2010","Hispanic","Hispanic","Male","M","35-39 years","35-39",853,1970752,43.28
,"Gonorrhea","280","2010","2010","Hispanic","Hispanic","Male","M","40+ years","40+",1208,7216160,16.74
,"Gonorrhea","280","2010","2010","Hispanic","Hispanic","Male","M","Unknown","99",10,Not Applicable,Not Applicable
,"Gonorrhea","280","2010","2010","Hispanic","Hispanic","Unknown","U","15-19 years","15-19",4,Not Applicable,Not Applicable
,"Gonorrhea","280","2010","2010","Hispanic","Hispanic","Unknown","U","20-24 years","20-24",5,Not Applicable,Not Applicable
,"Gonorrhea","280","2010","2010","Hispanic","Hispanic","Unknown","U","25-29 years","25-29",11,Not Applicable,Not Applicable
,"Gonorrhea","280","2010","2010","Hispanic","Hispanic","Unknown","U","30-34 years","30-34",4,Not Applicable,Not Applicable
,"Gonorrhea","280","2010","2010","Hispanic","Hispanic","Unknown","U","40+ years","40+",1,Not Applicable,Not Applicable
,"Gonorrhea","280","2010","2010","Hispanic","Hispanic","Unknown","U","Unknown","99",3,Not Applicable,Not Applicable
,"Gonorrhea","280","2010","2010","White","2106-3","Female","F","0-14 years","0-14",272,16460571,1.65
,"Gonorrhea","280","2010","2010","White","2106-3","Female","F","15-19 years","15-19",7486,6175466,121.22
,"Gonorrhea","280","2010","2010","White","2106-3","Female","F","20-24 years","20-24",10107,6250991,161.69
,"Gonorrhea","280","2010","2010","White","2106-3","Female","F","25-29 years","25-29",4829,6173965,78.22
,"Gonorrhea","280","2010","2010","White","2106-3","Female","F","30-34 years","30-34",2230,5798092,38.46
,"Gonorrhea","280","2010","2010","White","2106-3","Female","F","35-39 years","35-39",1092,6048449,18.05
,"Gonorrhea","280","2010","2010","White","2106-3","Female","F","40+ years","40+",1315,54833396,2.40
,"Gonorrhea","280","2010","2010","White","2106-3","Female","F","Unknown","99",33,Not Applicable,Not Applicable
,"Gonorrhea","280","2010","2010","White","2106-3","Male","M","0-14 years","0-14",27,17322722,0.16
,"Gonorrhea","280","2010","2010","White","2106-3","Male","M","15-19 years","15-19",1821,6495265,28.04
,"Gonorrhea","280","2010","2010","White","2106-3","Male","M","20-24 years","20-24",5308,6434852,82.49
,"Gonorrhea","280","2010","2010","White","2106-3","Male","M","25-29 years","25-29",3939,6278921,62.73
,"Gonorrhea","280","2010","2010","White","2106-3","Male","M","30-34 years","30-34",2407,5892342,40.85
,"Gonorrhea","280","2010","2010","White","2106-3","Male","M","35-39 years","35-39",1693,6107512,27.72
,"Gonorrhea","280","2010","2010","White","2106-3","Male","M","40+ years","40+",4139,49854828,8.30
,"Gonorrhea","280","2010","2010","White","2106-3","Male","M","Unknown","99",39,Not Applicable,Not Applicable
,"Gonorrhea","280","2010","2010","White","2106-3","Unknown","U","15-19 years","15-19",4,Not Applicable,Not Applicable
,"Gonorrhea","280","2010","2010","White","2106-3","Unknown","U","20-24 years","20-24",11,Not Applicable,Not Applicable
,"Gonorrhea","280","2010","2010","White","2106-3","Unknown","U","25-29 years","25-29",8,Not Applicable,Not Applicable
,"Gonorrhea","280","2010","2010","White","2106-3","Unknown","U","30-34 years","30-34",5,Not Applicable,Not Applicable
,"Gonorrhea","280","2010","2010","White","2106-3","Unknown","U","35-39 years","35-39",3,Not Applicable,Not Applicable
,"Gonorrhea","280","2010","2010","White","2106-3","Unknown","U","40+ years","40+",5,Not Applicable,Not Applicable
,"Gonorrhea","280","2010","2010","White","2106-3","Unknown","U","Unknown","99",1,Not Applicable,Not Applicable
,"Gonorrhea","280","2011","2011","Black or African American","2054-5","Female","F","0-14 years","0-14",1637,4544534,36.02
,"Gonorrhea","280","2011","2011","Black or African American","2054-5","Female","F","15-19 years","15-19",33409,1674525,1995.13
,"Gonorrhea","280","2011","2011","Black or African American","2054-5","Female","F","20-24 years","20-24",32557,1671217,1948.10
,"Gonorrhea","280","2011","2011","Black or African American","2054-5","Female","F","25-29 years","25-29",11550,1465672,788.03
,"Gonorrhea","280","2011","2011","Black or African American","2054-5","Female","F","30-34 years","30-34",4813,1424682,337.83
,"Gonorrhea","280","2011","2011","Black or African American","2054-5","Female","F","35-39 years","35-39",1978,1344610,147.11
,"Gonorrhea","280","2011","2011","Black or African American","2054-5","Female","F","40+ years","40+",1746,8744896,19.97
,"Gonorrhea","280","2011","2011","Black or African American","2054-5","Female","F","Unknown","99",38,Not Applicable,Not Applicable
,"Gonorrhea","280","2011","2011","Black or African American","2054-5","Male","M","0-14 years","0-14",351,4704260,7.46
,"Gonorrhea","280","2011","2011","Black or African American","2054-5","Male","M","15-19 years","15-19",17148,1737833,986.75
,"Gonorrhea","280","2011","2011","Black or African American","2054-5","Male","M","20-24 years","20-24",29069,1654175,1757.31
,"Gonorrhea","280","2011","2011","Black or African American","2054-5","Male","M","25-29 years","25-29",14890,1368360,1088.16
,"Gonorrhea","280","2011","2011","Black or African American","2054-5","Male","M","30-34 years","30-34",7902,1286022,614.45
,"Gonorrhea","280","2011","2011","Black or African American","2054-5","Male","M","35-39 years","35-39",4101,1193704,343.55
,"Gonorrhea","280","2011","2011","Black or African American","2054-5","Male","M","40+ years","40+",7071,7130406,99.17
,"Gonorrhea","280","2011","2011","Black or African American","2054-5","Male","M","Unknown","99",48,Not Applicable,Not Applicable
,"Gonorrhea","280","2011","2011","Black or African American","2054-5","Unknown","U","0-14 years","0-14",2,Not Applicable,Not Applicable
,"Gonorrhea","280","2011","2011","Black or African American","2054-5","Unknown","U","15-19 years","15-19",62,Not Applicable,Not Applicable
,"Gonorrhea","280","2011","2011","Black or African American","2054-5","Unknown","U","20-24 years","20-24",78,Not Applicable,Not Applicable
,"Gonorrhea","280","2011","2011","Black or African American","2054-5","Unknown","U","25-29 years","25-29",26,Not Applicable,Not Applicable
,"Gonorrhea","280","2011","2011","Black or African American","2054-5","Unknown","U","30-34 years","30-34",17,Not Applicable,Not Applicable
,"Gonorrhea","280","2011","2011","Black or African American","2054-5","Unknown","U","35-39 years","35-39",3,Not Applicable,Not Applicable
,"Gonorrhea","280","2011","2011","Black or African American","2054-5","Unknown","U","40+ years","40+",12,Not Applicable,Not Applicable
,"Gonorrhea","280","2011","2011","Black or African American","2054-5","Unknown","U","Unknown","99",7,Not Applicable,Not Applicable
,"Gonorrhea","280","2011","2011","Hispanic","Hispanic","Female","F","0-14 years","0-14",192,7211562,2.66
,"Gonorrhea","280","2011","2011","Hispanic","Hispanic","Female","F","15-19 years","15-19",4098,2212656,185.21
,"Gonorrhea","280","2011","2011","Hispanic","Hispanic","Female","F","20-24 years","20-24",4781,2101640,227.49
,"Gonorrhea","280","2011","2011","Hispanic","Hispanic","Female","F","25-29 years","25-29",2194,2046563,107.20
,"Gonorrhea","280","2011","2011","Hispanic","Hispanic","Female","F","30-34 years","30-34",1067,2023293,52.74
,"Gonorrhea","280","2011","2011","Hispanic","Hispanic","Female","F","35-39 years","35-39",516,1916474,26.92
,"Gonorrhea","280","2011","2011","Hispanic","Hispanic","Female","F","40+ years","40+",472,8089878,5.83
,"Gonorrhea","280","2011","2011","Hispanic","Hispanic","Female","F","Unknown","99",11,Not Applicable,Not Applicable
,"Gonorrhea","280","2011","2011","Hispanic","Hispanic","Male","M","0-14 years","0-14",45,7518836,0.60
,"Gonorrhea","280","2011","2011","Hispanic","Hispanic","Male","M","15-19 years","15-19",2150,2368850,90.76
,"Gonorrhea","280","2011","2011","Hispanic","Hispanic","Male","M","20-24 years","20-24",4409,2376058,185.56
,"Gonorrhea","280","2011","2011","Hispanic","Hispanic","Male","M","25-29 years","25-29",3100,2321465,133.54
,"Gonorrhea","280","2011","2011","Hispanic","Hispanic","Male","M","30-34 years","30-34",1729,2213799,78.10
,"Gonorrhea","280","2011","2011","Hispanic","Hispanic","Male","M","35-39 years","35-39",936,2016340,46.42
,"Gonorrhea","280","2011","2011","Hispanic","Hispanic","Male","M","40+ years","40+",1416,7627863,18.56
,"Gonorrhea","280","2011","2011","Hispanic","Hispanic","Male","M","Unknown","99",23,Not Applicable,Not Applicable
,"Gonorrhea","280","2011","2011","Hispanic","Hispanic","Unknown","U","15-19 years","15-19",6,Not Applicable,Not Applicable
,"Gonorrhea","280","2011","2011","Hispanic","Hispanic","Unknown","U","20-24 years","20-24",16,Not Applicable,Not Applicable
,"Gonorrhea","280","2011","2011","Hispanic","Hispanic","Unknown","U","25-29 years","25-29",5,Not Applicable,Not Applicable
,"Gonorrhea","280","2011","2011","Hispanic","Hispanic","Unknown","U","30-34 years","30-34",5,Not Applicable,Not Applicable
,"Gonorrhea","280","2011","2011","Hispanic","Hispanic","Unknown","U","35-39 years","35-39",1,Not Applicable,Not Applicable
,"Gonorrhea","280","2011","2011","Hispanic","Hispanic","Unknown","U","40+ years","40+",4,Not Applicable,Not Applicable
,"Gonorrhea","280","2011","2011","White","2106-3","Female","F","0-14 years","0-14",235,16282247,1.44
,"Gonorrhea","280","2011","2011","White","2106-3","Female","F","15-19 years","15-19",7482,6006598,124.56
,"Gonorrhea","280","2011","2011","White","2106-3","Female","F","20-24 years","20-24",10576,6339561,166.82
,"Gonorrhea","280","2011","2011","White","2106-3","Female","F","25-29 years","25-29",5261,6197345,84.89
,"Gonorrhea","280","2011","2011","White","2106-3","Female","F","30-34 years","30-34",2357,5956676,39.57
,"Gonorrhea","280","2011","2011","White","2106-3","Female","F","35-39 years","35-39",1153,5749992,20.05
,"Gonorrhea","280","2011","2011","White","2106-3","Female","F","40+ years","40+",1448,55310992,2.62
,"Gonorrhea","280","2011","2011","White","2106-3","Female","F","Unknown","99",15,Not Applicable,Not Applicable
,"Gonorrhea","280","2011","2011","White","2106-3","Male","M","0-14 years","0-14",37,17116728,0.22
,"Gonorrhea","280","2011","2011","White","2106-3","Male","M","15-19 years","15-19",2058,6353172,32.39
,"Gonorrhea","280","2011","2011","White","2106-3","Male","M","20-24 years","20-24",5906,6535212,90.37
,"Gonorrhea","280","2011","2011","White","2106-3","Male","M","25-29 years","25-29",4451,6313225,70.50
,"Gonorrhea","280","2011","2011","White","2106-3","Male","M","30-34 years","30-34",2829,6051761,46.75
,"Gonorrhea","280","2011","2011","White","2106-3","Male","M","35-39 years","35-39",1789,5811271,30.79
,"Gonorrhea","280","2011","2011","White","2106-3","Male","M","40+ years","40+",4650,50398463,9.23
,"Gonorrhea","280","2011","2011","White","2106-3","Male","M","Unknown","99",24,Not Applicable,Not Applicable
,"Gonorrhea","280","2011","2011","White","2106-3","Unknown","U","0-14 years","0-14",3,Not Applicable,Not Applicable
,"Gonorrhea","280","2011","2011","White","2106-3","Unknown","U","15-19 years","15-19",16,Not Applicable,Not Applicable
,"Gonorrhea","280","2011","2011","White","2106-3","Unknown","U","20-24 years","20-24",29,Not Applicable,Not Applicable
,"Gonorrhea","280","2011","2011","White","2106-3","Unknown","U","25-29 years","25-29",17,Not Applicable,Not Applicable
,"Gonorrhea","280","2011","2011","White","2106-3","Unknown","U","30-34 years","30-34",12,Not Applicable,Not Applicable
,"Gonorrhea","280","2011","2011","White","2106-3","Unknown","U","35-39 years","35-39",5,Not Applicable,Not Applicable
,"Gonorrhea","280","2011","2011","White","2106-3","Unknown","U","40+ years","40+",5,Not Applicable,Not Applicable
,"Gonorrhea","280","2011","2011","White","2106-3","Unknown","U","Unknown","99",3,Not Applicable,Not Applicable
,"Gonorrhea","280","2012","2012","Black or African American","2054-5","Female","F","0-14 years","0-14",1513,4543314,33.30
,"Gonorrhea","280","2012","2012","Black or African American","2054-5","Female","F","15-19 years","15-19",30663,1635339,1875.02
,"Gonorrhea","280","2012","2012","Black or African American","2054-5","Female","F","20-24 years","20-24",32789,1731526,1893.65
,"Gonorrhea","280","2012","2012","Black or African American","2054-5","Female","F","25-29 years","25-29",11951,1482708,806.02
,"Gonorrhea","280","2012","2012","Black or African American","2054-5","Female","F","30-34 years","30-34",4864,1450157,335.41
,"Gonorrhea","280","2012","2012","Black or African American","2054-5","Female","F","35-39 years","35-39",2065,1338520,154.28
,"Gonorrhea","280","2012","2012","Black or African American","2054-5","Female","F","40+ years","40+",2007,8905841,22.54
,"Gonorrhea","280","2012","2012","Black or African American","2054-5","Female","F","Unknown","99",218,Not Applicable,Not Applicable
,"Gonorrhea","280","2012","2012","Black or African American","2054-5","Male","M","0-14 years","0-14",381,4703728,8.10
,"Gonorrhea","280","2012","2012","Black or African American","2054-5","Male","M","15-19 years","15-19",15960,1694508,941.87
,"Gonorrhea","280","2012","2012","Black or African American","2054-5","Male","M","20-24 years","20-24",29025,1737366,1670.63
,"Gonorrhea","280","2012","2012","Black or African American","2054-5","Male","M","25-29 years","25-29",15641,1400570,1116.76
,"Gonorrhea","280","2012","2012","Black or African American","2054-5","Male","M","30-34 years","30-34",8743,1315999,664.36
,"Gonorrhea","280","2012","2012","Black or African American","2054-5","Male","M","35-39 years","35-39",4569,1189759,384.03
,"Gonorrhea","280","2012","2012","Black or African American","2054-5","Male","M","40+ years","40+",7811,7262053,107.56
,"Gonorrhea","280","2012","2012","Black or African American","2054-5","Male","M","Unknown","99",293,Not Applicable,Not Applicable
,"Gonorrhea","280","2012","2012","Black or African American","2054-5","Unknown","U","15-19 years","15-19",37,Not Applicable,Not Applicable
,"Gonorrhea","280","2012","2012","Black or African American","2054-5","Unknown","U","20-24 years","20-24",38,Not Applicable,Not Applicable
,"Gonorrhea","280","2012","2012","Black or African American","2054-5","Unknown","U","25-29 years","25-29",20,Not Applicable,Not Applicable
,"Gonorrhea","280","2012","2012","Black or African American","2054-5","Unknown","U","30-34 years","30-34",8,Not Applicable,Not Applicable
,"Gonorrhea","280","2012","2012","Black or African American","2054-5","Unknown","U","35-39 years","35-39",5,Not Applicable,Not Applicable
,"Gonorrhea","280","2012","2012","Black or African American","2054-5","Unknown","U","40+ years","40+",9,Not Applicable,Not Applicable
,"Gonorrhea","280","2012","2012","Black or African American","2054-5","Unknown","U","Unknown","99",1,Not Applicable,Not Applicable
,"Gonorrhea","280","2012","2012","Hispanic","Hispanic","Female","F","0-14 years","0-14",196,7286322,2.69
,"Gonorrhea","280","2012","2012","Hispanic","Hispanic","Female","F","15-19 years","15-19",4154,2218259,187.26
,"Gonorrhea","280","2012","2012","Hispanic","Hispanic","Female","F","20-24 years","20-24",5354,2163324,247.49
,"Gonorrhea","280","2012","2012","Hispanic","Hispanic","Female","F","25-29 years","25-29",2558,2043553,125.17
,"Gonorrhea","280","2012","2012","Hispanic","Hispanic","Female","F","30-34 years","30-34",1338,2048526,65.32
,"Gonorrhea","280","2012","2012","Hispanic","Hispanic","Female","F","35-39 years","35-39",628,1936896,32.42
,"Gonorrhea","280","2012","2012","Hispanic","Hispanic","Female","F","40+ years","40+",591,8401257,7.03
,"Gonorrhea","280","2012","2012","Hispanic","Hispanic","Female","F","Unknown","99",50,Not Applicable,Not Applicable
,"Gonorrhea","280","2012","2012","Hispanic","Hispanic","Male","M","0-14 years","0-14",51,7587413,0.67
,"Gonorrhea","280","2012","2012","Hispanic","Hispanic","Male","M","15-19 years","15-19",2343,2362436,99.18
,"Gonorrhea","280","2012","2012","Hispanic","Hispanic","Male","M","20-24 years","20-24",5406,2421517,223.25
,"Gonorrhea","280","2012","2012","Hispanic","Hispanic","Male","M","25-29 years","25-29",3695,2325784,158.87
,"Gonorrhea","280","2012","2012","Hispanic","Hispanic","Male","M","30-34 years","30-34",2244,2253689,99.57
,"Gonorrhea","280","2012","2012","Hispanic","Hispanic","Male","M","35-39 years","35-39",1175,2045910,57.43
,"Gonorrhea","280","2012","2012","Hispanic","Hispanic","Male","M","40+ years","40+",1723,7932822,21.72
,"Gonorrhea","280","2012","2012","Hispanic","Hispanic","Male","M","Unknown","99",54,Not Applicable,Not Applicable
,"Gonorrhea","280","2012","2012","Hispanic","Hispanic","Unknown","U","15-19 years","15-19",4,Not Applicable,Not Applicable
,"Gonorrhea","280","2012","2012","Hispanic","Hispanic","Unknown","U","20-24 years","20-24",11,Not Applicable,Not Applicable
,"Gonorrhea","280","2012","2012","Hispanic","Hispanic","Unknown","U","25-29 years","25-29",6,Not Applicable,Not Applicable
,"Gonorrhea","280","2012","2012","Hispanic","Hispanic","Unknown","U","30-34 years","30-34",3,Not Applicable,Not Applicable
,"Gonorrhea","280","2012","2012","Hispanic","Hispanic","Unknown","U","35-39 years","35-39",2,Not Applicable,Not Applicable
,"Gonorrhea","280","2012","2012","Hispanic","Hispanic","Unknown","U","40+ years","40+",3,Not Applicable,Not Applicable
,"Gonorrhea","280","2012","2012","Hispanic","Hispanic","Unknown","U","Unknown","99",1,Not Applicable,Not Applicable
,"Gonorrhea","280","2012","2012","White","2106-3","Female","F","0-14 years","0-14",289,16148020,1.79
,"Gonorrhea","280","2012","2012","White","2106-3","Female","F","15-19 years","15-19",7528,5905231,127.48
,"Gonorrhea","280","2012","2012","White","2106-3","Female","F","20-24 years","20-24",11608,6381206,181.91
,"Gonorrhea","280","2012","2012","White","2106-3","Female","F","25-29 years","25-29",6297,6194866,101.65
,"Gonorrhea","280","2012","2012","White","2106-3","Female","F","30-34 years","30-34",3030,6059124,50.01
,"Gonorrhea","280","2012","2012","White","2106-3","Female","F","35-39 years","35-39",1435,5665167,25.33
,"Gonorrhea","280","2012","2012","White","2106-3","Female","F","40+ years","40+",1741,55572128,3.13
,"Gonorrhea","280","2012","2012","White","2106-3","Female","F","Unknown","99",57,Not Applicable,Not Applicable
,"Gonorrhea","280","2012","2012","White","2106-3","Male","M","0-14 years","0-14",47,16982439,0.28
,"Gonorrhea","280","2012","2012","White","2106-3","Male","M","15-19 years","15-19",2294,6243185,36.74
,"Gonorrhea","280","2012","2012","White","2106-3","Male","M","20-24 years","20-24",7245,6614098,109.54
,"Gonorrhea","280","2012","2012","White","2106-3","Male","M","25-29 years","25-29",5828,6331749,92.04
,"Gonorrhea","280","2012","2012","White","2106-3","Male","M","30-34 years","30-34",3761,6158752,61.07
,"Gonorrhea","280","2012","2012","White","2106-3","Male","M","35-39 years","35-39",2270,5731933,39.60
,"Gonorrhea","280","2012","2012","White","2106-3","Male","M","40+ years","40+",5981,50710949,11.79
,"Gonorrhea","280","2012","2012","White","2106-3","Male","M","Unknown","99",64,Not Applicable,Not Applicable
,"Gonorrhea","280","2012","2012","White","2106-3","Unknown","U","15-19 years","15-19",6,Not Applicable,Not Applicable
,"Gonorrhea","280","2012","2012","White","2106-3","Unknown","U","20-24 years","20-24",8,Not Applicable,Not Applicable
,"Gonorrhea","280","2012","2012","White","2106-3","Unknown","U","25-29 years","25-29",9,Not Applicable,Not Applicable
,"Gonorrhea","280","2012","2012","White","2106-3","Unknown","U","30-34 years","30-34",8,Not Applicable,Not Applicable
,"Gonorrhea","280","2012","2012","White","2106-3","Unknown","U","35-39 years","35-39",4,Not Applicable,Not Applicable
,"Gonorrhea","280","2012","2012","White","2106-3","Unknown","U","40+ years","40+",1,Not Applicable,Not Applicable
,"Gonorrhea","280","2012","2012","White","2106-3","Unknown","U","Unknown","99",1,Not Applicable,Not Applicable
,"Gonorrhea","280","2013","2013","Black or African American","2054-5","Female","F","0-14 years","0-14",1265,4539620,27.87
,"Gonorrhea","280","2013","2013","Black or African American","2054-5","Female","F","15-19 years","15-19",25907,1602497,1616.66
,"Gonorrhea","280","2013","2013","Black or African American","2054-5","Female","F","20-24 years","20-24",30462,1770138,1720.88
,"Gonorrhea","280","2013","2013","Black or African American","2054-5","Female","F","25-29 years","25-29",11629,1510526,769.86
,"Gonorrhea","280","2013","2013","Black or African American","2054-5","Female","F","30-34 years","30-34",4837,1470609,328.91
,"Gonorrhea","280","2013","2013","Black or African American","2054-5","Female","F","35-39 years","35-39",1980,1344139,147.31
,"Gonorrhea","280","2013","2013","Black or African American","2054-5","Female","F","40+ years","40+",1813,9054285,20.02
,"Gonorrhea","280","2013","2013","Black or African American","2054-5","Female","F","Unknown","99",43,Not Applicable,Not Applicable
,"Gonorrhea","280","2013","2013","Black or African American","2054-5","Male","M","0-14 years","0-14",325,4696131,6.92
,"Gonorrhea","280","2013","2013","Black or African American","2054-5","Male","M","15-19 years","15-19",13803,1656160,833.43
,"Gonorrhea","280","2013","2013","Black or African American","2054-5","Male","M","20-24 years","20-24",27563,1794159,1536.26
,"Gonorrhea","280","2013","2013","Black or African American","2054-5","Male","M","25-29 years","25-29",15870,1442576,1100.12
,"Gonorrhea","280","2013","2013","Black or African American","2054-5","Male","M","30-34 years","30-34",8582,1341923,639.53
,"Gonorrhea","280","2013","2013","Black or African American","2054-5","Male","M","35-39 years","35-39",4711,1199943,392.60
,"Gonorrhea","280","2013","2013","Black or African American","2054-5","Male","M","40+ years","40+",7942,7379380,107.62
,"Gonorrhea","280","2013","2013","Black or African American","2054-5","Male","M","Unknown","99",55,Not Applicable,Not Applicable
,"Gonorrhea","280","2013","2013","Black or African American","2054-5","Unknown","U","0-14 years","0-14",3,Not Applicable,Not Applicable
,"Gonorrhea","280","2013","2013","Black or African American","2054-5","Unknown","U","15-19 years","15-19",32,Not Applicable,Not Applicable
,"Gonorrhea","280","2013","2013","Black or African American","2054-5","Unknown","U","20-24 years","20-24",42,Not Applicable,Not Applicable
,"Gonorrhea","280","2013","2013","Black or African American","2054-5","Unknown","U","25-29 years","25-29",14,Not Applicable,Not Applicable
,"Gonorrhea","280","2013","2013","Black or African American","2054-5","Unknown","U","30-34 years","30-34",7,Not Applicable,Not Applicable
,"Gonorrhea","280","2013","2013","Black or African American","2054-5","Unknown","U","35-39 years","35-39",3,Not Applicable,Not Applicable
,"Gonorrhea","280","2013","2013","Black or African American","2054-5","Unknown","U","40+ years","40+",10,Not Applicable,Not Applicable
,"Gonorrhea","280","2013","2013","Hispanic","Hispanic","Female","F","0-14 years","0-14",169,7353615,2.30
,"Gonorrhea","280","2013","2013","Hispanic","Hispanic","Female","F","15-19 years","15-19",4158,2231682,186.32
,"Gonorrhea","280","2013","2013","Hispanic","Hispanic","Female","F","20-24 years","20-24",5477,2217120,247.03
,"Gonorrhea","280","2013","2013","Hispanic","Hispanic","Female","F","25-29 years","25-29",2887,2051037,140.76
,"Gonorrhea","280","2013","2013","Hispanic","Hispanic","Female","F","30-34 years","30-34",1448,2072946,69.85
,"Gonorrhea","280","2013","2013","Hispanic","Hispanic","Female","F","35-39 years","35-39",722,1958877,36.86
,"Gonorrhea","280","2013","2013","Hispanic","Hispanic","Female","F","40+ years","40+",711,8725201,8.15
,"Gonorrhea","280","2013","2013","Hispanic","Hispanic","Female","F","Unknown","99",15,Not Applicable,Not Applicable
,"Gonorrhea","280","2013","2013","Hispanic","Hispanic","Male","M","0-14 years","0-14",49,7658650,0.64
,"Gonorrhea","280","2013","2013","Hispanic","Hispanic","Male","M","15-19 years","15-19",2314,2367336,97.75
,"Gonorrhea","280","2013","2013","Hispanic","Hispanic","Male","M","20-24 years","20-24",5911,2458793,240.40
,"Gonorrhea","280","2013","2013","Hispanic","Hispanic","Male","M","25-29 years","25-29",4366,2344707,186.21
,"Gonorrhea","280","2013","2013","Hispanic","Hispanic","Male","M","30-34 years","30-34",2696,2293531,117.55
,"Gonorrhea","280","2013","2013","Hispanic","Hispanic","Male","M","35-39 years","35-39",1527,2085058,73.24
,"Gonorrhea","280","2013","2013","Hispanic","Hispanic","Male","M","40+ years","40+",2082,8252817,25.23
,"Gonorrhea","280","2013","2013","Hispanic","Hispanic","Male","M","Unknown","99",30,Not Applicable,Not Applicable
,"Gonorrhea","280","2013","2013","Hispanic","Hispanic","Unknown","U","15-19 years","15-19",14,Not Applicable,Not Applicable
,"Gonorrhea","280","2013","2013","Hispanic","Hispanic","Unknown","U","20-24 years","20-24",33,Not Applicable,Not Applicable
,"Gonorrhea","280","2013","2013","Hispanic","Hispanic","Unknown","U","25-29 years","25-29",19,Not Applicable,Not Applicable
,"Gonorrhea","280","2013","2013","Hispanic","Hispanic","Unknown","U","30-34 years","30-34",9,Not Applicable,Not Applicable
,"Gonorrhea","280","2013","2013","Hispanic","Hispanic","Unknown","U","35-39 years","35-39",5,Not Applicable,Not Applicable
,"Gonorrhea","280","2013","2013","Hispanic","Hispanic","Unknown","U","40+ years","40+",11,Not Applicable,Not Applicable
,"Gonorrhea","280","2013","2013","Hispanic","Hispanic","Unknown","U","Unknown","99",2,Not Applicable,Not Applicable
,"Gonorrhea","280","2013","2013","White","2106-3","Female","F","0-14 years","0-14",278,16028561,1.73
,"Gonorrhea","280","2013","2013","White","2106-3","Female","F","15-19 years","15-19",7031,5832383,120.55
,"Gonorrhea","280","2013","2013","White","2106-3","Female","F","20-24 years","20-24",11249,6361813,176.82
,"Gonorrhea","280","2013","2013","White","2106-3","Female","F","25-29 years","25-29",6660,6208491,107.27
,"Gonorrhea","280","2013","2013","White","2106-3","Female","F","30-34 years","30-34",3591,6149466,58.40
,"Gonorrhea","280","2013","2013","White","2106-3","Female","F","35-39 years","35-39",1684,5673580,29.68
,"Gonorrhea","280","2013","2013","White","2106-3","Female","F","40+ years","40+",1899,55727294,3.41
,"Gonorrhea","280","2013","2013","White","2106-3","Female","F","Unknown","99",25,Not Applicable,Not Applicable
,"Gonorrhea","280","2013","2013","White","2106-3","Male","M","0-14 years","0-14",36,16856474,0.21
,"Gonorrhea","280","2013","2013","White","2106-3","Male","M","15-19 years","15-19",2455,6156891,39.87
,"Gonorrhea","280","2013","2013","White","2106-3","Male","M","20-24 years","20-24",8358,6637157,125.93
,"Gonorrhea","280","2013","2013","White","2106-3","Male","M","25-29 years","25-29",7059,6361222,110.97
,"Gonorrhea","280","2013","2013","White","2106-3","Male","M","30-34 years","30-34",4766,6250584,76.25
,"Gonorrhea","280","2013","2013","White","2106-3","Male","M","35-39 years","35-39",2680,5747969,46.63
,"Gonorrhea","280","2013","2013","White","2106-3","Male","M","40+ years","40+",7298,50926628,14.33
,"Gonorrhea","280","2013","2013","White","2106-3","Male","M","Unknown","99",35,Not Applicable,Not Applicable
,"Gonorrhea","280","2013","2013","White","2106-3","Unknown","U","15-19 years","15-19",9,Not Applicable,Not Applicable
,"Gonorrhea","280","2013","2013","White","2106-3","Unknown","U","20-24 years","20-24",15,Not Applicable,Not Applicable
,"Gonorrhea","280","2013","2013","White","2106-3","Unknown","U","25-29 years","25-29",18,Not Applicable,Not Applicable
,"Gonorrhea","280","2013","2013","White","2106-3","Unknown","U","30-34 years","30-34",12,Not Applicable,Not Applicable
,"Gonorrhea","280","2013","2013","White","2106-3","Unknown","U","35-39 years","35-39",6,Not Applicable,Not Applicable
,"Gonorrhea","280","2013","2013","White","2106-3","Unknown","U","40+ years","40+",11,Not Applicable,Not Applicable
,"Gonorrhea","280","2014","2014","Black or African American","2054-5","Female","F","0-14 years","0-14",1161,4539620,25.57
,"Gonorrhea","280","2014","2014","Black or African American","2054-5","Female","F","15-19 years","15-19",23630,1602497,1474.57
,"Gonorrhea","280","2014","2014","Black or African American","2054-5","Female","F","20-24 years","20-24",29720,1770138,1678.97
,"Gonorrhea","280","2014","2014","Black or African American","2054-5","Female","F","25-29 years","25-29",12030,1510526,796.41
,"Gonorrhea","280","2014","2014","Black or African American","2054-5","Female","F","30-34 years","30-34",4755,1470609,323.33
,"Gonorrhea","280","2014","2014","Black or African American","2054-5","Female","F","35-39 years","35-39",2112,1344139,157.13
,"Gonorrhea","280","2014","2014","Black or African American","2054-5","Female","F","40+ years","40+",1735,9054285,19.16
,"Gonorrhea","280","2014","2014","Black or African American","2054-5","Female","F","Unknown","99",26,Not Applicable,Not Applicable
,"Gonorrhea","280","2014","2014","Black or African American","2054-5","Male","M","0-14 years","0-14",253,4696131,5.39
,"Gonorrhea","280","2014","2014","Black or African American","2054-5","Male","M","15-19 years","15-19",12912,1656160,779.63
,"Gonorrhea","280","2014","2014","Black or African American","2054-5","Male","M","20-24 years","20-24",27528,1794159,1534.31
,"Gonorrhea","280","2014","2014","Black or African American","2054-5","Male","M","25-29 years","25-29",17321,1442576,1200.70
,"Gonorrhea","280","2014","2014","Black or African American","2054-5","Male","M","30-34 years","30-34",9167,1341923,683.12
,"Gonorrhea","280","2014","2014","Black or African American","2054-5","Male","M","35-39 years","35-39",4983,1199943,415.27
,"Gonorrhea","280","2014","2014","Black or African American","2054-5","Male","M","40+ years","40+",8327,7379380,112.84
,"Gonorrhea","280","2014","2014","Black or African American","2054-5","Male","M","Unknown","99",51,Not Applicable,Not Applicable
,"Gonorrhea","280","2014","2014","Black or African American","2054-5","Unknown","U","0-14 years","0-14",1,Not Applicable,Not Applicable
,"Gonorrhea","280","2014","2014","Black or African American","2054-5","Unknown","U","15-19 years","15-19",18,Not Applicable,Not Applicable
,"Gonorrhea","280","2014","2014","Black or African American","2054-5","Unknown","U","20-24 years","20-24",34,Not Applicable,Not Applicable
,"Gonorrhea","280","2014","2014","Black or African American","2054-5","Unknown","U","25-29 years","25-29",24,Not Applicable,Not Applicable
,"Gonorrhea","280","2014","2014","Black or African American","2054-5","Unknown","U","30-34 years","30-34",4,Not Applicable,Not Applicable
,"Gonorrhea","280","2014","2014","Black or African American","2054-5","Unknown","U","35-39 years","35-39",3,Not Applicable,Not Applicable
,"Gonorrhea","280","2014","2014","Black or African American","2054-5","Unknown","U","40+ years","40+",6,Not Applicable,Not Applicable
,"Gonorrhea","280","2014","2014","Black or African American","2054-5","Unknown","U","Unknown","99",2,Not Applicable,Not Applicable
,"Gonorrhea","280","2014","2014","Hispanic","Hispanic","Female","F","0-14 years","0-14",182,7353615,2.47
,"Gonorrhea","280","2014","2014","Hispanic","Hispanic","Female","F","15-19 years","15-19",4055,2231682,181.70
,"Gonorrhea","280","2014","2014","Hispanic","Hispanic","Female","F","20-24 years","20-24",5625,2217120,253.71
,"Gonorrhea","280","2014","2014","Hispanic","Hispanic","Female","F","25-29 years","25-29",3094,2051037,150.85
,"Gonorrhea","280","2014","2014","Hispanic","Hispanic","Female","F","30-34 years","30-34",1614,2072946,77.86
,"Gonorrhea","280","2014","2014","Hispanic","Hispanic","Female","F","35-39 years","35-39",796,1958877,40.64
,"Gonorrhea","280","2014","2014","Hispanic","Hispanic","Female","F","40+ years","40+",702,8725201,8.05
,"Gonorrhea","280","2014","2014","Hispanic","Hispanic","Female","F","Unknown","99",21,Not Applicable,Not Applicable
,"Gonorrhea","280","2014","2014","Hispanic","Hispanic","Male","M","0-14 years","0-14",55,7658650,0.72
,"Gonorrhea","280","2014","2014","Hispanic","Hispanic","Male","M","15-19 years","15-19",2540,2367336,107.29
,"Gonorrhea","280","2014","2014","Hispanic","Hispanic","Male","M","20-24 years","20-24",6685,2458793,271.88
,"Gonorrhea","280","2014","2014","Hispanic","Hispanic","Male","M","25-29 years","25-29",5298,2344707,225.96
,"Gonorrhea","280","2014","2014","Hispanic","Hispanic","Male","M","30-34 years","30-34",3370,2293531,146.94
,"Gonorrhea","280","2014","2014","Hispanic","Hispanic","Male","M","35-39 years","35-39",1942,2085058,93.14
,"Gonorrhea","280","2014","2014","Hispanic","Hispanic","Male","M","40+ years","40+",2617,8252817,31.71
,"Gonorrhea","280","2014","2014","Hispanic","Hispanic","Male","M","Unknown","99",29,Not Applicable,Not Applicable
,"Gonorrhea","280","2014","2014","Hispanic","Hispanic","Unknown","U","15-19 years","15-19",7,Not Applicable,Not Applicable
,"Gonorrhea","280","2014","2014","Hispanic","Hispanic","Unknown","U","20-24 years","20-24",13,Not Applicable,Not Applicable
,"Gonorrhea","280","2014","2014","Hispanic","Hispanic","Unknown","U","25-29 years","25-29",12,Not Applicable,Not Applicable
,"Gonorrhea","280","2014","2014","Hispanic","Hispanic","Unknown","U","30-34 years","30-34",10,Not Applicable,Not Applicable
,"Gonorrhea","280","2014","2014","Hispanic","Hispanic","Unknown","U","35-39 years","35-39",2,Not Applicable,Not Applicable
,"Gonorrhea","280","2014","2014","Hispanic","Hispanic","Unknown","U","40+ years","40+",3,Not Applicable,Not Applicable
,"Gonorrhea","280","2014","2014","White","2106-3","Female","F","0-14 years","0-14",254,16028561,1.58
,"Gonorrhea","280","2014","2014","White","2106-3","Female","F","15-19 years","15-19",6852,5832383,117.48
,"Gonorrhea","280","2014","2014","White","2106-3","Female","F","20-24 years","20-24",11589,6361813,182.16
,"Gonorrhea","280","2014","2014","White","2106-3","Female","F","25-29 years","25-29",7473,6208491,120.37
,"Gonorrhea","280","2014","2014","White","2106-3","Female","F","30-34 years","30-34",4025,6149466,65.45
,"Gonorrhea","280","2014","2014","White","2106-3","Female","F","35-39 years","35-39",1953,5673580,34.42
,"Gonorrhea","280","2014","2014","White","2106-3","Female","F","40+ years","40+",2259,55727294,4.05
,"Gonorrhea","280","2014","2014","White","2106-3","Female","F","Unknown","99",27,Not Applicable,Not Applicable
,"Gonorrhea","280","2014","2014","White","2106-3","Male","M","0-14 years","0-14",38,16856474,0.23
,"Gonorrhea","280","2014","2014","White","2106-3","Male","M","15-19 years","15-19",2713,6156891,44.06
,"Gonorrhea","280","2014","2014","White","2106-3","Male","M","20-24 years","20-24",9833,6637157,148.15
,"Gonorrhea","280","2014","2014","White","2106-3","Male","M","25-29 years","25-29",8838,6361222,138.94
,"Gonorrhea","280","2014","2014","White","2106-3","Male","M","30-34 years","30-34",6066,6250584,97.05
,"Gonorrhea","280","2014","2014","White","2106-3","Male","M","35-39 years","35-39",3599,5747969,62.61
,"Gonorrhea","280","2014","2014","White","2106-3","Male","M","40+ years","40+",8382,50926628,16.46
,"Gonorrhea","280","2014","2014","White","2106-3","Male","M","Unknown","99",29,Not Applicable,Not Applicable
,"Gonorrhea","280","2014","2014","White","2106-3","Unknown","U","15-19 years","15-19",7,Not Applicable,Not Applicable
,"Gonorrhea","280","2014","2014","White","2106-3","Unknown","U","20-24 years","20-24",13,Not Applicable,Not Applicable
,"Gonorrhea","280","2014","2014","White","2106-3","Unknown","U","25-29 years","25-29",5,Not Applicable,Not Applicable
,"Gonorrhea","280","2014","2014","White","2106-3","Unknown","U","30-34 years","30-34",3,Not Applicable,Not Applicable
,"Gonorrhea","280","2014","2014","White","2106-3","Unknown","U","35-39 years","35-39",4,Not Applicable,Not Applicable
,"Gonorrhea","280","2014","2014","White","2106-3","Unknown","U","40+ years","40+",5,Not Applicable,Not Applicable
,"Primary and Secondary Syphilis","310","1996","1996","Black or African American","2054-5","Female","F","0-14 years","0-14",40,4455882,0.90
,"Primary and Secondary Syphilis","310","1996","1996","Black or African American","2054-5","Female","F","15-19 years","15-19",599,1395257,42.93
,"Primary and Secondary Syphilis","310","1996","1996","Black or African American","2054-5","Female","F","20-24 years","20-24",869,1283310,67.72
,"Primary and Secondary Syphilis","310","1996","1996","Black or African American","2054-5","Female","F","25-29 years","25-29",815,1343795,60.65
,"Primary and Secondary Syphilis","310","1996","1996","Black or African American","2054-5","Female","F","30-34 years","30-34",831,1455721,57.09
,"Primary and Secondary Syphilis","310","1996","1996","Black or African American","2054-5","Female","F","35-39 years","35-39",699,1467518,47.63
,"Primary and Secondary Syphilis","310","1996","1996","Black or African American","2054-5","Female","F","40+ years","40+",599,5973474,10.03
,"Primary and Secondary Syphilis","310","1996","1996","Black or African American","2054-5","Female","F","Unknown","99",6,Not Applicable,Not Applicable
,"Primary and Secondary Syphilis","310","1996","1996","Black or African American","2054-5","Male","M","0-14 years","0-14",8,4581057,0.17
,"Primary and Secondary Syphilis","310","1996","1996","Black or African American","2054-5","Male","M","15-19 years","15-19",330,1423559,23.18
,"Primary and Secondary Syphilis","310","1996","1996","Black or African American","2054-5","Male","M","20-24 years","20-24",758,1223130,61.97
,"Primary and Secondary Syphilis","310","1996","1996","Black or African American","2054-5","Male","M","25-29 years","25-29",725,1209484,59.94
,"Primary and Secondary Syphilis","310","1996","1996","Black or African American","2054-5","Male","M","30-34 years","30-34",824,1290953,63.83
,"Primary and Secondary Syphilis","310","1996","1996","Black or African American","2054-5","Male","M","35-39 years","35-39",842,1288745,65.33
,"Primary and Secondary Syphilis","310","1996","1996","Black or African American","2054-5","Male","M","40+ years","40+",1403,4617669,30.38
,"Primary and Secondary Syphilis","310","1996","1996","Black or African American","2054-5","Male","M","Unknown","99",4,Not Applicable,Not Applicable
,"Primary and Secondary Syphilis","310","1996","1996","Hispanic","Hispanic","Female","F","0-14 years","0-14",3,4295763,0.07
,"Primary and Secondary Syphilis","310","1996","1996","Hispanic","Hispanic","Female","F","15-19 years","15-19",25,1246751,2.01
,"Primary and Secondary Syphilis","310","1996","1996","Hispanic","Hispanic","Female","F","20-24 years","20-24",41,1249083,3.28
,"Primary and Secondary Syphilis","310","1996","1996","Hispanic","Hispanic","Female","F","25-29 years","25-29",28,1309294,2.14
,"Primary and Secondary Syphilis","310","1996","1996","Hispanic","Hispanic","Female","F","30-34 years","30-34",22,1303547,1.69
,"Primary and Secondary Syphilis","310","1996","1996","Hispanic","Hispanic","Female","F","35-39 years","35-39",22,1126663,1.95
,"Primary and Secondary Syphilis","310","1996","1996","Hispanic","Hispanic","Female","F","40+ years","40+",24,3753677,0.64
,"Primary and Secondary Syphilis","310","1996","1996","Hispanic","Hispanic","Female","F","Unknown","99",2,Not Applicable,Not Applicable
,"Primary and Secondary Syphilis","310","1996","1996","Hispanic","Hispanic","Male","M","15-19 years","15-19",18,1396260,1.29
,"Primary and Secondary Syphilis","310","1996","1996","Hispanic","Hispanic","Male","M","20-24 years","20-24",62,1461974,4.24
,"Primary and Secondary Syphilis","310","1996","1996","Hispanic","Hispanic","Male","M","25-29 years","25-29",70,1550982,4.51
,"Primary and Secondary Syphilis","310","1996","1996","Hispanic","Hispanic","Male","M","30-34 years","30-34",60,1474519,4.07
,"Primary and Secondary Syphilis","310","1996","1996","Hispanic","Hispanic","Male","M","35-39 years","35-39",54,1213704,4.45
,"Primary and Secondary Syphilis","310","1996","1996","Hispanic","Hispanic","Male","M","40+ years","40+",72,3396245,2.12
,"Primary and Secondary Syphilis","310","1996","1996","White","2106-3","Female","F","0-14 years","0-14",4,17987688,0.02
,"Primary and Secondary Syphilis","310","1996","1996","White","2106-3","Female","F","15-19 years","15-19",77,5909549,1.30
,"Primary and Secondary Syphilis","310","1996","1996","White","2106-3","Female","F","20-24 years","20-24",117,5578966,2.10
,"Primary and Secondary Syphilis","310","1996","1996","White","2106-3","Female","F","25-29 years","25-29",110,6493968,1.69
,"Primary and Secondary Syphilis","310","1996","1996","White","2106-3","Female","F","30-34 years","30-34",91,7447655,1.22
,"Primary and Secondary Syphilis","310","1996","1996","White","2106-3","Female","F","35-39 years","35-39",93,8096825,1.15
,"Primary and Secondary Syphilis","310","1996","1996","White","2106-3","Female","F","40+ years","40+",84,45934570,0.18
,"Primary and Secondary Syphilis","310","1996","1996","White","2106-3","Female","F","Unknown","99",1,Not Applicable,Not Applicable
,"Primary and Secondary Syphilis","310","1996","1996","White","2106-3","Male","M","15-19 years","15-19",27,6241272,0.43
,"Primary and Secondary Syphilis","310","1996","1996","White","2106-3","Male","M","20-24 years","20-24",40,5749923,0.70
,"Primary and Secondary Syphilis","310","1996","1996","White","2106-3","Male","M","25-29 years","25-29",94,6551450,1.43
,"Primary and Secondary Syphilis","310","1996","1996","White","2106-3","Male","M","30-34 years","30-34",99,7542165,1.31
,"Primary and Secondary Syphilis","310","1996","1996","White","2106-3","Male","M","35-39 years","35-39",106,8143943,1.30
,"Primary and Secondary Syphilis","310","1996","1996","White","2106-3","Male","M","40+ years","40+",221,39865913,0.55
,"Primary and Secondary Syphilis","310","1996","1996","White","2106-3","Male","M","Unknown","99",1,Not Applicable,Not Applicable
,"Primary and Secondary Syphilis","310","1997","1997","Black or African American","2054-5","Female","F","0-14 years","0-14",38,4470733,0.85
,"Primary and Secondary Syphilis","310","1997","1997","Black or African American","2054-5","Female","F","15-19 years","15-19",431,1418010,30.39
,"Primary and Secondary Syphilis","310","1997","1997","Black or African American","2054-5","Female","F","20-24 years","20-24",583,1277083,45.65
,"Primary and Secondary Syphilis","310","1997","1997","Black or African American","2054-5","Female","F","25-29 years","25-29",597,1349698,44.23
,"Primary and Secondary Syphilis","310","1997","1997","Black or African American","2054-5","Female","F","30-34 years","30-34",580,1427928,40.62
,"Primary and Secondary Syphilis","310","1997","1997","Black or African American","2054-5","Female","F","35-39 years","35-39",499,1475008,33.83
,"Primary and Secondary Syphilis","310","1997","1997","Black or African American","2054-5","Female","F","40+ years","40+",453,6141259,7.38
,"Primary and Secondary Syphilis","310","1997","1997","Black or African American","2054-5","Female","F","Unknown","99",6,Not Applicable,Not Applicable
,"Primary and Secondary Syphilis","310","1997","1997","Black or African American","2054-5","Male","M","0-14 years","0-14",8,4600504,0.17
,"Primary and Secondary Syphilis","310","1997","1997","Black or African American","2054-5","Male","M","15-19 years","15-19",206,1445980,14.25
,"Primary and Secondary Syphilis","310","1997","1997","Black or African American","2054-5","Male","M","20-24 years","20-24",504,1213088,41.55
,"Primary and Secondary Syphilis","310","1997","1997","Black or African American","2054-5","Male","M","25-29 years","25-29",550,1215172,45.26
,"Primary and Secondary Syphilis","310","1997","1997","Black or African American","2054-5","Male","M","30-34 years","30-34",614,1267819,48.43
,"Primary and Secondary Syphilis","310","1997","1997","Black or African American","2054-5","Male","M","35-39 years","35-39",613,1296078,47.30
,"Primary and Secondary Syphilis","310","1997","1997","Black or African American","2054-5","Male","M","40+ years","40+",1176,4769075,24.66
,"Primary and Secondary Syphilis","310","1997","1997","Black or African American","2054-5","Male","M","Unknown","99",8,Not Applicable,Not Applicable
,"Primary and Secondary Syphilis","310","1997","1997","Hispanic","Hispanic","Female","F","0-14 years","0-14",2,4463906,0.04
,"Primary and Secondary Syphilis","310","1997","1997","Hispanic","Hispanic","Female","F","15-19 years","15-19",31,1301471,2.38
,"Primary and Secondary Syphilis","310","1997","1997","Hispanic","Hispanic","Female","F","20-24 years","20-24",26,1312572,1.98
,"Primary and Secondary Syphilis","310","1997","1997","Hispanic","Hispanic","Female","F","25-29 years","25-29",25,1356096,1.84
,"Primary and Secondary Syphilis","310","1997","1997","Hispanic","Hispanic","Female","F","30-34 years","30-34",22,1341324,1.64
,"Primary and Secondary Syphilis","310","1997","1997","Hispanic","Hispanic","Female","F","35-39 years","35-39",12,1174737,1.02
,"Primary and Secondary Syphilis","310","1997","1997","Hispanic","Hispanic","Female","F","40+ years","40+",24,3935636,0.61
,"Primary and Secondary Syphilis","310","1997","1997","Hispanic","Hispanic","Male","M","0-14 years","0-14",1,4665605,0.02
,"Primary and Secondary Syphilis","310","1997","1997","Hispanic","Hispanic","Male","M","15-19 years","15-19",23,1467945,1.57
,"Primary and Secondary Syphilis","310","1997","1997","Hispanic","Hispanic","Male","M","20-24 years","20-24",52,1541789,3.37
,"Primary and Secondary Syphilis","310","1997","1997","Hispanic","Hispanic","Male","M","25-29 years","25-29",74,1602239,4.62
,"Primary and Secondary Syphilis","310","1997","1997","Hispanic","Hispanic","Male","M","30-34 years","30-34",50,1521561,3.29
,"Primary and Secondary Syphilis","310","1997","1997","Hispanic","Hispanic","Male","M","35-39 years","35-39",36,1270110,2.83
,"Primary and Secondary Syphilis","310","1997","1997","Hispanic","Hispanic","Male","M","40+ years","40+",68,3573546,1.90
,"Primary and Secondary Syphilis","310","1997","1997","Hispanic","Hispanic","Male","M","Unknown","99",2,Not Applicable,Not Applicable
,"Primary and Secondary Syphilis","310","1997","1997","White","2106-3","Female","F","0-14 years","0-14",4,17646132,0.02
,"Primary and Secondary Syphilis","310","1997","1997","White","2106-3","Female","F","15-19 years","15-19",53,5928039,0.89
,"Primary and Secondary Syphilis","310","1997","1997","White","2106-3","Female","F","20-24 years","20-24",64,5420331,1.18
,"Primary and Secondary Syphilis","310","1997","1997","White","2106-3","Female","F","25-29 years","25-29",74,6314015,1.17
,"Primary and Secondary Syphilis","310","1997","1997","White","2106-3","Female","F","30-34 years","30-34",86,7054288,1.22
,"Primary and Secondary Syphilis","310","1997","1997","White","2106-3","Female","F","35-39 years","35-39",94,7932401,1.19
,"Primary and Secondary Syphilis","310","1997","1997","White","2106-3","Female","F","40+ years","40+",66,45834391,0.14
,"Primary and Secondary Syphilis","310","1997","1997","White","2106-3","Female","F","Unknown","99",1,Not Applicable,Not Applicable
,"Primary and Secondary Syphilis","310","1997","1997","White","2106-3","Male","M","15-19 years","15-19",16,6244314,0.26
,"Primary and Secondary Syphilis","310","1997","1997","White","2106-3","Male","M","20-24 years","20-24",43,5579493,0.77
,"Primary and Secondary Syphilis","310","1997","1997","White","2106-3","Male","M","25-29 years","25-29",63,6372751,0.99
,"Primary and Secondary Syphilis","310","1997","1997","White","2106-3","Male","M","30-34 years","30-34",70,7138619,0.98
,"Primary and Secondary Syphilis","310","1997","1997","White","2106-3","Male","M","35-39 years","35-39",95,7975497,1.19
,"Primary and Secondary Syphilis","310","1997","1997","White","2106-3","Male","M","40+ years","40+",216,39950034,0.54
,"Primary and Secondary Syphilis","310","1998","1998","Black or African American","2054-5","Female","F","0-14 years","0-14",34,4530470,0.75
,"Primary and Secondary Syphilis","310","1998","1998","Black or African American","2054-5","Female","F","15-19 years","15-19",334,1449710,23.04
,"Primary and Secondary Syphilis","310","1998","1998","Black or African American","2054-5","Female","F","20-24 years","20-24",408,1293145,31.55
,"Primary and Secondary Syphilis","310","1998","1998","Black or African American","2054-5","Female","F","25-29 years","25-29",391,1355480,28.85
,"Primary and Secondary Syphilis","310","1998","1998","Black or African American","2054-5","Female","F","30-34 years","30-34",451,1413850,31.90
,"Primary and Secondary Syphilis","310","1998","1998","Black or African American","2054-5","Female","F","35-39 years","35-39",393,1492233,26.34
,"Primary and Secondary Syphilis","310","1998","1998","Black or African American","2054-5","Female","F","40+ years","40+",455,6347128,7.17
,"Primary and Secondary Syphilis","310","1998","1998","Black or African American","2054-5","Female","F","Unknown","99",7,Not Applicable,Not Applicable
,"Primary and Secondary Syphilis","310","1998","1998","Black or African American","2054-5","Male","M","0-14 years","0-14",6,4666203,0.13
,"Primary and Secondary Syphilis","310","1998","1998","Black or African American","2054-5","Male","M","15-19 years","15-19",160,1479674,10.81
,"Primary and Secondary Syphilis","310","1998","1998","Black or African American","2054-5","Male","M","20-24 years","20-24",413,1226692,33.67
,"Primary and Secondary Syphilis","310","1998","1998","Black or African American","2054-5","Male","M","25-29 years","25-29",374,1222195,30.60
,"Primary and Secondary Syphilis","310","1998","1998","Black or African American","2054-5","Male","M","30-34 years","30-34",468,1258698,37.18
,"Primary and Secondary Syphilis","310","1998","1998","Black or African American","2054-5","Male","M","35-39 years","35-39",508,1315211,38.62
,"Primary and Secondary Syphilis","310","1998","1998","Black or African American","2054-5","Male","M","40+ years","40+",1006,4957988,20.29
,"Primary and Secondary Syphilis","310","1998","1998","Black or African American","2054-5","Male","M","Unknown","99",4,Not Applicable,Not Applicable
,"Primary and Secondary Syphilis","310","1998","1998","Hispanic","Hispanic","Female","F","0-14 years","0-14",1,4680410,0.02
,"Primary and Secondary Syphilis","310","1998","1998","Hispanic","Hispanic","Female","F","15-19 years","15-19",26,1368443,1.90
,"Primary and Secondary Syphilis","310","1998","1998","Hispanic","Hispanic","Female","F","20-24 years","20-24",21,1388673,1.51
,"Primary and Secondary Syphilis","310","1998","1998","Hispanic","Hispanic","Female","F","25-29 years","25-29",33,1428286,2.31
,"Primary and Secondary Syphilis","310","1998","1998","Hispanic","Hispanic","Female","F","30-34 years","30-34",10,1377923,0.73
,"Primary and Secondary Syphilis","310","1998","1998","Hispanic","Hispanic","Female","F","35-39 years","35-39",18,1237713,1.45
,"Primary and Secondary Syphilis","310","1998","1998","Hispanic","Hispanic","Female","F","40+ years","40+",24,4159516,0.58
,"Primary and Secondary Syphilis","310","1998","1998","Hispanic","Hispanic","Male","M","15-19 years","15-19",16,1548851,1.03
,"Primary and Secondary Syphilis","310","1998","1998","Hispanic","Hispanic","Male","M","20-24 years","20-24",51,1646416,3.10
,"Primary and Secondary Syphilis","310","1998","1998","Hispanic","Hispanic","Male","M","25-29 years","25-29",64,1680968,3.81
,"Primary and Secondary Syphilis","310","1998","1998","Hispanic","Hispanic","Male","M","30-34 years","30-34",52,1568513,3.32
,"Primary and Secondary Syphilis","310","1998","1998","Hispanic","Hispanic","Male","M","35-39 years","35-39",45,1342076,3.35
,"Primary and Secondary Syphilis","310","1998","1998","Hispanic","Hispanic","Male","M","40+ years","40+",83,3794721,2.19
,"Primary and Secondary Syphilis","310","1998","1998","White","2106-3","Female","F","0-14 years","0-14",5,17578672,0.03
,"Primary and Secondary Syphilis","310","1998","1998","White","2106-3","Female","F","15-19 years","15-19",42,6033219,0.70
,"Primary and Secondary Syphilis","310","1998","1998","White","2106-3","Female","F","20-24 years","20-24",73,5458180,1.34
,"Primary and Secondary Syphilis","310","1998","1998","White","2106-3","Female","F","25-29 years","25-29",78,6181791,1.26
,"Primary and Secondary Syphilis","310","1998","1998","White","2106-3","Female","F","30-34 years","30-34",66,6791742,0.97
,"Primary and Secondary Syphilis","310","1998","1998","White","2106-3","Female","F","35-39 years","35-39",66,7855536,0.84
,"Primary and Secondary Syphilis","310","1998","1998","White","2106-3","Female","F","40+ years","40+",58,46641695,0.12
,"Primary and Secondary Syphilis","310","1998","1998","White","2106-3","Female","F","Unknown","99",1,Not Applicable,Not Applicable
,"Primary and Secondary Syphilis","310","1998","1998","White","2106-3","Male","M","15-19 years","15-19",10,6345479,0.16
,"Primary and Secondary Syphilis","310","1998","1998","White","2106-3","Male","M","20-24 years","20-24",30,5616272,0.53
,"Primary and Secondary Syphilis","310","1998","1998","White","2106-3","Male","M","25-29 years","25-29",49,6249182,0.78
,"Primary and Secondary Syphilis","310","1998","1998","White","2106-3","Male","M","30-34 years","30-34",72,6880801,1.05
,"Primary and Secondary Syphilis","310","1998","1998","White","2106-3","Male","M","35-39 years","35-39",101,7898946,1.28
,"Primary and Secondary Syphilis","310","1998","1998","White","2106-3","Male","M","40+ years","40+",254,40827835,0.62
,"Primary and Secondary Syphilis","310","1998","1998","White","2106-3","Male","M","Unknown","99",3,Not Applicable,Not Applicable
,"Primary and Secondary Syphilis","310","1999","1999","Black or African American","2054-5","Female","F","0-14 years","0-14",25,4583380,0.55
,"Primary and Secondary Syphilis","310","1999","1999","Black or African American","2054-5","Female","F","15-19 years","15-19",280,1461740,19.16
,"Primary and Secondary Syphilis","310","1999","1999","Black or African American","2054-5","Female","F","20-24 years","20-24",327,1325589,24.67
,"Primary and Secondary Syphilis","310","1999","1999","Black or African American","2054-5","Female","F","25-29 years","25-29",372,1352875,27.50
,"Primary and Secondary Syphilis","310","1999","1999","Black or African American","2054-5","Female","F","30-34 years","30-34",380,1388854,27.36
,"Primary and Secondary Syphilis","310","1999","1999","Black or African American","2054-5","Female","F","35-39 years","35-39",375,1501978,24.97
,"Primary and Secondary Syphilis","310","1999","1999","Black or African American","2054-5","Female","F","40+ years","40+",359,6557258,5.47
,"Primary and Secondary Syphilis","310","1999","1999","Black or African American","2054-5","Female","F","Unknown","99",3,Not Applicable,Not Applicable
,"Primary and Secondary Syphilis","310","1999","1999","Black or African American","2054-5","Male","M","0-14 years","0-14",3,4725486,0.06
,"Primary and Secondary Syphilis","310","1999","1999","Black or African American","2054-5","Male","M","15-19 years","15-19",137,1492352,9.18
,"Primary and Secondary Syphilis","310","1999","1999","Black or African American","2054-5","Male","M","20-24 years","20-24",371,1254253,29.58
,"Primary and Secondary Syphilis","310","1999","1999","Black or African American","2054-5","Male","M","25-29 years","25-29",349,1219999,28.61
,"Primary and Secondary Syphilis","310","1999","1999","Black or African American","2054-5","Male","M","30-34 years","30-34",392,1241293,31.58
,"Primary and Secondary Syphilis","310","1999","1999","Black or African American","2054-5","Male","M","35-39 years","35-39",489,1327689,36.83
,"Primary and Secondary Syphilis","310","1999","1999","Black or African American","2054-5","Male","M","40+ years","40+",959,5147823,18.63
,"Primary and Secondary Syphilis","310","1999","1999","Black or African American","2054-5","Male","M","Unknown","99",7,Not Applicable,Not Applicable
,"Primary and Secondary Syphilis","310","1999","1999","Hispanic","Hispanic","Female","F","0-14 years","0-14",1,4859132,0.02
,"Primary and Secondary Syphilis","310","1999","1999","Hispanic","Hispanic","Female","F","15-19 years","15-19",19,1412257,1.35
,"Primary and Secondary Syphilis","310","1999","1999","Hispanic","Hispanic","Female","F","20-24 years","20-24",34,1447426,2.35
,"Primary and Secondary Syphilis","310","1999","1999","Hispanic","Hispanic","Female","F","25-29 years","25-29",26,1479117,1.76
,"Primary and Secondary Syphilis","310","1999","1999","Hispanic","Hispanic","Female","F","30-34 years","30-34",24,1402574,1.71
,"Primary and Secondary Syphilis","310","1999","1999","Hispanic","Hispanic","Female","F","35-39 years","35-39",12,1287124,0.93
,"Primary and Secondary Syphilis","310","1999","1999","Hispanic","Hispanic","Female","F","40+ years","40+",20,4362133,0.46
,"Primary and Secondary Syphilis","310","1999","1999","Hispanic","Hispanic","Male","M","0-14 years","0-14",1,5080293,0.02
,"Primary and Secondary Syphilis","310","1999","1999","Hispanic","Hispanic","Male","M","15-19 years","15-19",24,1604179,1.50
,"Primary and Secondary Syphilis","310","1999","1999","Hispanic","Hispanic","Male","M","20-24 years","20-24",74,1745460,4.24
,"Primary and Secondary Syphilis","310","1999","1999","Hispanic","Hispanic","Male","M","25-29 years","25-29",64,1732916,3.69
,"Primary and Secondary Syphilis","310","1999","1999","Hispanic","Hispanic","Male","M","30-34 years","30-34",68,1603627,4.24
,"Primary and Secondary Syphilis","310","1999","1999","Hispanic","Hispanic","Male","M","35-39 years","35-39",53,1400526,3.78
,"Primary and Secondary Syphilis","310","1999","1999","Hispanic","Hispanic","Male","M","40+ years","40+",100,3995820,2.50
,"Primary and Secondary Syphilis","310","1999","1999","Hispanic","Hispanic","Male","M","Unknown","99",1,Not Applicable,Not Applicable
,"Primary and Secondary Syphilis","310","1999","1999","Hispanic","Hispanic","Unknown","U","35-39 years","35-39",1,Not Applicable,Not Applicable
,"Primary and Secondary Syphilis","310","1999","1999","White","2106-3","Female","F","0-14 years","0-14",4,17482369,0.02
,"Primary and Secondary Syphilis","310","1999","1999","White","2106-3","Female","F","15-19 years","15-19",32,6057681,0.53
,"Primary and Secondary Syphilis","310","1999","1999","White","2106-3","Female","F","20-24 years","20-24",72,5512196,1.31
,"Primary and Secondary Syphilis","310","1999","1999","White","2106-3","Female","F","25-29 years","25-29",69,5983135,1.15
,"Primary and Secondary Syphilis","310","1999","1999","White","2106-3","Female","F","30-34 years","30-34",68,6594698,1.03
,"Primary and Secondary Syphilis","310","1999","1999","White","2106-3","Female","F","35-39 years","35-39",74,7777128,0.95
,"Primary and Secondary Syphilis","310","1999","1999","White","2106-3","Female","F","40+ years","40+",96,47628540,0.20
,"Primary and Secondary Syphilis","310","1999","1999","White","2106-3","Female","F","Unknown","99",2,Not Applicable,Not Applicable
,"Primary and Secondary Syphilis","310","1999","1999","White","2106-3","Male","M","0-14 years","0-14",1,18456158,0.01
,"Primary and Secondary Syphilis","310","1999","1999","White","2106-3","Male","M","15-19 years","15-19",16,6365086,0.25
,"Primary and Secondary Syphilis","310","1999","1999","White","2106-3","Male","M","20-24 years","20-24",45,5659788,0.80
,"Primary and Secondary Syphilis","310","1999","1999","White","2106-3","Male","M","25-29 years","25-29",65,6055859,1.07
,"Primary and Secondary Syphilis","310","1999","1999","White","2106-3","Male","M","30-34 years","30-34",93,6677921,1.39
,"Primary and Secondary Syphilis","310","1999","1999","White","2106-3","Male","M","35-39 years","35-39",108,7805278,1.38
,"Primary and Secondary Syphilis","310","1999","1999","White","2106-3","Male","M","40+ years","40+",249,41821908,0.60
,"Primary and Secondary Syphilis","310","1999","1999","White","2106-3","Male","M","Unknown","99",2,Not Applicable,Not Applicable
,"Primary and Secondary Syphilis","310","2000","2000","Black or African American","2054-5","Female","F","0-14 years","0-14",16,4603141,0.35
,"Primary and Secondary Syphilis","310","2000","2000","Black or African American","2054-5","Female","F","15-19 years","15-19",233,1462162,15.94
,"Primary and Secondary Syphilis","310","2000","2000","Black or African American","2054-5","Female","F","20-24 years","20-24",339,1365803,24.82
,"Primary and Secondary Syphilis","310","2000","2000","Black or African American","2054-5","Female","F","25-29 years","25-29",286,1327969,21.54
,"Primary and Secondary Syphilis","310","2000","2000","Black or African American","2054-5","Female","F","30-34 years","30-34",308,1383025,22.27
,"Primary and Secondary Syphilis","310","2000","2000","Black or African American","2054-5","Female","F","35-39 years","35-39",285,1495568,19.06
,"Primary and Secondary Syphilis","310","2000","2000","Black or African American","2054-5","Female","F","40+ years","40+",364,6740498,5.40
,"Primary and Secondary Syphilis","310","2000","2000","Black or African American","2054-5","Male","M","0-14 years","0-14",2,4750169,0.04
,"Primary and Secondary Syphilis","310","2000","2000","Black or African American","2054-5","Male","M","15-19 years","15-19",127,1495561,8.49
,"Primary and Secondary Syphilis","310","2000","2000","Black or African American","2054-5","Male","M","20-24 years","20-24",301,1292919,23.28
,"Primary and Secondary Syphilis","310","2000","2000","Black or African American","2054-5","Male","M","25-29 years","25-29",328,1200225,27.33
,"Primary and Secondary Syphilis","310","2000","2000","Black or African American","2054-5","Male","M","30-34 years","30-34",331,1238609,26.72
,"Primary and Secondary Syphilis","310","2000","2000","Black or African American","2054-5","Male","M","35-39 years","35-39",358,1322548,27.07
,"Primary and Secondary Syphilis","310","2000","2000","Black or African American","2054-5","Male","M","40+ years","40+",843,5317329,15.85
,"Primary and Secondary Syphilis","310","2000","2000","Black or African American","2054-5","Male","M","Unknown","99",2,Not Applicable,Not Applicable
,"Primary and Secondary Syphilis","310","2000","2000","Hispanic","Hispanic","Female","F","0-14 years","0-14",1,5077700,0.02
,"Primary and Secondary Syphilis","310","2000","2000","Hispanic","Hispanic","Female","F","15-19 years","15-19",19,1461006,1.30
,"Primary and Secondary Syphilis","310","2000","2000","Hispanic","Hispanic","Female","F","20-24 years","20-24",35,1521124,2.30
,"Primary and Secondary Syphilis","310","2000","2000","Hispanic","Hispanic","Female","F","25-29 years","25-29",26,1548378,1.68
,"Primary and Secondary Syphilis","310","2000","2000","Hispanic","Hispanic","Female","F","30-34 years","30-34",22,1457939,1.51
,"Primary and Secondary Syphilis","310","2000","2000","Hispanic","Hispanic","Female","F","35-39 years","35-39",31,1347835,2.30
,"Primary and Secondary Syphilis","310","2000","2000","Hispanic","Hispanic","Female","F","40+ years","40+",25,4642786,0.54
,"Primary and Secondary Syphilis","310","2000","2000","Hispanic","Hispanic","Male","M","15-19 years","15-19",20,1655145,1.21
,"Primary and Secondary Syphilis","310","2000","2000","Hispanic","Hispanic","Male","M","20-24 years","20-24",65,1862553,3.49
,"Primary and Secondary Syphilis","310","2000","2000","Hispanic","Hispanic","Male","M","25-29 years","25-29",79,1820291,4.34
,"Primary and Secondary Syphilis","310","2000","2000","Hispanic","Hispanic","Male","M","30-34 years","30-34",68,1668206,4.08
,"Primary and Secondary Syphilis","310","2000","2000","Hispanic","Hispanic","Male","M","35-39 years","35-39",78,1473878,5.29
,"Primary and Secondary Syphilis","310","2000","2000","Hispanic","Hispanic","Male","M","40+ years","40+",81,4277674,1.89
,"Primary and Secondary Syphilis","310","2000","2000","White","2106-3","Female","F","0-14 years","0-14",2,17173894,0.01
,"Primary and Secondary Syphilis","310","2000","2000","White","2106-3","Female","F","15-19 years","15-19",35,5981806,0.59
,"Primary and Secondary Syphilis","310","2000","2000","White","2106-3","Female","F","20-24 years","20-24",68,5551566,1.22
,"Primary and Secondary Syphilis","310","2000","2000","White","2106-3","Female","F","25-29 years","25-29",51,5678053,0.90
,"Primary and Secondary Syphilis","310","2000","2000","White","2106-3","Female","F","30-34 years","30-34",61,6426088,0.95
,"Primary and Secondary Syphilis","310","2000","2000","White","2106-3","Female","F","35-39 years","35-39",71,7495714,0.95
,"Primary and Secondary Syphilis","310","2000","2000","White","2106-3","Female","F","40+ years","40+",89,47734930,0.19
,"Primary and Secondary Syphilis","310","2000","2000","White","2106-3","Male","M","15-19 years","15-19",11,6282240,0.18
,"Primary and Secondary Syphilis","310","2000","2000","White","2106-3","Male","M","20-24 years","20-24",39,5688037,0.69
,"Primary and Secondary Syphilis","310","2000","2000","White","2106-3","Male","M","25-29 years","25-29",89,5762959,1.54
,"Primary and Secondary Syphilis","310","2000","2000","White","2106-3","Male","M","30-34 years","30-34",113,6508663,1.74
,"Primary and Secondary Syphilis","310","2000","2000","White","2106-3","Male","M","35-39 years","35-39",138,7516212,1.84
,"Primary and Secondary Syphilis","310","2000","2000","White","2106-3","Male","M","40+ years","40+",283,42073597,0.67
,"Primary and Secondary Syphilis","310","2001","2001","Black or African American","2054-5","Female","F","0-14 years","0-14",16,4653019,0.34
,"Primary and Secondary Syphilis","310","2001","2001","Black or African American","2054-5","Female","F","15-19 years","15-19",191,1474089,12.96
,"Primary and Secondary Syphilis","310","2001","2001","Black or African American","2054-5","Female","F","20-24 years","20-24",259,1419463,18.25
,"Primary and Secondary Syphilis","310","2001","2001","Black or African American","2054-5","Female","F","25-29 years","25-29",225,1313225,17.13
,"Primary and Secondary Syphilis","310","2001","2001","Black or African American","2054-5","Female","F","30-34 years","30-34",228,1393791,16.36
,"Primary and Secondary Syphilis","310","2001","2001","Black or African American","2054-5","Female","F","35-39 years","35-39",249,1490943,16.70
,"Primary and Secondary Syphilis","310","2001","2001","Black or African American","2054-5","Female","F","40+ years","40+",323,6954756,4.64
,"Primary and Secondary Syphilis","310","2001","2001","Black or African American","2054-5","Male","M","0-14 years","0-14",1,4799653,0.02
,"Primary and Secondary Syphilis","310","2001","2001","Black or African American","2054-5","Male","M","15-19 years","15-19",93,1519705,6.12
,"Primary and Secondary Syphilis","310","2001","2001","Black or African American","2054-5","Male","M","20-24 years","20-24",292,1359398,21.48
,"Primary and Secondary Syphilis","310","2001","2001","Black or African American","2054-5","Male","M","25-29 years","25-29",310,1194585,25.95
,"Primary and Secondary Syphilis","310","2001","2001","Black or African American","2054-5","Male","M","30-34 years","30-34",314,1247695,25.17
,"Primary and Secondary Syphilis","310","2001","2001","Black or African American","2054-5","Male","M","35-39 years","35-39",373,1320840,28.24
,"Primary and Secondary Syphilis","310","2001","2001","Black or African American","2054-5","Male","M","40+ years","40+",806,5494384,14.67
,"Primary and Secondary Syphilis","310","2001","2001","Hispanic","Hispanic","Female","F","0-14 years","0-14",1,5302465,0.02
,"Primary and Secondary Syphilis","310","2001","2001","Hispanic","Hispanic","Female","F","15-19 years","15-19",29,1495599,1.94
,"Primary and Secondary Syphilis","310","2001","2001","Hispanic","Hispanic","Female","F","20-24 years","20-24",33,1574994,2.10
,"Primary and Secondary Syphilis","310","2001","2001","Hispanic","Hispanic","Female","F","25-29 years","25-29",25,1631659,1.53
,"Primary and Secondary Syphilis","310","2001","2001","Hispanic","Hispanic","Female","F","30-34 years","30-34",20,1558487,1.28
,"Primary and Secondary Syphilis","310","2001","2001","Hispanic","Hispanic","Female","F","35-39 years","35-39",13,1425855,0.91
,"Primary and Secondary Syphilis","310","2001","2001","Hispanic","Hispanic","Female","F","40+ years","40+",22,4971426,0.44
,"Primary and Secondary Syphilis","310","2001","2001","Hispanic","Hispanic","Male","M","0-14 years","0-14",2,5550606,0.04
,"Primary and Secondary Syphilis","310","2001","2001","Hispanic","Hispanic","Male","M","15-19 years","15-19",28,1656866,1.69
,"Primary and Secondary Syphilis","310","2001","2001","Hispanic","Hispanic","Male","M","20-24 years","20-24",103,1942515,5.30
,"Primary and Secondary Syphilis","310","2001","2001","Hispanic","Hispanic","Male","M","25-29 years","25-29",110,1951205,5.64
,"Primary and Secondary Syphilis","310","2001","2001","Hispanic","Hispanic","Male","M","30-34 years","30-34",111,1790893,6.20
,"Primary and Secondary Syphilis","310","2001","2001","Hispanic","Hispanic","Male","M","35-39 years","35-39",113,1575260,7.17
,"Primary and Secondary Syphilis","310","2001","2001","Hispanic","Hispanic","Male","M","40+ years","40+",114,4615685,2.47
,"Primary and Secondary Syphilis","310","2001","2001","White","2106-3","Female","F","15-19 years","15-19",18,6146996,0.29
,"Primary and Secondary Syphilis","310","2001","2001","White","2106-3","Female","F","20-24 years","20-24",41,5891388,0.70
,"Primary and Secondary Syphilis","310","2001","2001","White","2106-3","Female","F","25-29 years","25-29",30,5624916,0.53
,"Primary and Secondary Syphilis","310","2001","2001","White","2106-3","Female","F","30-34 years","30-34",43,6523848,0.66
,"Primary and Secondary Syphilis","310","2001","2001","White","2106-3","Female","F","35-39 years","35-39",50,7405701,0.68
,"Primary and Secondary Syphilis","310","2001","2001","White","2106-3","Female","F","40+ years","40+",60,49313869,0.12
,"Primary and Secondary Syphilis","310","2001","2001","White","2106-3","Male","M","15-19 years","15-19",12,6483260,0.19
,"Primary and Secondary Syphilis","310","2001","2001","White","2106-3","Male","M","20-24 years","20-24",70,6030066,1.16
,"Primary and Secondary Syphilis","310","2001","2001","White","2106-3","Male","M","25-29 years","25-29",115,5718532,2.01
,"Primary and Secondary Syphilis","310","2001","2001","White","2106-3","Male","M","30-34 years","30-34",181,6612637,2.74
,"Primary and Secondary Syphilis","310","2001","2001","White","2106-3","Male","M","35-39 years","35-39",264,7435164,3.55
,"Primary and Secondary Syphilis","310","2001","2001","White","2106-3","Male","M","40+ years","40+",438,43626677,1.00
,"Primary and Secondary Syphilis","310","2002","2002","Black or African American","2054-5","Female","F","0-14 years","0-14",8,4671071,0.17
,"Primary and Secondary Syphilis","310","2002","2002","Black or African American","2054-5","Female","F","15-19 years","15-19",163,1488818,10.95
,"Primary and Secondary Syphilis","310","2002","2002","Black or African American","2054-5","Female","F","20-24 years","20-24",227,1454502,15.61
,"Primary and Secondary Syphilis","310","2002","2002","Black or African American","2054-5","Female","F","25-29 years","25-29",159,1304305,12.19
,"Primary and Secondary Syphilis","310","2002","2002","Black or African American","2054-5","Female","F","30-34 years","30-34",160,1400770,11.42
,"Primary and Secondary Syphilis","310","2002","2002","Black or African American","2054-5","Female","F","35-39 years","35-39",180,1467557,12.27
,"Primary and Secondary Syphilis","310","2002","2002","Black or African American","2054-5","Female","F","40+ years","40+",267,7130165,3.74
,"Primary and Secondary Syphilis","310","2002","2002","Black or African American","2054-5","Male","M","0-14 years","0-14",3,4819105,0.06
,"Primary and Secondary Syphilis","310","2002","2002","Black or African American","2054-5","Male","M","15-19 years","15-19",88,1538182,5.72
,"Primary and Secondary Syphilis","310","2002","2002","Black or African American","2054-5","Male","M","20-24 years","20-24",302,1413188,21.37
,"Primary and Secondary Syphilis","310","2002","2002","Black or African American","2054-5","Male","M","25-29 years","25-29",304,1189263,25.56
,"Primary and Secondary Syphilis","310","2002","2002","Black or African American","2054-5","Male","M","30-34 years","30-34",285,1256443,22.68
,"Primary and Secondary Syphilis","310","2002","2002","Black or African American","2054-5","Male","M","35-39 years","35-39",355,1300754,27.29
,"Primary and Secondary Syphilis","310","2002","2002","Black or African American","2054-5","Male","M","40+ years","40+",764,5636142,13.56
,"Primary and Secondary Syphilis","310","2002","2002","Hispanic","Hispanic","Female","F","0-14 years","0-14",1,5478261,0.02
,"Primary and Secondary Syphilis","310","2002","2002","Hispanic","Hispanic","Female","F","15-19 years","15-19",25,1531358,1.63
,"Primary and Secondary Syphilis","310","2002","2002","Hispanic","Hispanic","Female","F","20-24 years","20-24",28,1613300,1.74
,"Primary and Secondary Syphilis","310","2002","2002","Hispanic","Hispanic","Female","F","25-29 years","25-29",26,1693227,1.54
,"Primary and Secondary Syphilis","310","2002","2002","Hispanic","Hispanic","Female","F","30-34 years","30-34",19,1658389,1.15
,"Primary and Secondary Syphilis","310","2002","2002","Hispanic","Hispanic","Female","F","35-39 years","35-39",22,1494125,1.47
,"Primary and Secondary Syphilis","310","2002","2002","Hispanic","Hispanic","Female","F","40+ years","40+",23,5287617,0.43
,"Primary and Secondary Syphilis","310","2002","2002","Hispanic","Hispanic","Male","M","0-14 years","0-14",1,5741406,0.02
,"Primary and Secondary Syphilis","310","2002","2002","Hispanic","Hispanic","Male","M","15-19 years","15-19",36,1663023,2.16
,"Primary and Secondary Syphilis","310","2002","2002","Hispanic","Hispanic","Male","M","20-24 years","20-24",113,1990267,5.68
,"Primary and Secondary Syphilis","310","2002","2002","Hispanic","Hispanic","Male","M","25-29 years","25-29",131,2058830,6.36
,"Primary and Secondary Syphilis","310","2002","2002","Hispanic","Hispanic","Male","M","30-34 years","30-34",158,1916766,8.24
,"Primary and Secondary Syphilis","310","2002","2002","Hispanic","Hispanic","Male","M","35-39 years","35-39",164,1659734,9.88
,"Primary and Secondary Syphilis","310","2002","2002","Hispanic","Hispanic","Male","M","40+ years","40+",172,4946381,3.48
,"Primary and Secondary Syphilis","310","2002","2002","White","2106-3","Female","F","0-14 years","0-14",2,17596776,0.01
,"Primary and Secondary Syphilis","310","2002","2002","White","2106-3","Female","F","15-19 years","15-19",24,6232793,0.39
,"Primary and Secondary Syphilis","310","2002","2002","White","2106-3","Female","F","20-24 years","20-24",39,6099512,0.64
,"Primary and Secondary Syphilis","310","2002","2002","White","2106-3","Female","F","25-29 years","25-29",35,5574651,0.63
,"Primary and Secondary Syphilis","310","2002","2002","White","2106-3","Female","F","30-34 years","30-34",30,6506067,0.46
,"Primary and Secondary Syphilis","310","2002","2002","White","2106-3","Female","F","35-39 years","35-39",34,7209608,0.47
,"Primary and Secondary Syphilis","310","2002","2002","White","2106-3","Female","F","40+ years","40+",48,50313652,0.10
,"Primary and Secondary Syphilis","310","2002","2002","White","2106-3","Male","M","0-14 years","0-14",2,18549348,0.01
,"Primary and Secondary Syphilis","310","2002","2002","White","2106-3","Male","M","15-19 years","15-19",9,6590821,0.14
,"Primary and Secondary Syphilis","310","2002","2002","White","2106-3","Male","M","20-24 years","20-24",86,6250983,1.38
,"Primary and Secondary Syphilis","310","2002","2002","White","2106-3","Male","M","25-29 years","25-29",178,5669214,3.14
,"Primary and Secondary Syphilis","310","2002","2002","White","2106-3","Male","M","30-34 years","30-34",343,6599365,5.20
,"Primary and Secondary Syphilis","310","2002","2002","White","2106-3","Male","M","35-39 years","35-39",499,7242264,6.89
,"Primary and Secondary Syphilis","310","2002","2002","White","2106-3","Male","M","40+ years","40+",859,44691719,1.92
,"Primary and Secondary Syphilis","310","2003","2003","Black or African American","2054-5","Female","F","0-14 years","0-14",5,4656312,0.11
,"Primary and Secondary Syphilis","310","2003","2003","Black or African American","2054-5","Female","F","15-19 years","15-19",109,1508994,7.22
,"Primary and Secondary Syphilis","310","2003","2003","Black or African American","2054-5","Female","F","20-24 years","20-24",159,1477762,10.76
,"Primary and Secondary Syphilis","310","2003","2003","Black or African American","2054-5","Female","F","25-29 years","25-29",112,1315671,8.51
,"Primary and Secondary Syphilis","310","2003","2003","Black or African American","2054-5","Female","F","30-34 years","30-34",97,1391097,6.97
,"Primary and Secondary Syphilis","310","2003","2003","Black or African American","2054-5","Female","F","35-39 years","35-39",112,1434386,7.81
,"Primary and Secondary Syphilis","310","2003","2003","Black or African American","2054-5","Female","F","40+ years","40+",190,7288491,2.61
,"Primary and Secondary Syphilis","310","2003","2003","Black or African American","2054-5","Male","M","0-14 years","0-14",1,4807366,0.02
,"Primary and Secondary Syphilis","310","2003","2003","Black or African American","2054-5","Male","M","15-19 years","15-19",89,1554634,5.72
,"Primary and Secondary Syphilis","310","2003","2003","Black or African American","2054-5","Male","M","20-24 years","20-24",298,1461871,20.38
,"Primary and Secondary Syphilis","310","2003","2003","Black or African American","2054-5","Male","M","25-29 years","25-29",273,1211495,22.53
,"Primary and Secondary Syphilis","310","2003","2003","Black or African American","2054-5","Male","M","30-34 years","30-34",295,1251916,23.56
,"Primary and Secondary Syphilis","310","2003","2003","Black or African American","2054-5","Male","M","35-39 years","35-39",318,1274964,24.94
,"Primary and Secondary Syphilis","310","2003","2003","Black or African American","2054-5","Male","M","40+ years","40+",611,5766206,10.60
,"Primary and Secondary Syphilis","310","2003","2003","Black or African American","2054-5","Unknown","U","20-24 years","20-24",1,Not Applicable,Not Applicable
,"Primary and Secondary Syphilis","310","2003","2003","Hispanic","Hispanic","Female","F","0-14 years","0-14",5,5683804,0.09
,"Primary and Secondary Syphilis","310","2003","2003","Hispanic","Hispanic","Female","F","15-19 years","15-19",34,1559598,2.18
,"Primary and Secondary Syphilis","310","2003","2003","Hispanic","Hispanic","Female","F","20-24 years","20-24",36,1669515,2.16
,"Primary and Secondary Syphilis","310","2003","2003","Hispanic","Hispanic","Female","F","25-29 years","25-29",22,1703376,1.29
,"Primary and Secondary Syphilis","310","2003","2003","Hispanic","Hispanic","Female","F","30-34 years","30-34",22,1654415,1.33
,"Primary and Secondary Syphilis","310","2003","2003","Hispanic","Hispanic","Female","F","35-39 years","35-39",11,1490678,0.74
,"Primary and Secondary Syphilis","310","2003","2003","Hispanic","Hispanic","Female","F","40+ years","40+",25,5506113,0.45
,"Primary and Secondary Syphilis","310","2003","2003","Hispanic","Hispanic","Male","M","15-19 years","15-19",27,1681240,1.61
,"Primary and Secondary Syphilis","310","2003","2003","Hispanic","Hispanic","Male","M","20-24 years","20-24",137,2069966,6.62
,"Primary and Secondary Syphilis","310","2003","2003","Hispanic","Hispanic","Male","M","25-29 years","25-29",161,2088938,7.71
,"Primary and Secondary Syphilis","310","2003","2003","Hispanic","Hispanic","Male","M","30-34 years","30-34",177,1919670,9.22
,"Primary and Secondary Syphilis","310","2003","2003","Hispanic","Hispanic","Male","M","35-39 years","35-39",199,1679503,11.85
,"Primary and Secondary Syphilis","310","2003","2003","Hispanic","Hispanic","Male","M","40+ years","40+",239,5179087,4.61
,"Primary and Secondary Syphilis","310","2003","2003","Hispanic","Hispanic","Male","M","Unknown","99",1,Not Applicable,Not Applicable
,"Primary and Secondary Syphilis","310","2003","2003","Hispanic","Hispanic","Unknown","U","35-39 years","35-39",1,Not Applicable,Not Applicable
,"Primary and Secondary Syphilis","310","2003","2003","White","2106-3","Female","F","15-19 years","15-19",22,6217991,0.35
,"Primary and Secondary Syphilis","310","2003","2003","White","2106-3","Female","F","20-24 years","20-24",39,6175198,0.63
,"Primary and Secondary Syphilis","310","2003","2003","White","2106-3","Female","F","25-29 years","25-29",35,5595742,0.63
,"Primary and Secondary Syphilis","310","2003","2003","White","2106-3","Female","F","30-34 years","30-34",38,6356227,0.60
,"Primary and Secondary Syphilis","310","2003","2003","White","2106-3","Female","F","35-39 years","35-39",39,6958813,0.56
,"Primary and Secondary Syphilis","310","2003","2003","White","2106-3","Female","F","40+ years","40+",46,50840369,0.09
,"Primary and Secondary Syphilis","310","2003","2003","White","2106-3","Male","M","0-14 years","0-14",1,18312575,0.01
,"Primary and Secondary Syphilis","310","2003","2003","White","2106-3","Male","M","15-19 years","15-19",23,6571413,0.35
,"Primary and Secondary Syphilis","310","2003","2003","White","2106-3","Male","M","20-24 years","20-24",149,6366814,2.34
,"Primary and Secondary Syphilis","310","2003","2003","White","2106-3","Male","M","25-29 years","25-29",247,5702629,4.33
,"Primary and Secondary Syphilis","310","2003","2003","White","2106-3","Male","M","30-34 years","30-34",451,6446886,7.00
,"Primary and Secondary Syphilis","310","2003","2003","White","2106-3","Male","M","35-39 years","35-39",666,7004814,9.51
,"Primary and Secondary Syphilis","310","2003","2003","White","2106-3","Male","M","40+ years","40+",1067,45264357,2.36
,"Primary and Secondary Syphilis","310","2003","2003","White","2106-3","Male","M","Unknown","99",2,Not Applicable,Not Applicable
,"Primary and Secondary Syphilis","310","2004","2004","Black or African American","2054-5","Female","F","0-14 years","0-14",8,4650741,0.17
,"Primary and Secondary Syphilis","310","2004","2004","Black or African American","2054-5","Female","F","15-19 years","15-19",95,1547322,6.14
,"Primary and Secondary Syphilis","310","2004","2004","Black or African American","2054-5","Female","F","20-24 years","20-24",192,1492240,12.87
,"Primary and Secondary Syphilis","310","2004","2004","Black or African American","2054-5","Female","F","25-29 years","25-29",109,1347767,8.09
,"Primary and Secondary Syphilis","310","2004","2004","Black or African American","2054-5","Female","F","30-34 years","30-34",89,1382041,6.44
,"Primary and Secondary Syphilis","310","2004","2004","Black or African American","2054-5","Female","F","35-39 years","35-39",95,1402971,6.77
,"Primary and Secondary Syphilis","310","2004","2004","Black or African American","2054-5","Female","F","40+ years","40+",198,7468717,2.65
,"Primary and Secondary Syphilis","310","2004","2004","Black or African American","2054-5","Male","M","0-14 years","0-14",4,4801638,0.08
,"Primary and Secondary Syphilis","310","2004","2004","Black or African American","2054-5","Male","M","15-19 years","15-19",106,1589379,6.67
,"Primary and Secondary Syphilis","310","2004","2004","Black or African American","2054-5","Male","M","20-24 years","20-24",359,1495290,24.01
,"Primary and Secondary Syphilis","310","2004","2004","Black or African American","2054-5","Male","M","25-29 years","25-29",393,1253431,31.35
,"Primary and Secondary Syphilis","310","2004","2004","Black or African American","2054-5","Male","M","30-34 years","30-34",370,1244181,29.74
,"Primary and Secondary Syphilis","310","2004","2004","Black or African American","2054-5","Male","M","35-39 years","35-39",362,1251669,28.92
,"Primary and Secondary Syphilis","310","2004","2004","Black or African American","2054-5","Male","M","40+ years","40+",690,5913142,11.67
,"Primary and Secondary Syphilis","310","2004","2004","Hispanic","Hispanic","Female","F","0-14 years","0-14",1,5872885,0.02
,"Primary and Secondary Syphilis","310","2004","2004","Hispanic","Hispanic","Female","F","15-19 years","15-19",21,1607973,1.31
,"Primary and Secondary Syphilis","310","2004","2004","Hispanic","Hispanic","Female","F","20-24 years","20-24",31,1689012,1.84
,"Primary and Secondary Syphilis","310","2004","2004","Hispanic","Hispanic","Female","F","25-29 years","25-29",23,1743577,1.32
,"Primary and Secondary Syphilis","310","2004","2004","Hispanic","Hispanic","Female","F","30-34 years","30-34",22,1705169,1.29
,"Primary and Secondary Syphilis","310","2004","2004","Hispanic","Hispanic","Female","F","35-39 years","35-39",14,1529250,0.92
,"Primary and Secondary Syphilis","310","2004","2004","Hispanic","Hispanic","Female","F","40+ years","40+",21,5794715,0.36
,"Primary and Secondary Syphilis","310","2004","2004","Hispanic","Hispanic","Male","M","0-14 years","0-14",1,6142405,0.02
,"Primary and Secondary Syphilis","310","2004","2004","Hispanic","Hispanic","Male","M","15-19 years","15-19",31,1718693,1.80
,"Primary and Secondary Syphilis","310","2004","2004","Hispanic","Hispanic","Male","M","20-24 years","20-24",149,2068729,7.20
,"Primary and Secondary Syphilis","310","2004","2004","Hispanic","Hispanic","Male","M","25-29 years","25-29",198,2165595,9.14
,"Primary and Secondary Syphilis","310","2004","2004","Hispanic","Hispanic","Male","M","30-34 years","30-34",198,1990676,9.95
,"Primary and Secondary Syphilis","310","2004","2004","Hispanic","Hispanic","Male","M","35-39 years","35-39",217,1737882,12.49
,"Primary and Secondary Syphilis","310","2004","2004","Hispanic","Hispanic","Male","M","40+ years","40+",267,5488171,4.87
,"Primary and Secondary Syphilis","310","2004","2004","Hispanic","Hispanic","Unknown","U","25-29 years","25-29",1,Not Applicable,Not Applicable
,"Primary and Secondary Syphilis","310","2004","2004","Hispanic","Hispanic","Unknown","U","40+ years","40+",1,Not Applicable,Not Applicable
,"Primary and Secondary Syphilis","310","2004","2004","White","2106-3","Female","F","0-14 years","0-14",1,17229923,0.01
,"Primary and Secondary Syphilis","310","2004","2004","White","2106-3","Female","F","15-19 years","15-19",22,6264494,0.35
,"Primary and Secondary Syphilis","310","2004","2004","White","2106-3","Female","F","20-24 years","20-24",54,6248934,0.86
,"Primary and Secondary Syphilis","310","2004","2004","White","2106-3","Female","F","25-29 years","25-29",35,5690742,0.62
,"Primary and Secondary Syphilis","310","2004","2004","White","2106-3","Female","F","30-34 years","30-34",38,6168941,0.62
,"Primary and Secondary Syphilis","310","2004","2004","White","2106-3","Female","F","35-39 years","35-39",34,6732136,0.51
,"Primary and Secondary Syphilis","310","2004","2004","White","2106-3","Female","F","40+ years","40+",61,51387021,0.12
,"Primary and Secondary Syphilis","310","2004","2004","White","2106-3","Male","M","15-19 years","15-19",31,6614712,0.47
,"Primary and Secondary Syphilis","310","2004","2004","White","2106-3","Male","M","20-24 years","20-24",177,6478458,2.73
,"Primary and Secondary Syphilis","310","2004","2004","White","2106-3","Male","M","25-29 years","25-29",261,5806259,4.50
,"Primary and Secondary Syphilis","310","2004","2004","White","2106-3","Male","M","30-34 years","30-34",432,6259328,6.90
,"Primary and Secondary Syphilis","310","2004","2004","White","2106-3","Male","M","35-39 years","35-39",590,6797318,8.68
,"Primary and Secondary Syphilis","310","2004","2004","White","2106-3","Male","M","40+ years","40+",1236,45889045,2.69
,"Primary and Secondary Syphilis","310","2004","2004","White","2106-3","Male","M","Unknown","99",1,Not Applicable,Not Applicable
,"Primary and Secondary Syphilis","310","2004","2004","White","2106-3","Unknown","U","35-39 years","35-39",1,Not Applicable,Not Applicable
,"Primary and Secondary Syphilis","310","2005","2005","Black or African American","2054-5","Female","F","0-14 years","0-14",8,4611255,0.17
,"Primary and Secondary Syphilis","310","2005","2005","Black or African American","2054-5","Female","F","15-19 years","15-19",125,1594318,7.84
,"Primary and Secondary Syphilis","310","2005","2005","Black or African American","2054-5","Female","F","20-24 years","20-24",198,1492466,13.27
,"Primary and Secondary Syphilis","310","2005","2005","Black or African American","2054-5","Female","F","25-29 years","25-29",129,1392716,9.26
,"Primary and Secondary Syphilis","310","2005","2005","Black or African American","2054-5","Female","F","30-34 years","30-34",94,1356889,6.93
,"Primary and Secondary Syphilis","310","2005","2005","Black or African American","2054-5","Female","F","35-39 years","35-39",100,1390626,7.19
,"Primary and Secondary Syphilis","310","2005","2005","Black or African American","2054-5","Female","F","40+ years","40+",171,7656197,2.23
,"Primary and Secondary Syphilis","310","2005","2005","Black or African American","2054-5","Female","F","Unknown","99",3,Not Applicable,Not Applicable
,"Primary and Secondary Syphilis","310","2005","2005","Black or African American","2054-5","Male","M","0-14 years","0-14",2,4763090,0.04
,"Primary and Secondary Syphilis","310","2005","2005","Black or African American","2054-5","Male","M","15-19 years","15-19",167,1636289,10.21
,"Primary and Secondary Syphilis","310","2005","2005","Black or African American","2054-5","Male","M","20-24 years","20-24",441,1513382,29.14
,"Primary and Secondary Syphilis","310","2005","2005","Black or African American","2054-5","Male","M","25-29 years","25-29",456,1309337,34.83
,"Primary and Secondary Syphilis","310","2005","2005","Black or African American","2054-5","Male","M","30-34 years","30-34",425,1223187,34.75
,"Primary and Secondary Syphilis","310","2005","2005","Black or African American","2054-5","Male","M","35-39 years","35-39",378,1242934,30.41
,"Primary and Secondary Syphilis","310","2005","2005","Black or African American","2054-5","Male","M","40+ years","40+",735,6066982,12.11
,"Primary and Secondary Syphilis","310","2005","2005","Black or African American","2054-5","Male","M","Unknown","99",1,Not Applicable,Not Applicable
,"Primary and Secondary Syphilis","310","2005","2005","Hispanic","Hispanic","Female","F","15-19 years","15-19",25,1673839,1.49
,"Primary and Secondary Syphilis","310","2005","2005","Hispanic","Hispanic","Female","F","20-24 years","20-24",48,1690476,2.84
,"Primary and Secondary Syphilis","310","2005","2005","Hispanic","Hispanic","Female","F","25-29 years","25-29",37,1783689,2.07
,"Primary and Secondary Syphilis","310","2005","2005","Hispanic","Hispanic","Female","F","30-34 years","30-34",13,1742988,0.75
,"Primary and Secondary Syphilis","310","2005","2005","Hispanic","Hispanic","Female","F","35-39 years","35-39",23,1578352,1.46
,"Primary and Secondary Syphilis","310","2005","2005","Hispanic","Hispanic","Female","F","40+ years","40+",37,6097139,0.61
,"Primary and Secondary Syphilis","310","2005","2005","Hispanic","Hispanic","Male","M","0-14 years","0-14",1,6301949,0.02
,"Primary and Secondary Syphilis","310","2005","2005","Hispanic","Hispanic","Male","M","15-19 years","15-19",35,1781574,1.96
,"Primary and Secondary Syphilis","310","2005","2005","Hispanic","Hispanic","Male","M","20-24 years","20-24",161,2034796,7.91
,"Primary and Secondary Syphilis","310","2005","2005","Hispanic","Hispanic","Male","M","25-29 years","25-29",188,2238590,8.40
,"Primary and Secondary Syphilis","310","2005","2005","Hispanic","Hispanic","Male","M","30-34 years","30-34",202,2049495,9.86
,"Primary and Secondary Syphilis","310","2005","2005","Hispanic","Hispanic","Male","M","35-39 years","35-39",223,1806517,12.34
,"Primary and Secondary Syphilis","310","2005","2005","Hispanic","Hispanic","Male","M","40+ years","40+",301,5820360,5.17
,"Primary and Secondary Syphilis","310","2005","2005","White","2106-3","Female","F","15-19 years","15-19",29,6272140,0.46
,"Primary and Secondary Syphilis","310","2005","2005","White","2106-3","Female","F","20-24 years","20-24",50,6233374,0.80
,"Primary and Secondary Syphilis","310","2005","2005","White","2106-3","Female","F","25-29 years","25-29",31,5801085,0.53
,"Primary and Secondary Syphilis","310","2005","2005","White","2106-3","Female","F","30-34 years","30-34",33,5924196,0.56
,"Primary and Secondary Syphilis","310","2005","2005","White","2106-3","Female","F","35-39 years","35-39",48,6606065,0.73
,"Primary and Secondary Syphilis","310","2005","2005","White","2106-3","Female","F","40+ years","40+",72,51738155,0.14
,"Primary and Secondary Syphilis","310","2005","2005","White","2106-3","Male","M","15-19 years","15-19",35,6622833,0.53
,"Primary and Secondary Syphilis","310","2005","2005","White","2106-3","Male","M","20-24 years","20-24",221,6514536,3.39
,"Primary and Secondary Syphilis","310","2005","2005","White","2106-3","Male","M","25-29 years","25-29",283,5907305,4.79
,"Primary and Secondary Syphilis","310","2005","2005","White","2106-3","Male","M","30-34 years","30-34",425,6006519,7.08
,"Primary and Secondary Syphilis","310","2005","2005","White","2106-3","Male","M","35-39 years","35-39",648,6682698,9.70
,"Primary and Secondary Syphilis","310","2005","2005","White","2106-3","Male","M","40+ years","40+",1430,46321495,3.09
,"Primary and Secondary Syphilis","310","2005","2005","White","2106-3","Male","M","Unknown","99",1,Not Applicable,Not Applicable
,"Primary and Secondary Syphilis","310","2005","2005","White","2106-3","Unknown","U","40+ years","40+",1,Not Applicable,Not Applicable
,"Primary and Secondary Syphilis","310","2006","2006","Black or African American","2054-5","Female","F","0-14 years","0-14",9,4597734,0.20
,"Primary and Secondary Syphilis","310","2006","2006","Black or African American","2054-5","Female","F","15-19 years","15-19",169,1635667,10.33
,"Primary and Secondary Syphilis","310","2006","2006","Black or African American","2054-5","Female","F","20-24 years","20-24",219,1500737,14.59
,"Primary and Secondary Syphilis","310","2006","2006","Black or African American","2054-5","Female","F","25-29 years","25-29",151,1443888,10.46
,"Primary and Secondary Syphilis","310","2006","2006","Black or African American","2054-5","Female","F","30-34 years","30-34",97,1329517,7.30
,"Primary and Secondary Syphilis","310","2006","2006","Black or African American","2054-5","Female","F","35-39 years","35-39",83,1399996,5.93
,"Primary and Secondary Syphilis","310","2006","2006","Black or African American","2054-5","Female","F","40+ years","40+",214,7834379,2.73
,"Primary and Secondary Syphilis","310","2006","2006","Black or African American","2054-5","Male","M","0-14 years","0-14",3,4750675,0.06
,"Primary and Secondary Syphilis","310","2006","2006","Black or African American","2054-5","Male","M","15-19 years","15-19",235,1679872,13.99
,"Primary and Secondary Syphilis","310","2006","2006","Black or African American","2054-5","Male","M","20-24 years","20-24",608,1534546,39.62
,"Primary and Secondary Syphilis","310","2006","2006","Black or African American","2054-5","Male","M","25-29 years","25-29",610,1363805,44.73
,"Primary and Secondary Syphilis","310","2006","2006","Black or African American","2054-5","Male","M","30-34 years","30-34",374,1200952,31.14
,"Primary and Secondary Syphilis","310","2006","2006","Black or African American","2054-5","Male","M","35-39 years","35-39",414,1246572,33.21
,"Primary and Secondary Syphilis","310","2006","2006","Black or African American","2054-5","Male","M","40+ years","40+",838,6206139,13.50
,"Primary and Secondary Syphilis","310","2006","2006","Black or African American","2054-5","Male","M","Unknown","99",4,Not Applicable,Not Applicable
,"Primary and Secondary Syphilis","310","2006","2006","Black or African American","2054-5","Unknown","U","30-34 years","30-34",1,Not Applicable,Not Applicable
,"Primary and Secondary Syphilis","310","2006","2006","Hispanic","Hispanic","Female","F","15-19 years","15-19",27,1747399,1.55
,"Primary and Secondary Syphilis","310","2006","2006","Hispanic","Hispanic","Female","F","20-24 years","20-24",30,1707070,1.76
,"Primary and Secondary Syphilis","310","2006","2006","Hispanic","Hispanic","Female","F","25-29 years","25-29",33,1833434,1.80
,"Primary and Secondary Syphilis","310","2006","2006","Hispanic","Hispanic","Female","F","30-34 years","30-34",20,1787201,1.12
,"Primary and Secondary Syphilis","310","2006","2006","Hispanic","Hispanic","Female","F","35-39 years","35-39",18,1640842,1.10
,"Primary and Secondary Syphilis","310","2006","2006","Hispanic","Hispanic","Female","F","40+ years","40+",30,6397114,0.47
,"Primary and Secondary Syphilis","310","2006","2006","Hispanic","Hispanic","Male","M","15-19 years","15-19",44,1858929,2.37
,"Primary and Secondary Syphilis","310","2006","2006","Hispanic","Hispanic","Male","M","20-24 years","20-24",180,2028267,8.87
,"Primary and Secondary Syphilis","310","2006","2006","Hispanic","Hispanic","Male","M","25-29 years","25-29",256,2311233,11.08
,"Primary and Secondary Syphilis","310","2006","2006","Hispanic","Hispanic","Male","M","30-34 years","30-34",210,2125834,9.88
,"Primary and Secondary Syphilis","310","2006","2006","Hispanic","Hispanic","Male","M","35-39 years","35-39",244,1878240,12.99
,"Primary and Secondary Syphilis","310","2006","2006","Hispanic","Hispanic","Male","M","40+ years","40+",368,6144686,5.99
,"Primary and Secondary Syphilis","310","2006","2006","Hispanic","Hispanic","Male","M","Unknown","99",1,Not Applicable,Not Applicable
,"Primary and Secondary Syphilis","310","2006","2006","Hispanic","Hispanic","Unknown","U","20-24 years","20-24",1,Not Applicable,Not Applicable
,"Primary and Secondary Syphilis","310","2006","2006","Hispanic","Hispanic","Unknown","U","25-29 years","25-29",2,Not Applicable,Not Applicable
,"Primary and Secondary Syphilis","310","2006","2006","White","2106-3","Female","F","0-14 years","0-14",1,16901944,0.01
,"Primary and Secondary Syphilis","310","2006","2006","White","2106-3","Female","F","15-19 years","15-19",31,6329673,0.49
,"Primary and Secondary Syphilis","310","2006","2006","White","2106-3","Female","F","20-24 years","20-24",43,6277158,0.69
,"Primary and Secondary Syphilis","310","2006","2006","White","2106-3","Female","F","25-29 years","25-29",49,6047054,0.81
,"Primary and Secondary Syphilis","310","2006","2006","White","2106-3","Female","F","30-34 years","30-34",37,5739389,0.64
,"Primary and Secondary Syphilis","310","2006","2006","White","2106-3","Female","F","35-39 years","35-39",43,6648784,0.65
,"Primary and Secondary Syphilis","310","2006","2006","White","2106-3","Female","F","40+ years","40+",90,52651291,0.17
,"Primary and Secondary Syphilis","310","2006","2006","White","2106-3","Male","M","15-19 years","15-19",37,6682054,0.55
,"Primary and Secondary Syphilis","310","2006","2006","White","2106-3","Male","M","20-24 years","20-24",237,6593756,3.59
,"Primary and Secondary Syphilis","310","2006","2006","White","2106-3","Male","M","25-29 years","25-29",362,6112639,5.92
,"Primary and Secondary Syphilis","310","2006","2006","White","2106-3","Male","M","30-34 years","30-34",372,5809155,6.40
,"Primary and Secondary Syphilis","310","2006","2006","White","2106-3","Male","M","35-39 years","35-39",627,6709581,9.34
,"Primary and Secondary Syphilis","310","2006","2006","White","2106-3","Male","M","40+ years","40+",1609,47187078,3.41
,"Primary and Secondary Syphilis","310","2006","2006","White","2106-3","Male","M","Unknown","99",2,Not Applicable,Not Applicable
,"Primary and Secondary Syphilis","310","2007","2007","Black or African American","2054-5","Female","F","0-14 years","0-14",8,4596825,0.17
,"Primary and Secondary Syphilis","310","2007","2007","Black or African American","2054-5","Female","F","15-19 years","15-19",166,1663249,9.98
,"Primary and Secondary Syphilis","310","2007","2007","Black or African American","2054-5","Female","F","20-24 years","20-24",237,1508162,15.71
,"Primary and Secondary Syphilis","310","2007","2007","Black or African American","2054-5","Female","F","25-29 years","25-29",165,1473425,11.20
,"Primary and Secondary Syphilis","310","2007","2007","Black or African American","2054-5","Female","F","30-34 years","30-34",105,1320501,7.95
,"Primary and Secondary Syphilis","310","2007","2007","Black or African American","2054-5","Female","F","35-39 years","35-39",120,1404106,8.55
,"Primary and Secondary Syphilis","310","2007","2007","Black or African American","2054-5","Female","F","40+ years","40+",274,7979217,3.43
,"Primary and Secondary Syphilis","310","2007","2007","Black or African American","2054-5","Male","M","0-14 years","0-14",5,4748089,0.11
,"Primary and Secondary Syphilis","310","2007","2007","Black or African American","2054-5","Male","M","15-19 years","15-19",287,1708591,16.80
,"Primary and Secondary Syphilis","310","2007","2007","Black or African American","2054-5","Male","M","20-24 years","20-24",848,1544494,54.90
,"Primary and Secondary Syphilis","310","2007","2007","Black or African American","2054-5","Male","M","25-29 years","25-29",744,1410979,52.73
,"Primary and Secondary Syphilis","310","2007","2007","Black or African American","2054-5","Male","M","30-34 years","30-34",478,1196398,39.95
,"Primary and Secondary Syphilis","310","2007","2007","Black or African American","2054-5","Male","M","35-39 years","35-39",524,1252443,41.84
,"Primary and Secondary Syphilis","310","2007","2007","Black or African American","2054-5","Male","M","40+ years","40+",1064,6319764,16.84
,"Primary and Secondary Syphilis","310","2007","2007","Black or African American","2054-5","Male","M","Unknown","99",2,Not Applicable,Not Applicable
,"Primary and Secondary Syphilis","310","2007","2007","Black or African American","2054-5","Unknown","U","25-29 years","25-29",1,Not Applicable,Not Applicable
,"Primary and Secondary Syphilis","310","2007","2007","Hispanic","Hispanic","Female","F","15-19 years","15-19",25,1810165,1.38
,"Primary and Secondary Syphilis","310","2007","2007","Hispanic","Hispanic","Female","F","20-24 years","20-24",39,1703756,2.29
,"Primary and Secondary Syphilis","310","2007","2007","Hispanic","Hispanic","Female","F","25-29 years","25-29",32,1842939,1.74
,"Primary and Secondary Syphilis","310","2007","2007","Hispanic","Hispanic","Female","F","30-34 years","30-34",26,1809127,1.44
,"Primary and Secondary Syphilis","310","2007","2007","Hispanic","Hispanic","Female","F","35-39 years","35-39",12,1690060,0.71
,"Primary and Secondary Syphilis","310","2007","2007","Hispanic","Hispanic","Female","F","40+ years","40+",29,6672602,0.43
,"Primary and Secondary Syphilis","310","2007","2007","Hispanic","Hispanic","Male","M","15-19 years","15-19",63,1921686,3.28
,"Primary and Secondary Syphilis","310","2007","2007","Hispanic","Hispanic","Male","M","20-24 years","20-24",277,1972985,14.04
,"Primary and Secondary Syphilis","310","2007","2007","Hispanic","Hispanic","Male","M","25-29 years","25-29",303,2317111,13.08
,"Primary and Secondary Syphilis","310","2007","2007","Hispanic","Hispanic","Male","M","30-34 years","30-34",282,2169569,13.00
,"Primary and Secondary Syphilis","310","2007","2007","Hispanic","Hispanic","Male","M","35-39 years","35-39",263,1940365,13.55
,"Primary and Secondary Syphilis","310","2007","2007","Hispanic","Hispanic","Male","M","40+ years","40+",438,6444358,6.80
,"Primary and Secondary Syphilis","310","2007","2007","Hispanic","Hispanic","Male","M","Unknown","99",1,Not Applicable,Not Applicable
,"Primary and Secondary Syphilis","310","2007","2007","Hispanic","Hispanic","Unknown","U","30-34 years","30-34",1,Not Applicable,Not Applicable
,"Primary and Secondary Syphilis","310","2007","2007","White","2106-3","Female","F","15-19 years","15-19",45,6364152,0.71
,"Primary and Secondary Syphilis","310","2007","2007","White","2106-3","Female","F","20-24 years","20-24",66,6317551,1.04
,"Primary and Secondary Syphilis","310","2007","2007","White","2106-3","Female","F","25-29 years","25-29",53,6213884,0.85
,"Primary and Secondary Syphilis","310","2007","2007","White","2106-3","Female","F","30-34 years","30-34",49,5679368,0.86
,"Primary and Secondary Syphilis","310","2007","2007","White","2106-3","Female","F","35-39 years","35-39",47,6600376,0.71
,"Primary and Secondary Syphilis","310","2007","2007","White","2106-3","Female","F","40+ years","40+",110,53411514,0.21
,"Primary and Secondary Syphilis","310","2007","2007","White","2106-3","Male","M","0-14 years","0-14",1,17790014,0.01
,"Primary and Secondary Syphilis","310","2007","2007","White","2106-3","Male","M","15-19 years","15-19",46,6712804,0.69
,"Primary and Secondary Syphilis","310","2007","2007","White","2106-3","Male","M","20-24 years","20-24",260,6650807,3.91
,"Primary and Secondary Syphilis","310","2007","2007","White","2106-3","Male","M","25-29 years","25-29",410,6299747,6.51
,"Primary and Secondary Syphilis","310","2007","2007","White","2106-3","Male","M","30-34 years","30-34",430,5750015,7.48
,"Primary and Secondary Syphilis","310","2007","2007","White","2106-3","Male","M","35-39 years","35-39",610,6665823,9.15
,"Primary and Secondary Syphilis","310","2007","2007","White","2106-3","Male","M","40+ years","40+",1697,47966373,3.54
,"Primary and Secondary Syphilis","310","2007","2007","White","2106-3","Male","M","Unknown","99",1,Not Applicable,Not Applicable
,"Primary and Secondary Syphilis","310","2007","2007","White","2106-3","Unknown","U","30-34 years","30-34",2,Not Applicable,Not Applicable
,"Primary and Secondary Syphilis","310","2007","2007","White","2106-3","Unknown","U","40+ years","40+",1,Not Applicable,Not Applicable
,"Primary and Secondary Syphilis","310","2008","2008","Black or African American","2054-5","Female","F","0-14 years","0-14",17,4464163,0.38
,"Primary and Secondary Syphilis","310","2008","2008","Black or African American","2054-5","Female","F","15-19 years","15-19",228,1677450,13.59
,"Primary and Secondary Syphilis","310","2008","2008","Black or African American","2054-5","Female","F","20-24 years","20-24",376,1529110,24.59
,"Primary and Secondary Syphilis","310","2008","2008","Black or African American","2054-5","Female","F","25-29 years","25-29",269,1495831,17.98
,"Primary and Secondary Syphilis","310","2008","2008","Black or African American","2054-5","Female","F","30-34 years","30-34",151,1324802,11.40
,"Primary and Secondary Syphilis","310","2008","2008","Black or African American","2054-5","Female","F","35-39 years","35-39",130,1398241,9.30
,"Primary and Secondary Syphilis","310","2008","2008","Black or African American","2054-5","Female","F","40+ years","40+",307,8125165,3.78
,"Primary and Secondary Syphilis","310","2008","2008","Black or African American","2054-5","Male","M","0-14 years","0-14",7,4614775,0.15
,"Primary and Secondary Syphilis","310","2008","2008","Black or African American","2054-5","Male","M","15-19 years","15-19",404,1725893,23.41
,"Primary and Secondary Syphilis","310","2008","2008","Black or African American","2054-5","Male","M","20-24 years","20-24",1122,1562038,71.83
,"Primary and Secondary Syphilis","310","2008","2008","Black or African American","2054-5","Male","M","25-29 years","25-29",888,1456806,60.96
,"Primary and Secondary Syphilis","310","2008","2008","Black or African American","2054-5","Male","M","30-34 years","30-34",585,1207607,48.44
,"Primary and Secondary Syphilis","310","2008","2008","Black or African American","2054-5","Male","M","35-39 years","35-39",575,1248171,46.07
,"Primary and Secondary Syphilis","310","2008","2008","Black or African American","2054-5","Male","M","40+ years","40+",1291,6432841,20.07
,"Primary and Secondary Syphilis","310","2008","2008","Black or African American","2054-5","Male","M","Unknown","99",3,Not Applicable,Not Applicable
,"Primary and Secondary Syphilis","310","2008","2008","Hispanic","Hispanic","Female","F","0-14 years","0-14",3,6700354,0.04
,"Primary and Secondary Syphilis","310","2008","2008","Hispanic","Hispanic","Female","F","15-19 years","15-19",28,1865474,1.50
,"Primary and Secondary Syphilis","310","2008","2008","Hispanic","Hispanic","Female","F","20-24 years","20-24",48,1713542,2.80
,"Primary and Secondary Syphilis","310","2008","2008","Hispanic","Hispanic","Female","F","25-29 years","25-29",36,1839454,1.96
,"Primary and Secondary Syphilis","310","2008","2008","Hispanic","Hispanic","Female","F","30-34 years","30-34",32,1820918,1.76
,"Primary and Secondary Syphilis","310","2008","2008","Hispanic","Hispanic","Female","F","35-39 years","35-39",27,1729786,1.56
,"Primary and Secondary Syphilis","310","2008","2008","Hispanic","Hispanic","Female","F","40+ years","40+",35,6970621,0.50
,"Primary and Secondary Syphilis","310","2008","2008","Hispanic","Hispanic","Male","M","15-19 years","15-19",96,1976551,4.86
,"Primary and Secondary Syphilis","310","2008","2008","Hispanic","Hispanic","Male","M","20-24 years","20-24",298,1940691,15.36
,"Primary and Secondary Syphilis","310","2008","2008","Hispanic","Hispanic","Male","M","25-29 years","25-29",359,2291336,15.67
,"Primary and Secondary Syphilis","310","2008","2008","Hispanic","Hispanic","Male","M","30-34 years","30-34",300,2212029,13.56
,"Primary and Secondary Syphilis","310","2008","2008","Hispanic","Hispanic","Male","M","35-39 years","35-39",300,1993052,15.05
,"Primary and Secondary Syphilis","310","2008","2008","Hispanic","Hispanic","Male","M","40+ years","40+",490,6779651,7.23
,"Primary and Secondary Syphilis","310","2008","2008","Hispanic","Hispanic","Male","M","Unknown","99",1,Not Applicable,Not Applicable
,"Primary and Secondary Syphilis","310","2008","2008","White","2106-3","Female","F","0-14 years","0-14",1,16816558,0.01
,"Primary and Secondary Syphilis","310","2008","2008","White","2106-3","Female","F","15-19 years","15-19",49,6330296,0.77
,"Primary and Secondary Syphilis","310","2008","2008","White","2106-3","Female","F","20-24 years","20-24",86,6339905,1.36
,"Primary and Secondary Syphilis","310","2008","2008","White","2106-3","Female","F","25-29 years","25-29",81,6324237,1.28
,"Primary and Secondary Syphilis","310","2008","2008","White","2106-3","Female","F","30-34 years","30-34",52,5703169,0.91
,"Primary and Secondary Syphilis","310","2008","2008","White","2106-3","Female","F","35-39 years","35-39",71,6465788,1.10
,"Primary and Secondary Syphilis","310","2008","2008","White","2106-3","Female","F","40+ years","40+",134,53877108,0.25
,"Primary and Secondary Syphilis","310","2008","2008","White","2106-3","Male","M","0-14 years","0-14",1,17700893,0.01
,"Primary and Secondary Syphilis","310","2008","2008","White","2106-3","Male","M","15-19 years","15-19",71,6675455,1.06
,"Primary and Secondary Syphilis","310","2008","2008","White","2106-3","Male","M","20-24 years","20-24",354,6673355,5.30
,"Primary and Secondary Syphilis","310","2008","2008","White","2106-3","Male","M","25-29 years","25-29",479,6455388,7.42
,"Primary and Secondary Syphilis","310","2008","2008","White","2106-3","Male","M","30-34 years","30-34",473,5774103,8.19
,"Primary and Secondary Syphilis","310","2008","2008","White","2106-3","Male","M","35-39 years","35-39",582,6524513,8.92
,"Primary and Secondary Syphilis","310","2008","2008","White","2106-3","Male","M","40+ years","40+",1827,48452577,3.77
,"Primary and Secondary Syphilis","310","2008","2008","White","2106-3","Male","M","Unknown","99",1,Not Applicable,Not Applicable
,"Primary and Secondary Syphilis","310","2008","2008","White","2106-3","Unknown","U","40+ years","40+",2,Not Applicable,Not Applicable
,"Primary and Secondary Syphilis","310","2009","2009","Black or African American","2054-5","Female","F","0-14 years","0-14",15,4498986,0.33
,"Primary and Secondary Syphilis","310","2009","2009","Black or African American","2054-5","Female","F","15-19 years","15-19",283,1683934,16.81
,"Primary and Secondary Syphilis","310","2009","2009","Black or African American","2054-5","Female","F","20-24 years","20-24",446,1579563,28.24
,"Primary and Secondary Syphilis","310","2009","2009","Black or African American","2054-5","Female","F","25-29 years","25-29",280,1517344,18.45
,"Primary and Secondary Syphilis","310","2009","2009","Black or African American","2054-5","Female","F","30-34 years","30-34",199,1365174,14.58
,"Primary and Secondary Syphilis","310","2009","2009","Black or African American","2054-5","Female","F","35-39 years","35-39",111,1387845,8.00
,"Primary and Secondary Syphilis","310","2009","2009","Black or African American","2054-5","Female","F","40+ years","40+",270,8264517,3.27
,"Primary and Secondary Syphilis","310","2009","2009","Black or African American","2054-5","Female","F","Unknown","99",1,Not Applicable,Not Applicable
,"Primary and Secondary Syphilis","310","2009","2009","Black or African American","2054-5","Male","M","0-14 years","0-14",3,4648691,0.06
,"Primary and Secondary Syphilis","310","2009","2009","Black or African American","2054-5","Male","M","15-19 years","15-19",479,1733101,27.64
,"Primary and Secondary Syphilis","310","2009","2009","Black or African American","2054-5","Male","M","20-24 years","20-24",1439,1618080,88.93
,"Primary and Secondary Syphilis","310","2009","2009","Black or African American","2054-5","Male","M","25-29 years","25-29",1120,1503972,74.47
,"Primary and Secondary Syphilis","310","2009","2009","Black or African American","2054-5","Male","M","30-34 years","30-34",697,1256104,55.49
,"Primary and Secondary Syphilis","310","2009","2009","Black or African American","2054-5","Male","M","35-39 years","35-39",535,1241477,43.09
,"Primary and Secondary Syphilis","310","2009","2009","Black or African American","2054-5","Male","M","40+ years","40+",1262,6541139,19.29
,"Primary and Secondary Syphilis","310","2009","2009","Hispanic","Hispanic","Female","F","0-14 years","0-14",1,6971358,0.01
,"Primary and Secondary Syphilis","310","2009","2009","Hispanic","Hispanic","Female","F","15-19 years","15-19",19,1935580,0.98
,"Primary and Secondary Syphilis","310","2009","2009","Hispanic","Hispanic","Female","F","20-24 years","20-24",34,1808479,1.88
,"Primary and Secondary Syphilis","310","2009","2009","Hispanic","Hispanic","Female","F","25-29 years","25-29",22,1858213,1.18
,"Primary and Secondary Syphilis","310","2009","2009","Hispanic","Hispanic","Female","F","30-34 years","30-34",18,1801276,1.00
,"Primary and Secondary Syphilis","310","2009","2009","Hispanic","Hispanic","Female","F","35-39 years","35-39",21,1725855,1.22
,"Primary and Secondary Syphilis","310","2009","2009","Hispanic","Hispanic","Female","F","40+ years","40+",29,7162924,0.40
,"Primary and Secondary Syphilis","310","2009","2009","Hispanic","Hispanic","Male","M","0-14 years","0-14",1,7292019,0.01
,"Primary and Secondary Syphilis","310","2009","2009","Hispanic","Hispanic","Male","M","15-19 years","15-19",90,2076926,4.33
,"Primary and Secondary Syphilis","310","2009","2009","Hispanic","Hispanic","Male","M","20-24 years","20-24",358,2057465,17.40
,"Primary and Secondary Syphilis","310","2009","2009","Hispanic","Hispanic","Male","M","25-29 years","25-29",369,2273503,16.23
,"Primary and Secondary Syphilis","310","2009","2009","Hispanic","Hispanic","Male","M","30-34 years","30-34",315,2212529,14.24
,"Primary and Secondary Syphilis","310","2009","2009","Hispanic","Hispanic","Male","M","35-39 years","35-39",258,2017009,12.79
,"Primary and Secondary Syphilis","310","2009","2009","Hispanic","Hispanic","Male","M","40+ years","40+",511,7016926,7.28
,"Primary and Secondary Syphilis","310","2009","2009","Hispanic","Hispanic","Male","M","Unknown","99",1,Not Applicable,Not Applicable
,"Primary and Secondary Syphilis","310","2009","2009","White","2106-3","Female","F","0-14 years","0-14",1,16736497,0.01
,"Primary and Secondary Syphilis","310","2009","2009","White","2106-3","Female","F","15-19 years","15-19",37,6227722,0.59
,"Primary and Secondary Syphilis","310","2009","2009","White","2106-3","Female","F","20-24 years","20-24",79,6385678,1.24
,"Primary and Secondary Syphilis","310","2009","2009","White","2106-3","Female","F","25-29 years","25-29",63,6394817,0.99
,"Primary and Secondary Syphilis","310","2009","2009","White","2106-3","Female","F","30-34 years","30-34",56,5795856,0.97
,"Primary and Secondary Syphilis","310","2009","2009","White","2106-3","Female","F","35-39 years","35-39",60,6240528,0.96
,"Primary and Secondary Syphilis","310","2009","2009","White","2106-3","Female","F","40+ years","40+",121,54167560,0.22
,"Primary and Secondary Syphilis","310","2009","2009","White","2106-3","Male","M","15-19 years","15-19",69,6571372,1.05
,"Primary and Secondary Syphilis","310","2009","2009","White","2106-3","Male","M","20-24 years","20-24",352,6718185,5.24
,"Primary and Secondary Syphilis","310","2009","2009","White","2106-3","Male","M","25-29 years","25-29",438,6566507,6.67
,"Primary and Secondary Syphilis","310","2009","2009","White","2106-3","Male","M","30-34 years","30-34",452,5862052,7.71
,"Primary and Secondary Syphilis","310","2009","2009","White","2106-3","Male","M","35-39 years","35-39",511,6294801,8.12
,"Primary and Secondary Syphilis","310","2009","2009","White","2106-3","Male","M","40+ years","40+",1878,48793634,3.85
,"Primary and Secondary Syphilis","310","2009","2009","White","2106-3","Unknown","U","25-29 years","25-29",1,Not Applicable,Not Applicable
,"Primary and Secondary Syphilis","310","2010","2010","Black or African American","2054-5","Female","F","0-14 years","0-14",10,4538186,0.22
,"Primary and Secondary Syphilis","310","2010","2010","Black or African American","2054-5","Female","F","15-19 years","15-19",253,1729528,14.63
,"Primary and Secondary Syphilis","310","2010","2010","Black or African American","2054-5","Female","F","20-24 years","20-24",367,1585968,23.14
,"Primary and Secondary Syphilis","310","2010","2010","Black or African American","2054-5","Female","F","25-29 years","25-29",249,1452973,17.14
,"Primary and Secondary Syphilis","310","2010","2010","Black or African American","2054-5","Female","F","30-34 years","30-34",140,1383499,10.12
,"Primary and Secondary Syphilis","310","2010","2010","Black or African American","2054-5","Female","F","35-39 years","35-39",82,1383094,5.93
,"Primary and Secondary Syphilis","310","2010","2010","Black or African American","2054-5","Female","F","40+ years","40+",194,8532399,2.27
,"Primary and Secondary Syphilis","310","2010","2010","Black or African American","2054-5","Male","M","0-14 years","0-14",5,4691285,0.11
,"Primary and Secondary Syphilis","310","2010","2010","Black or African American","2054-5","Male","M","15-19 years","15-19",425,1784193,23.82
,"Primary and Secondary Syphilis","310","2010","2010","Black or African American","2054-5","Male","M","20-24 years","20-24",1497,1547288,96.75
,"Primary and Secondary Syphilis","310","2010","2010","Black or African American","2054-5","Male","M","25-29 years","25-29",1125,1339887,83.96
,"Primary and Secondary Syphilis","310","2010","2010","Black or African American","2054-5","Male","M","30-34 years","30-34",693,1243268,55.74
,"Primary and Secondary Syphilis","310","2010","2010","Black or African American","2054-5","Male","M","35-39 years","35-39",431,1224621,35.19
,"Primary and Secondary Syphilis","310","2010","2010","Black or African American","2054-5","Male","M","40+ years","40+",1057,6956818,15.19
,"Primary and Secondary Syphilis","310","2010","2010","Black or African American","2054-5","Male","M","Unknown","99",2,Not Applicable,Not Applicable
,"Primary and Secondary Syphilis","310","2010","2010","Hispanic","Hispanic","Female","F","15-19 years","15-19",19,2182345,0.87
,"Primary and Secondary Syphilis","310","2010","2010","Hispanic","Hispanic","Female","F","20-24 years","20-24",32,2016262,1.59
,"Primary and Secondary Syphilis","310","2010","2010","Hispanic","Hispanic","Female","F","25-29 years","25-29",19,2030981,0.94
,"Primary and Secondary Syphilis","310","2010","2010","Hispanic","Hispanic","Female","F","30-34 years","30-34",15,1978672,0.76
,"Primary and Secondary Syphilis","310","2010","2010","Hispanic","Hispanic","Female","F","35-39 years","35-39",14,1883121,0.74
,"Primary and Secondary Syphilis","310","2010","2010","Hispanic","Hispanic","Female","F","40+ years","40+",19,7674916,0.25
,"Primary and Secondary Syphilis","310","2010","2010","Hispanic","Hispanic","Male","M","0-14 years","0-14",2,7350802,0.03
,"Primary and Secondary Syphilis","310","2010","2010","Hispanic","Hispanic","Male","M","15-19 years","15-19",100,2341924,4.27
,"Primary and Secondary Syphilis","310","2010","2010","Hispanic","Hispanic","Male","M","20-24 years","20-24",409,2297774,17.80
,"Primary and Secondary Syphilis","310","2010","2010","Hispanic","Hispanic","Male","M","25-29 years","25-29",396,2272389,17.43
,"Primary and Secondary Syphilis","310","2010","2010","Hispanic","Hispanic","Male","M","30-34 years","30-34",304,2140047,14.21
,"Primary and Secondary Syphilis","310","2010","2010","Hispanic","Hispanic","Male","M","35-39 years","35-39",284,1968242,14.43
,"Primary and Secondary Syphilis","310","2010","2010","Hispanic","Hispanic","Male","M","40+ years","40+",623,7205824,8.65
,"Primary and Secondary Syphilis","310","2010","2010","Hispanic","Hispanic","Male","M","Unknown","99",1,Not Applicable,Not Applicable
,"Primary and Secondary Syphilis","310","2010","2010","Hispanic","Hispanic","Unknown","U","40+ years","40+",1,Not Applicable,Not Applicable
,"Primary and Secondary Syphilis","310","2010","2010","White","2106-3","Female","F","0-14 years","0-14",1,16292984,0.01
,"Primary and Secondary Syphilis","310","2010","2010","White","2106-3","Female","F","15-19 years","15-19",28,6113764,0.46
,"Primary and Secondary Syphilis","310","2010","2010","White","2106-3","Female","F","20-24 years","20-24",56,6184687,0.91
,"Primary and Secondary Syphilis","310","2010","2010","White","2106-3","Female","F","25-29 years","25-29",46,6109464,0.75
,"Primary and Secondary Syphilis","310","2010","2010","White","2106-3","Female","F","30-34 years","30-34",34,5740741,0.59
,"Primary and Secondary Syphilis","310","2010","2010","White","2106-3","Female","F","35-39 years","35-39",40,5993499,0.67
,"Primary and Secondary Syphilis","310","2010","2010","White","2106-3","Female","F","40+ years","40+",93,54341397,0.17
,"Primary and Secondary Syphilis","310","2010","2010","White","2106-3","Female","F","Unknown","99",1,Not Applicable,Not Applicable
,"Primary and Secondary Syphilis","310","2010","2010","White","2106-3","Male","M","15-19 years","15-19",66,6428840,1.03
,"Primary and Secondary Syphilis","310","2010","2010","White","2106-3","Male","M","20-24 years","20-24",419,6359337,6.59
,"Primary and Secondary Syphilis","310","2010","2010","White","2106-3","Male","M","25-29 years","25-29",508,6207076,8.18
,"Primary and Secondary Syphilis","310","2010","2010","White","2106-3","Male","M","30-34 years","30-34",496,5829521,8.51
,"Primary and Secondary Syphilis","310","2010","2010","White","2106-3","Male","M","35-39 years","35-39",513,6048563,8.48
,"Primary and Secondary Syphilis","310","2010","2010","White","2106-3","Male","M","40+ years","40+",1965,49367689,3.98
,"Primary and Secondary Syphilis","310","2011","2011","Black or African American","2054-5","Female","F","0-14 years","0-14",11,4542763,0.24
,"Primary and Secondary Syphilis","310","2011","2011","Black or African American","2054-5","Female","F","15-19 years","15-19",205,1674071,12.25
,"Primary and Secondary Syphilis","310","2011","2011","Black or African American","2054-5","Female","F","20-24 years","20-24",300,1670586,17.96
,"Primary and Secondary Syphilis","310","2011","2011","Black or African American","2054-5","Female","F","25-29 years","25-29",181,1465245,12.35
,"Primary and Secondary Syphilis","310","2011","2011","Black or African American","2054-5","Female","F","30-34 years","30-34",125,1424381,8.78
,"Primary and Secondary Syphilis","310","2011","2011","Black or African American","2054-5","Female","F","35-39 years","35-39",78,1344394,5.80
,"Primary and Secondary Syphilis","310","2011","2011","Black or African American","2054-5","Female","F","40+ years","40+",141,8744267,1.61
,"Primary and Secondary Syphilis","310","2011","2011","Black or African American","2054-5","Male","M","0-14 years","0-14",9,4702317,0.19
,"Primary and Secondary Syphilis","310","2011","2011","Black or African American","2054-5","Male","M","15-19 years","15-19",381,1737201,21.93
,"Primary and Secondary Syphilis","310","2011","2011","Black or African American","2054-5","Male","M","20-24 years","20-24",1491,1653152,90.19
,"Primary and Secondary Syphilis","310","2011","2011","Black or African American","2054-5","Male","M","25-29 years","25-29",1107,1367650,80.94
,"Primary and Secondary Syphilis","310","2011","2011","Black or African American","2054-5","Male","M","30-34 years","30-34",664,1285505,51.65
,"Primary and Secondary Syphilis","310","2011","2011","Black or African American","2054-5","Male","M","35-39 years","35-39",413,1193351,34.61
,"Primary and Secondary Syphilis","310","2011","2011","Black or African American","2054-5","Male","M","40+ years","40+",1008,7129381,14.14
,"Primary and Secondary Syphilis","310","2011","2011","Black or African American","2054-5","Male","M","Unknown","99",1,Not Applicable,Not Applicable
,"Primary and Secondary Syphilis","310","2011","2011","Black or African American","2054-5","Unknown","U","40+ years","40+",2,Not Applicable,Not Applicable
,"Primary and Secondary Syphilis","310","2011","2011","Hispanic","Hispanic","Female","F","15-19 years","15-19",20,2211932,0.90
,"Primary and Secondary Syphilis","310","2011","2011","Hispanic","Hispanic","Female","F","20-24 years","20-24",36,2100721,1.71
,"Primary and Secondary Syphilis","310","2011","2011","Hispanic","Hispanic","Female","F","25-29 years","25-29",24,2045864,1.17
,"Primary and Secondary Syphilis","310","2011","2011","Hispanic","Hispanic","Female","F","30-34 years","30-34",24,2022755,1.19
,"Primary and Secondary Syphilis","310","2011","2011","Hispanic","Hispanic","Female","F","35-39 years","35-39",11,1916071,0.57
,"Primary and Secondary Syphilis","310","2011","2011","Hispanic","Hispanic","Female","F","40+ years","40+",27,8088514,0.33
,"Primary and Secondary Syphilis","310","2011","2011","Hispanic","Hispanic","Male","M","0-14 years","0-14",2,7516198,0.03
,"Primary and Secondary Syphilis","310","2011","2011","Hispanic","Hispanic","Male","M","15-19 years","15-19",95,2368048,4.01
,"Primary and Secondary Syphilis","310","2011","2011","Hispanic","Hispanic","Male","M","20-24 years","20-24",432,2374939,18.19
,"Primary and Secondary Syphilis","310","2011","2011","Hispanic","Hispanic","Male","M","25-29 years","25-29",428,2320595,18.44
,"Primary and Secondary Syphilis","310","2011","2011","Hispanic","Hispanic","Male","M","30-34 years","30-34",345,2213153,15.59
,"Primary and Secondary Syphilis","310","2011","2011","Hispanic","Hispanic","Male","M","35-39 years","35-39",286,2015825,14.19
,"Primary and Secondary Syphilis","310","2011","2011","Hispanic","Hispanic","Male","M","40+ years","40+",593,7626325,7.78
,"Primary and Secondary Syphilis","310","2011","2011","Hispanic","Hispanic","Unknown","U","20-24 years","20-24",1,Not Applicable,Not Applicable
,"Primary and Secondary Syphilis","310","2011","2011","Hispanic","Hispanic","Unknown","U","30-34 years","30-34",2,Not Applicable,Not Applicable
,"Primary and Secondary Syphilis","310","2011","2011","Hispanic","Hispanic","Unknown","U","35-39 years","35-39",1,Not Applicable,Not Applicable
,"Primary and Secondary Syphilis","310","2011","2011","Hispanic","Hispanic","Unknown","U","40+ years","40+",3,Not Applicable,Not Applicable
,"Primary and Secondary Syphilis","310","2011","2011","White","2106-3","Female","F","0-14 years","0-14",2,16231459,0.01
,"Primary and Secondary Syphilis","310","2011","2011","White","2106-3","Female","F","15-19 years","15-19",23,5986820,0.38
,"Primary and Secondary Syphilis","310","2011","2011","White","2106-3","Female","F","20-24 years","20-24",55,6315282,0.87
,"Primary and Secondary Syphilis","310","2011","2011","White","2106-3","Female","F","25-29 years","25-29",54,6176770,0.87
,"Primary and Secondary Syphilis","310","2011","2011","White","2106-3","Female","F","30-34 years","30-34",32,5938785,0.54
,"Primary and Secondary Syphilis","310","2011","2011","White","2106-3","Female","F","35-39 years","35-39",22,5734456,0.38
,"Primary and Secondary Syphilis","310","2011","2011","White","2106-3","Female","F","40+ years","40+",73,55157398,0.13
,"Primary and Secondary Syphilis","310","2011","2011","White","2106-3","Male","M","0-14 years","0-14",1,17063530,0.01
,"Primary and Secondary Syphilis","310","2011","2011","White","2106-3","Male","M","15-19 years","15-19",87,6331742,1.37
,"Primary and Secondary Syphilis","310","2011","2011","White","2106-3","Male","M","20-24 years","20-24",510,6507371,7.84
,"Primary and Secondary Syphilis","310","2011","2011","White","2106-3","Male","M","25-29 years","25-29",594,6289530,9.44
,"Primary and Secondary Syphilis","310","2011","2011","White","2106-3","Male","M","30-34 years","30-34",506,6031564,8.39
,"Primary and Secondary Syphilis","310","2011","2011","White","2106-3","Male","M","35-39 years","35-39",465,5794271,8.03
,"Primary and Secondary Syphilis","310","2011","2011","White","2106-3","Male","M","40+ years","40+",2158,50252553,4.29
,"Primary and Secondary Syphilis","310","2011","2011","White","2106-3","Unknown","U","40+ years","40+",1,Not Applicable,Not Applicable
,"Primary and Secondary Syphilis","310","2012","2012","Black or African American","2054-5","Female","F","0-14 years","0-14",2,4542000,0.04
,"Primary and Secondary Syphilis","310","2012","2012","Black or African American","2054-5","Female","F","15-19 years","15-19",166,1634974,10.15
,"Primary and Secondary Syphilis","310","2012","2012","Black or African American","2054-5","Female","F","20-24 years","20-24",291,1731048,16.81
,"Primary and Secondary Syphilis","310","2012","2012","Black or African American","2054-5","Female","F","25-29 years","25-29",170,1482481,11.47
,"Primary and Secondary Syphilis","310","2012","2012","Black or African American","2054-5","Female","F","30-34 years","30-34",109,1449970,7.52
,"Primary and Secondary Syphilis","310","2012","2012","Black or African American","2054-5","Female","F","35-39 years","35-39",68,1338373,5.08
,"Primary and Secondary Syphilis","310","2012","2012","Black or African American","2054-5","Female","F","40+ years","40+",123,8905202,1.38
,"Primary and Secondary Syphilis","310","2012","2012","Black or African American","2054-5","Female","F","Unknown","99",2,Not Applicable,Not Applicable
,"Primary and Secondary Syphilis","310","2012","2012","Black or African American","2054-5","Male","M","0-14 years","0-14",4,4702387,0.09
,"Primary and Secondary Syphilis","310","2012","2012","Black or African American","2054-5","Male","M","15-19 years","15-19",373,1694004,22.02
,"Primary and Secondary Syphilis","310","2012","2012","Black or African American","2054-5","Male","M","20-24 years","20-24",1524,1736584,87.76
,"Primary and Secondary Syphilis","310","2012","2012","Black or African American","2054-5","Male","M","25-29 years","25-29",1226,1400122,87.56
,"Primary and Secondary Syphilis","310","2012","2012","Black or African American","2054-5","Male","M","30-34 years","30-34",762,1315666,57.92
,"Primary and Secondary Syphilis","310","2012","2012","Black or African American","2054-5","Male","M","35-39 years","35-39",430,1189476,36.15
,"Primary and Secondary Syphilis","310","2012","2012","Black or African American","2054-5","Male","M","40+ years","40+",1045,7261064,14.39
,"Primary and Secondary Syphilis","310","2012","2012","Black or African American","2054-5","Male","M","Unknown","99",5,Not Applicable,Not Applicable
,"Primary and Secondary Syphilis","310","2012","2012","Black or African American","2054-5","Unknown","U","20-24 years","20-24",1,Not Applicable,Not Applicable
,"Primary and Secondary Syphilis","310","2012","2012","Black or African American","2054-5","Unknown","U","30-34 years","30-34",2,Not Applicable,Not Applicable
,"Primary and Secondary Syphilis","310","2012","2012","Hispanic","Hispanic","Female","F","15-19 years","15-19",33,2216726,1.49
,"Primary and Secondary Syphilis","310","2012","2012","Hispanic","Hispanic","Female","F","20-24 years","20-24",42,2161870,1.94
,"Primary and Secondary Syphilis","310","2012","2012","Hispanic","Hispanic","Female","F","25-29 years","25-29",40,2042328,1.96
,"Primary and Secondary Syphilis","310","2012","2012","Hispanic","Hispanic","Female","F","30-34 years","30-34",27,2047509,1.32
,"Primary and Secondary Syphilis","310","2012","2012","Hispanic","Hispanic","Female","F","35-39 years","35-39",18,1935966,0.93
,"Primary and Secondary Syphilis","310","2012","2012","Hispanic","Hispanic","Female","F","40+ years","40+",33,8396773,0.39
,"Primary and Secondary Syphilis","310","2012","2012","Hispanic","Hispanic","Male","M","15-19 years","15-19",136,2360697,5.76
,"Primary and Secondary Syphilis","310","2012","2012","Hispanic","Hispanic","Male","M","20-24 years","20-24",598,2419870,24.71
,"Primary and Secondary Syphilis","310","2012","2012","Hispanic","Hispanic","Male","M","25-29 years","25-29",561,2324368,24.14
,"Primary and Secondary Syphilis","310","2012","2012","Hispanic","Hispanic","Male","M","30-34 years","30-34",465,2252518,20.64
,"Primary and Secondary Syphilis","310","2012","2012","Hispanic","Hispanic","Male","M","35-39 years","35-39",326,2044950,15.94
,"Primary and Secondary Syphilis","310","2012","2012","Hispanic","Hispanic","Male","M","40+ years","40+",795,7928624,10.03
,"Primary and Secondary Syphilis","310","2012","2012","Hispanic","Hispanic","Male","M","Unknown","99",8,Not Applicable,Not Applicable
,"Primary and Secondary Syphilis","310","2012","2012","Hispanic","Hispanic","Unknown","U","15-19 years","15-19",1,Not Applicable,Not Applicable
,"Primary and Secondary Syphilis","310","2012","2012","Hispanic","Hispanic","Unknown","U","20-24 years","20-24",2,Not Applicable,Not Applicable
,"Primary and Secondary Syphilis","310","2012","2012","Hispanic","Hispanic","Unknown","U","25-29 years","25-29",2,Not Applicable,Not Applicable
,"Primary and Secondary Syphilis","310","2012","2012","Hispanic","Hispanic","Unknown","U","30-34 years","30-34",1,Not Applicable,Not Applicable
,"Primary and Secondary Syphilis","310","2012","2012","Hispanic","Hispanic","Unknown","U","40+ years","40+",1,Not Applicable,Not Applicable
,"Primary and Secondary Syphilis","310","2012","2012","White","2106-3","Female","F","0-14 years","0-14",1,16074938,0.01
,"Primary and Secondary Syphilis","310","2012","2012","White","2106-3","Female","F","15-19 years","15-19",30,5879238,0.51
,"Primary and Secondary Syphilis","310","2012","2012","White","2106-3","Female","F","20-24 years","20-24",65,6352533,1.02
,"Primary and Secondary Syphilis","310","2012","2012","White","2106-3","Female","F","25-29 years","25-29",50,6168334,0.81
,"Primary and Secondary Syphilis","310","2012","2012","White","2106-3","Female","F","30-34 years","30-34",40,6032501,0.66
,"Primary and Secondary Syphilis","310","2012","2012","White","2106-3","Female","F","35-39 years","35-39",26,5641567,0.46
,"Primary and Secondary Syphilis","310","2012","2012","White","2106-3","Female","F","40+ years","40+",62,55333996,0.11
,"Primary and Secondary Syphilis","310","2012","2012","White","2106-3","Male","M","0-14 years","0-14",2,16905226,0.01
,"Primary and Secondary Syphilis","310","2012","2012","White","2106-3","Male","M","15-19 years","15-19",100,6214746,1.61
,"Primary and Secondary Syphilis","310","2012","2012","White","2106-3","Male","M","20-24 years","20-24",569,6582670,8.64
,"Primary and Secondary Syphilis","310","2012","2012","White","2106-3","Male","M","25-29 years","25-29",673,6303779,10.68
,"Primary and Secondary Syphilis","310","2012","2012","White","2106-3","Male","M","30-34 years","30-34",640,6130426,10.44
,"Primary and Secondary Syphilis","310","2012","2012","White","2106-3","Male","M","35-39 years","35-39",567,5707104,9.93
,"Primary and Secondary Syphilis","310","2012","2012","White","2106-3","Male","M","40+ years","40+",2375,50481538,4.70
,"Primary and Secondary Syphilis","310","2012","2012","White","2106-3","Male","M","Unknown","99",4,Not Applicable,Not Applicable
,"Primary and Secondary Syphilis","310","2012","2012","White","2106-3","Unknown","U","40+ years","40+",3,Not Applicable,Not Applicable
,"Primary and Secondary Syphilis","310","2013","2013","Black or African American","2054-5","Female","F","0-14 years","0-14",8,4537273,0.18
,"Primary and Secondary Syphilis","310","2013","2013","Black or African American","2054-5","Female","F","15-19 years","15-19",133,1601438,8.31
,"Primary and Secondary Syphilis","310","2013","2013","Black or African American","2054-5","Female","F","20-24 years","20-24",274,1769201,15.49
,"Primary and Secondary Syphilis","310","2013","2013","Black or African American","2054-5","Female","F","25-29 years","25-29",168,1509953,11.13
,"Primary and Secondary Syphilis","310","2013","2013","Black or African American","2054-5","Female","F","30-34 years","30-34",95,1470070,6.46
,"Primary and Secondary Syphilis","310","2013","2013","Black or African American","2054-5","Female","F","35-39 years","35-39",63,1343728,4.69
,"Primary and Secondary Syphilis","310","2013","2013","Black or African American","2054-5","Female","F","40+ years","40+",127,9051280,1.40
,"Primary and Secondary Syphilis","310","2013","2013","Black or African American","2054-5","Female","F","Unknown","99",1,Not Applicable,Not Applicable
,"Primary and Secondary Syphilis","310","2013","2013","Black or African American","2054-5","Male","M","0-14 years","0-14",6,4693591,0.13
,"Primary and Secondary Syphilis","310","2013","2013","Black or African American","2054-5","Male","M","15-19 years","15-19",356,1655006,21.51
,"Primary and Secondary Syphilis","310","2013","2013","Black or African American","2054-5","Male","M","20-24 years","20-24",1604,1792772,89.47
,"Primary and Secondary Syphilis","310","2013","2013","Black or African American","2054-5","Male","M","25-29 years","25-29",1330,1441698,92.25
,"Primary and Secondary Syphilis","310","2013","2013","Black or African American","2054-5","Male","M","30-34 years","30-34",821,1341063,61.22
,"Primary and Secondary Syphilis","310","2013","2013","Black or African American","2054-5","Male","M","35-39 years","35-39",508,1199266,42.36
,"Primary and Secondary Syphilis","310","2013","2013","Black or African American","2054-5","Male","M","40+ years","40+",1058,7375834,14.34
,"Primary and Secondary Syphilis","310","2013","2013","Black or African American","2054-5","Unknown","U","25-29 years","25-29",5,Not Applicable,Not Applicable
,"Primary and Secondary Syphilis","310","2013","2013","Black or African American","2054-5","Unknown","U","30-34 years","30-34",2,Not Applicable,Not Applicable
,"Primary and Secondary Syphilis","310","2013","2013","Hispanic","Hispanic","Female","F","0-14 years","0-14",1,7344298,0.01
,"Primary and Secondary Syphilis","310","2013","2013","Hispanic","Hispanic","Female","F","15-19 years","15-19",25,2228715,1.12
,"Primary and Secondary Syphilis","310","2013","2013","Hispanic","Hispanic","Female","F","20-24 years","20-24",51,2214294,2.30
,"Primary and Secondary Syphilis","310","2013","2013","Hispanic","Hispanic","Female","F","25-29 years","25-29",46,2048475,2.25
,"Primary and Secondary Syphilis","310","2013","2013","Hispanic","Hispanic","Female","F","30-34 years","30-34",26,2070551,1.26
,"Primary and Secondary Syphilis","310","2013","2013","Hispanic","Hispanic","Female","F","35-39 years","35-39",20,1956766,1.02
,"Primary and Secondary Syphilis","310","2013","2013","Hispanic","Hispanic","Female","F","40+ years","40+",41,8715353,0.47
,"Primary and Secondary Syphilis","310","2013","2013","Hispanic","Hispanic","Male","M","0-14 years","0-14",6,7648904,0.08
,"Primary and Secondary Syphilis","310","2013","2013","Hispanic","Hispanic","Male","M","15-19 years","15-19",173,2364207,7.32
,"Primary and Secondary Syphilis","310","2013","2013","Hispanic","Hispanic","Male","M","20-24 years","20-24",655,2455528,26.67
,"Primary and Secondary Syphilis","310","2013","2013","Hispanic","Hispanic","Male","M","25-29 years","25-29",691,2341563,29.51
,"Primary and Secondary Syphilis","310","2013","2013","Hispanic","Hispanic","Male","M","30-34 years","30-34",509,2290516,22.22
,"Primary and Secondary Syphilis","310","2013","2013","Hispanic","Hispanic","Male","M","35-39 years","35-39",379,2082674,18.20
,"Primary and Secondary Syphilis","310","2013","2013","Hispanic","Hispanic","Male","M","40+ years","40+",830,8242576,10.07
,"Primary and Secondary Syphilis","310","2013","2013","Hispanic","Hispanic","Male","M","Unknown","99",3,Not Applicable,Not Applicable
,"Primary and Secondary Syphilis","310","2013","2013","Hispanic","Hispanic","Unknown","U","20-24 years","20-24",1,Not Applicable,Not Applicable
,"Primary and Secondary Syphilis","310","2013","2013","Hispanic","Hispanic","Unknown","U","30-34 years","30-34",1,Not Applicable,Not Applicable
,"Primary and Secondary Syphilis","310","2013","2013","White","2106-3","Female","F","0-14 years","0-14",1,15939308,0.01
,"Primary and Secondary Syphilis","310","2013","2013","White","2106-3","Female","F","15-19 years","15-19",27,5797803,0.47
,"Primary and Secondary Syphilis","310","2013","2013","White","2106-3","Female","F","20-24 years","20-24",71,6325175,1.12
,"Primary and Secondary Syphilis","310","2013","2013","White","2106-3","Female","F","25-29 years","25-29",55,6175865,0.89
,"Primary and Secondary Syphilis","310","2013","2013","White","2106-3","Female","F","30-34 years","30-34",39,6116084,0.64
,"Primary and Secondary Syphilis","310","2013","2013","White","2106-3","Female","F","35-39 years","35-39",31,5643245,0.55
,"Primary and Secondary Syphilis","310","2013","2013","White","2106-3","Female","F","40+ years","40+",78,55438714,0.14
,"Primary and Secondary Syphilis","310","2013","2013","White","2106-3","Female","F","Unknown","99",1,Not Applicable,Not Applicable
,"Primary and Secondary Syphilis","310","2013","2013","White","2106-3","Male","M","0-14 years","0-14",1,16761864,0.01
,"Primary and Secondary Syphilis","310","2013","2013","White","2106-3","Male","M","15-19 years","15-19",109,6120088,1.78
,"Primary and Secondary Syphilis","310","2013","2013","White","2106-3","Male","M","20-24 years","20-24",697,6597164,10.57
,"Primary and Secondary Syphilis","310","2013","2013","White","2106-3","Male","M","25-29 years","25-29",790,6326832,12.49
,"Primary and Secondary Syphilis","310","2013","2013","White","2106-3","Male","M","30-34 years","30-34",734,6216243,11.81
,"Primary and Secondary Syphilis","310","2013","2013","White","2106-3","Male","M","35-39 years","35-39",612,5716944,10.71
,"Primary and Secondary Syphilis","310","2013","2013","White","2106-3","Male","M","40+ years","40+",2600,50652351,5.13
,"Primary and Secondary Syphilis","310","2013","2013","White","2106-3","Male","M","Unknown","99",3,Not Applicable,Not Applicable
,"Primary and Secondary Syphilis","310","2013","2013","White","2106-3","Unknown","U","25-29 years","25-29",1,Not Applicable,Not Applicable
,"Primary and Secondary Syphilis","310","2013","2013","White","2106-3","Unknown","U","35-39 years","35-39",1,Not Applicable,Not Applicable
,"Primary and Secondary Syphilis","310","2014","2014","Black or African American","2054-5","Female","F","0-14 years","0-14",5,4539620,0.11
,"Primary and Secondary Syphilis","310","2014","2014","Black or African American","2054-5","Female","F","15-19 years","15-19",157,1602497,9.80
,"Primary and Secondary Syphilis","310","2014","2014","Black or African American","2054-5","Female","F","20-24 years","20-24",306,1770138,17.29
,"Primary and Secondary Syphilis","310","2014","2014","Black or African American","2054-5","Female","F","25-29 years","25-29",168,1510526,11.12
,"Primary and Secondary Syphilis","310","2014","2014","Black or African American","2054-5","Female","F","30-34 years","30-34",115,1470609,7.82
,"Primary and Secondary Syphilis","310","2014","2014","Black or African American","2054-5","Female","F","35-39 years","35-39",67,1344139,4.98
,"Primary and Secondary Syphilis","310","2014","2014","Black or African American","2054-5","Female","F","40+ years","40+",102,9054285,1.13
,"Primary and Secondary Syphilis","310","2014","2014","Black or African American","2054-5","Male","M","0-14 years","0-14",2,4696131,0.04
,"Primary and Secondary Syphilis","310","2014","2014","Black or African American","2054-5","Male","M","15-19 years","15-19",374,1656160,22.58
,"Primary and Secondary Syphilis","310","2014","2014","Black or African American","2054-5","Male","M","20-24 years","20-24",1758,1794159,97.98
,"Primary and Secondary Syphilis","310","2014","2014","Black or African American","2054-5","Male","M","25-29 years","25-29",1627,1442576,112.78
,"Primary and Secondary Syphilis","310","2014","2014","Black or African American","2054-5","Male","M","30-34 years","30-34",916,1341923,68.26
,"Primary and Secondary Syphilis","310","2014","2014","Black or African American","2054-5","Male","M","35-39 years","35-39",507,1199943,42.25
,"Primary and Secondary Syphilis","310","2014","2014","Black or African American","2054-5","Male","M","40+ years","40+",1141,7379380,15.46
,"Primary and Secondary Syphilis","310","2014","2014","Black or African American","2054-5","Male","M","Unknown","99",3,Not Applicable,Not Applicable
,"Primary and Secondary Syphilis","310","2014","2014","Black or African American","2054-5","Unknown","U","20-24 years","20-24",1,Not Applicable,Not Applicable
,"Primary and Secondary Syphilis","310","2014","2014","Black or African American","2054-5","Unknown","U","25-29 years","25-29",3,Not Applicable,Not Applicable
,"Primary and Secondary Syphilis","310","2014","2014","Black or African American","2054-5","Unknown","U","30-34 years","30-34",3,Not Applicable,Not Applicable
,"Primary and Secondary Syphilis","310","2014","2014","Black or African American","2054-5","Unknown","U","40+ years","40+",1,Not Applicable,Not Applicable
,"Primary and Secondary Syphilis","310","2014","2014","Hispanic","Hispanic","Female","F","0-14 years","0-14",1,7353615,0.01
,"Primary and Secondary Syphilis","310","2014","2014","Hispanic","Hispanic","Female","F","15-19 years","15-19",38,2231682,1.70
,"Primary and Secondary Syphilis","310","2014","2014","Hispanic","Hispanic","Female","F","20-24 years","20-24",72,2217120,3.25
,"Primary and Secondary Syphilis","310","2014","2014","Hispanic","Hispanic","Female","F","25-29 years","25-29",65,2051037,3.17
,"Primary and Secondary Syphilis","310","2014","2014","Hispanic","Hispanic","Female","F","30-34 years","30-34",42,2072946,2.03
,"Primary and Secondary Syphilis","310","2014","2014","Hispanic","Hispanic","Female","F","35-39 years","35-39",30,1958877,1.53
,"Primary and Secondary Syphilis","310","2014","2014","Hispanic","Hispanic","Female","F","40+ years","40+",48,8725201,0.55
,"Primary and Secondary Syphilis","310","2014","2014","Hispanic","Hispanic","Male","M","0-14 years","0-14",2,7658650,0.03
,"Primary and Secondary Syphilis","310","2014","2014","Hispanic","Hispanic","Male","M","15-19 years","15-19",202,2367336,8.53
,"Primary and Secondary Syphilis","310","2014","2014","Hispanic","Hispanic","Male","M","20-24 years","20-24",774,2458793,31.48
,"Primary and Secondary Syphilis","310","2014","2014","Hispanic","Hispanic","Male","M","25-29 years","25-29",787,2344707,33.56
,"Primary and Secondary Syphilis","310","2014","2014","Hispanic","Hispanic","Male","M","30-34 years","30-34",566,2293531,24.68
,"Primary and Secondary Syphilis","310","2014","2014","Hispanic","Hispanic","Male","M","35-39 years","35-39",465,2085058,22.30
,"Primary and Secondary Syphilis","310","2014","2014","Hispanic","Hispanic","Male","M","40+ years","40+",942,8252817,11.41
,"Primary and Secondary Syphilis","310","2014","2014","Hispanic","Hispanic","Unknown","U","25-29 years","25-29",1,Not Applicable,Not Applicable
,"Primary and Secondary Syphilis","310","2014","2014","Hispanic","Hispanic","Unknown","U","40+ years","40+",1,Not Applicable,Not Applicable
,"Primary and Secondary Syphilis","310","2014","2014","White","2106-3","Female","F","15-19 years","15-19",41,5832383,0.70
,"Primary and Secondary Syphilis","310","2014","2014","White","2106-3","Female","F","20-24 years","20-24",92,6361813,1.45
,"Primary and Secondary Syphilis","310","2014","2014","White","2106-3","Female","F","25-29 years","25-29",94,6208491,1.51
,"Primary and Secondary Syphilis","310","2014","2014","White","2106-3","Female","F","30-34 years","30-34",69,6149466,1.12
,"Primary and Secondary Syphilis","310","2014","2014","White","2106-3","Female","F","35-39 years","35-39",54,5673580,0.95
,"Primary and Secondary Syphilis","310","2014","2014","White","2106-3","Female","F","40+ years","40+",100,55727294,0.18
,"Primary and Secondary Syphilis","310","2014","2014","White","2106-3","Male","M","15-19 years","15-19",112,6156891,1.82
,"Primary and Secondary Syphilis","310","2014","2014","White","2106-3","Male","M","20-24 years","20-24",798,6637157,12.02
,"Primary and Secondary Syphilis","310","2014","2014","White","2106-3","Male","M","25-29 years","25-29",948,6361222,14.90
,"Primary and Secondary Syphilis","310","2014","2014","White","2106-3","Male","M","30-34 years","30-34",858,6250584,13.73
,"Primary and Secondary Syphilis","310","2014","2014","White","2106-3","Male","M","35-39 years","35-39",684,5747969,11.90
,"Primary and Secondary Syphilis","310","2014","2014","White","2106-3","Male","M","40+ years","40+",2889,50926628,5.67
,"Primary and Secondary Syphilis","310","2014","2014","White","2106-3","Male","M","Unknown","99",2,Not Applicable,Not Applicable
,"Primary and Secondary Syphilis","310","2014","2014","White","2106-3","Unknown","U","40+ years","40+",1,Not Applicable,Not Applicable
"---"
"Dataset: Selected STDs by Age, Race/Ethnicity, and Sex, 1996-2014"
"Query Parameters:"
"Title: cdc_std_morbidity_data_AA_hispanic_white"
"Race/Ethnicity: Black or African American; Hispanic; White"
"State: The United States and D.C. (00)"
"Group By: Disease; Year; Race/Ethnicity; Sex; Age"
"Show Totals: False"
"Show Zero Values: False"
"Show Suppressed: False"
"Calculate Rates Per: 100,000"
"---"
"Help: See http://wonder.cdc.gov/wonder/help/std-race-age-frame.html for more information."
"---"
"Query Date: Mar 4, 2026 12:12:47 AM"
"---"
"Suggested Citation: US Department of Health and Human Services, Centers for Disease Control and Prevention, National Center for"
"HIV, STD and TB Prevention (NCHSTP), Division of STD/HIV Prevention, Sexually Transmitted Disease Morbidity for selected STDs by"
"age, race/ethnicity and sex 1996-2014, CDC WONDER Online Database. Accessed at http://wonder.cdc.gov/std-race-age.html on Mar 4,"
"2026 12:12:47 AM"
"---"
Messages:
"1. Rows with zero STD Cases are hidden. Use Quick Options above to show zero rows."
"---"
Caveats:
"1. 'Not Applicable' is displayed for Population when it is not available, or for Rate when it cannot be calculated due to lack"
"of denominator population."
"2. Prior to 2003, some reporting entities reported summary cases through paper forms. Reporting entities differed in their"
"ability to reconcile differences in total cases derived from summary hardcopy monthly, quarterly, and annual reports. Thus,"
"there may be discrepancies when comparing the total number of cases reported through different data sources. This application"
"includes data for age, race/ethnicity and sex reported on form CDC 73.2638 reports for years 1996-2002. More information:"
"http://wonder.cdc.gov/wonder/help/std-race-age-frame.html#Reporting Issues."
"3. Chlamydia was not reported for all of New York state in years 1996-1999. More information:"
"http://wonder.cdc.gov/wonder/help/std-race-age-frame.html#Chlamydia."
"4. Please see help file for specifics about reporting irregularities and population data. More information:"
"http://wonder.cdc.gov/wonder/help/std-race-age-frame.html#About Rates."
"5. The denominator population used to compute the overall U.S. rate varies from year to year and from disease to disease, due to"
"changes in reporting status for specific diseases and locations. More information:"
"http://wonder.cdc.gov/wonder/help/std-race-age-frame.html#Reporting Issues."
"6. The denominator populations for the United States shown are the bridged-race postcensal July 1st population estimates for the"
"years 2000-2009 and 2011-2014, the bridged-race April 1st, 2010 estimates, and the bridged-race intracensal July 1st population"
"estimates for years 1990-1999, as published by NCHS. The rates shown here may differ somewhat from previous publications, due to"
"differences in the denominator population. More information:"
"http://wonder.cdc.gov/wonder/help/std-race-age-frame.html#Population."
"7. Impact of reported cases with missing demographic data on STD rates: when reviewing STD rates by demographic subgroup, e.g.,"
"by age group, sex, or race/ethnicity, note the number and percentage of reported STD cases that have missing data for the"
"subgroup of interest. Rates by age group, sex, or race/ethnicity are calculated using only cases with known information in the"
"numerator divided by the comparable U.S. Census population by year and subgroup. When information is unknown, the cases do not"
"contribute to the numerator and therefore subgroup-specific rates are underestimates of the actual subgroup rate."
"8. Counts and rates shown for the ""All"" age groups category represent cases for all ages and persons of unknown age. More"
"information: http://wonder.cdc.gov/wonder/help/std-race-age-frame.html#About Rates."
"9. Race categories presented in these data are ""bridged-race"" categories and may differ from race categories in other STD"
"reports. More information: http://wonder.cdc.gov/wonder/help/std-race-age-frame.html#Population."
"10. If the total number of cases in a state in a year for a given disease is <4, then race information will be suppressed for"
"all cases of that disease in that state in that year. This is accomplished by recoding Race to the ""Race Suppressed"" category"
"for those cases of that disease in that state in that year. More information:"
"http://wonder.cdc.gov/wonder/help/std-race-age-frame.html#Suppressed."